Date,Open,High,Low,Close,Volume
2019-09-09,214.83989633692,216.43240773635,211.06368889523,214.16212613674,27309401.495665
2019-09-10,213.8679838127,216.77584997104,211.71287343293,216.69340726331,31777930.801342
2019-09-11,218.07753332614,223.71180882883,217.74237679073,223.59415189921,44289646.30521
2019-09-12,224.80593541725,226.42703247917,222.85009610489,223.0833385393,32226669.511189
2019-09-13,220.0006441264,220.80974265998,217.01572096487,218.74701782705,39763294.480943
2019-09-16,217.74237679073,220.13197245981,217.57210567076,219.89790145547,21158140.829855
2019-09-17,219.95921563005,220.83832832246,219.10993145502,220.71487140336,18386468.185775
2019-09-18,221.07405646665,222.83808184095,219.42934516182,222.75688198812,25643092.406675
2019-09-19,222.00992619905,223.75655160488,220.37598630327,220.97628521528,22187876.972015
2019-09-20,221.38021305463,222.54435380187,217.47764869909,217.74237679073,57977094.077911
2019-09-23,218.94338889972,219.83824442073,217.66076265293,218.71511788487,19419648.575557
2019-09-24,221.04588508914,222.47143964831,217.19220635929,217.69349116504,31434365.592456
2019-09-25,218.54691818971,221.5028414038,217.138763599,221.04588508914,22481005.882593
2019-09-26,220.0006441264,220.95598525207,218.82076055054,219.88588719153,19088312.871595
2019-09-27,220.55205741273,220.97628521528,217.28583476102,218.82076055054,25361284.447649
2019-09-30,220.91497104069,224.58180725204,220.80974265998,223.96576551141,26318583.493006
2019-10-01,225.08392062772,228.22751493024,224.19776509093,224.59382151598,36187162.999548
2019-10-02,223.05433859186,223.58172335031,217.93957643332,218.95167459899,35767257.100578
2019-10-03,218.42801840521,220.97628521528,215.13818151059,220.83832832246,30352685.976843
2019-10-04,225.63864819375,227.48014485621,223.88373708865,226.99543144899,34755552.991099
2019-10-07,226.27540418255,229.93022612995,225.84289068073,227.04721706942,30889269.535556
2019-10-08,225.82300500248,228.06387236969,224.32867913938,224.40200757791,29282699.520354
2019-10-09,227.01863140695,227.79003000886,225.63864819375,227.01863140695,19029425.144177
2019-10-10,227.9300583265,230.44435376957,227.2933023377,230.09304012058,28962983.837452
2019-10-11,232.93959210433,237.64669785885,232.31029324487,236.2049861861,41990209.723909
2019-10-14,234.90661711071,238.12809698636,234.67793181089,235.86278680631,24413485.143647
2019-10-15,236.3930715595,237.65498355812,234.88714571742,235.31841636436,23040482.862109
2019-10-16,233.36381990688,235.23763079649,233.18774879742,234.38047520715,19286693.47252
2019-10-17,235.10298818337,236.14822914611,233.51047678394,235.2782307229,17272896.029602
2019-10-18,234.59631767309,237.58579796922,234.29844678439,236.40922867308,24377167.14679
2019-10-21,237.52862664427,240.98542037915,237.32852700693,240.49697840727,22367482.573395
2019-10-22,241.16190577358,242.21460386566,239.61786571486,239.96545079918,22683999.974639
2019-10-23,242.10854691502,243.24368771482,241.21949138349,243.1827878252,19932544.091338
2019-10-24,244.50559971344,244.79932775251,241.80694746164,243.59085851418,17916254.885283
2019-10-25,243.16248786199,246.73859566634,242.88035980189,246.58365309002,18369295.947756
2019-10-28,247.43252298009,249.24999111467,246.72699568737,249.04533434274,24143240.9642
2019-10-29,248.96454877487,249.74340450612,242.58248891319,243.29671619014,35709866.168976
2019-10-30,244.76287067573,245.29771256352,241.21120568422,243.264401963,31130521.352112
2019-10-31,247.25355187589,249.16837697688,237.26721283234,248.75947771797,34790520.226888
2019-11-01,249.53584773944,255.92453616054,249.16009127761,255.81516493019,37781333.337104
2019-11-04,257.32564790686,257.84391839612,255.3776800088,257.49674759676,25817951.516694
2019-11-05,257.04020556706,258.19523204511,256.31313545624,257.12057684997,19974426.132762
2019-11-06,256.76636320623,257.48846189749,255.35323719596,257.23533378484,18966124.029449
2019-11-07,258.74122502409,260.34549133252,258.11422289839,259.43720564451,23735083.542335
2019-11-08,258.68752918987,260.43512207118,256.84410989674,260.13318626493,17520494.685114
2019-11-11,258.30133222839,262.47391159188,258.28522347813,262.19758456811,20507458.969044
2019-11-12,261.54993019848,262.79897791133,260.918797624,261.95223591023,21847225.247935
2019-11-13,261.12242874914,264.78159332855,261.06501551102,264.47263575937,25817593.082078
2019-11-14,263.75558985014,264.88774586235,262.09473639334,262.64491217162,22395555.494214
2019-11-15,263.68248090663,265.77083581276,263.01541342771,265.74605312005,25093665.452173
2019-11-18,265.78735760791,267.43168926956,264.22770014636,267.10249250133,21700895.870346
2019-11-19,267.90834305945,268.00540860592,265.39289974886,266.28838104563,19069597.054301
2019-11-20,265.53498718709,266.07194552925,260.39381758332,263.19797926405,26609919.57483
2019-11-21,263.6907418042,264.00424286705,261.17571153848,262.00180129566,30348777.941219
2019-11-22,262.59617287594,263.18600096257,260.83701473804,261.77380052268,16331262.653766
2019-11-25,262.71843416001,266.43088152875,262.52223784268,266.36479434817,21029517.978073
2019-11-26,266.93768759477,267.15990573945,262.50199864363,264.28883078839,26334881.423071
2019-11-27,265.57546558519,267.98888681078,265.3111168629,267.84349501352,16289256.08039
2019-11-29,266.58949076212,268.00540860592,265.89309709683,267.2516017025,11654363.604424
2019-12-02,267.27225394643,268.24580072526,263.45034968486,264.1595477414,23693548.588412
2019-12-03,258.31372357475,259.53881468464,256.27906450283,259.45744484356,29377268.740155
2019-12-04,261.06501551102,263.31280574029,260.67923159442,261.74571347093,16810386.860988
2019-12-05,263.79276388921,265.88070575047,262.73454291027,265.57546558519,18661342.38576
2019-12-06,267.48084161012,270.99791875129,267.30488449184,270.7120916953,26547492.944367
2019-12-09,270.00454581828,270.80585288274,264.91665900385,266.91497012645,32182645.008137
2019-12-10,268.60019323109,270.07435040276,265.85179260897,268.47793194703,22632382.54394
2019-12-11,268.81125916405,271.09952779142,268.4977581012,270.77363538221,19723391.385134
2019-12-12,267.78566873051,272.55592403332,267.32140628698,271.46135510506,34437042.165136
2019-12-13,271.46135510506,275.30391161056,270.92852721168,275.15769372354,33432806.253971
2019-12-16,276.98913471519,280.79534327137,276.97261292005,279.86723142919,32081104.226071
2019-12-17,279.57396956539,281.7767379029,278.80074955268,280.40501586111,28575797.962615
2019-12-18,279.80610078716,281.90230354599,279.12664196188,279.74868754903,29024687.440762
2019-12-19,279.50912151945,281.17823587382,278.95522833727,280.02171021378,24626947.644996
2019-12-20,282.22778291031,282.64371910305,278.55664002943,279.4484039223,69032742.876589
2019-12-23,280.52645105541,284.24715932173,280.36412441813,284.00718024727,24677882.788102
2019-12-24,284.69407388036,284.89481369135,282.91219827413,284.26781156566,12119713.763606
2019-12-26,284.82542215175,289.97898310188,284.70646522672,289.90546111349,23334004.365257
2019-12-27,291.12229132581,293.96362704561,288.11449851994,289.79104768212,36592936.708717
2019-12-30,289.45730742022,292.69392708883,285.21616260689,291.5179883195,36059614.274715
2019-12-31,289.92570031254,293.66623473303,289.51430761347,293.63814768128,25247625.235472
2020-01-02,296.2341347432,300.59919302011,295.18087030281,300.35012695833,33911864.124576
2020-01-03,297.15481177758,300.58308426985,296.49972260014,297.4398127438,36633878.022547
2020-01-06,293.77651771561,299.95608214415,292.75877513477,299.79251637223,29644643.56
2020-01-07,299.83299477033,300.90402014051,297.48855203947,298.39683772749,27877655.666344
2020-01-08,297.16265963027,304.43720603195,297.15481177758,303.19228876788,33090944.855077
2020-01-09,307.23351985998,310.41231324559,306.20834247133,309.64322368166,42621542.628048
2020-01-10,310.58785731899,312.66836437243,308.25126244082,310.32309555181,35217272.393634
2020-01-13,311.63781740036,317.07637931671,311.13720700751,316.96650937901,30521722.58647
2020-01-14,316.70216065671,317.56872881199,312.1751887874,312.68034267391,40653456.489853
2020-01-15,311.84970942307,315.50102614978,309.56639733424,311.33299027996,30480882.472298
2020-01-16,313.59606316974,315.69185288369,312.09423199119,315.23626438261,27207253.697078
2020-01-17,316.26598526493,318.7413632223,315.00041575693,318.73310232473,34454117.549351
2020-01-21,317.1982275559,319.01769024607,315.99337564506,316.5712254302,27710815.200398
2020-01-22,318.57821049526,319.99495442881,317.31677143605,317.69925099362,25458114.227122
2020-01-23,317.91486042025,319.56001817166,315.64352663289,319.22545182,26117992.642592
2020-01-24,320.25971619598,323.3245091951,317.51503297777,318.30601392027,36634379.420847
2020-01-27,310.05007288707,311.76833958199,304.87668578276,308.95550395881,40485004.818843
2020-01-28,312.59897283283,318.39853597307,312.19129753766,317.69099009605,40558485.696039
2020-01-29,324.45212171364,327.84693757075,321.36626342572,324.33770828228,54149928.396412
2020-01-30,320.55669546369,324.08575090634,318.74962411987,323.86559798605,31685808.439912
2020-01-31,320.93545761735,322.68965921671,308.29174083892,309.52509284638,49897096.098845
2020-02-03,304.30709689519,313.49858457839,302.21874198905,308.6663725438,43496401.072573
2020-02-04,315.309786371,319.64056192298,313.63695461272,318.85495056391,34154133.682165
2020-02-05,323.51616201877,324.76562277649,318.94499434744,321.43978541411,29706718.896916
2020-02-06,322.57565883022,325.22575477124,320.27995539504,325.21336342488,26356385.139642
2020-02-07,322.36777442058,323.40000203479,317.9949203519,320.03341536488,29421011.857596
2020-02-10,314.18082901571,321.54858539979,313.84829101784,321.54858539979,27337214.116785
2020-02-11,323.60273895542,323.90313573417,318.71315297928,319.62299672067,23580780.014839
2020-02-12,321.46699615125,327.22480711069,321.46699615125,327.20008309598,28432573.600906
2020-02-13,324.18704983644,326.21812764501,323.34725747007,324.86943264249,23686892.393051
2020-02-14,324.74416430128,325.97830470231,322.85195304201,324.95102189104,20028447.231342
2020-02-18,315.35563178143,319.75691846702,314.61185100552,319.00530841979,38190544.659139
2020-02-19,320.00086207884,324.57274446595,320.00086207884,323.6192216319,23495991.357962
2020-02-20,322.62820070887,324.65474578141,318.21001927989,320.30908812892,25141489.650793
2020-02-21,318.62414652631,320.43888920615,310.4944784222,313.04846914192,32426415.019925
2020-02-24,297.26713055144,304.17131165968,289.22729303411,298.18109496195,55548827.972127
2020-02-25,300.9514208104,302.53087328356,286.13308259295,288.07391774781,57668363.112802
2020-02-26,286.53402369819,297.89264812365,286.50600314818,292.64992080404,49678430.882799
2020-02-27,281.10957487044,286.00699011792,272.95518275162,273.51930235395,80151381.849123
2020-02-28,257.27191608617,278.41671760143,256.3699016161,273.35653592377,106721229.57249
2020-03-02,282.27077942807,301.43724769948,277.72279692185,298.79837119592,85349338.875869
2020-03-03,303.66323315736,303.99247461994,285.80342906346,289.3204201562,79868852.248593
2020-03-04,296.44340879463,303.40733960509,293.12173741812,302.74185154244,54794568.187967
2020-03-05,295.52079097898,299.55039331007,291.40753906477,292.90993502542,46893219.386891
2020-03-06,281.99098599491,290.81951958155,281.23484321165,289.02331991274,56544245.677827
2020-03-09,263.75290447592,278.09200887488,263.0017064956,266.16143557576,71686207.869873
2020-03-10,277.12983263568,286.44954998126,269.37349715372,285.34067792144,71322520.090811
2020-03-11,277.38572618795,281.22660187341,271.86279336827,275.43582556102,64094969.384189
2020-03-12,255.94011582703,270.00272332813,247.99587783325,248.23240424066,104618516.69976
2020-03-13,264.88155574751,279.91540495987,252.95922378662,277.97003706897,92683032.538261
2020-03-16,241.95374070463,259.07924156159,240.0005435424,242.21375492601,80605865.076505
2020-03-17,247.50963887726,257.61269542228,238.40502045968,252.86939319984,81013965.30285
2020-03-18,239.76525333573,250.00264369402,237.11277862408,246.66902237706,75058406.073613
2020-03-19,247.38725500443,252.85291052336,242.61222362978,244.77639905088,67964254.333076
2020-03-20,247.17998534777,251.83345698342,227.99291373076,229.23900407223,100423346.08489
2020-03-23,228.06873404254,228.49563536323,212.61334037935,224.37331797697,84188208.03467
2020-03-24,236.36199271067,247.69136038539,234.29918574989,246.87587996681,71882773.761646
2020-03-25,250.74972100522,258.24645433272,244.29304456327,245.52718496429,75900510.086363
2020-03-26,246.51779382041,258.68118492473,246.35626359096,258.436829246,63140170.081759
2020-03-27,252.7601954682,255.86635584981,247.04606360141,247.74492908393,51054152.84368
2020-03-30,250.73818313169,255.51733517546,249.40597080564,254.81022835471,41994109.941582
2020-03-31,255.59439168798,262.49362799328,252.00899748787,254.28237064061,49250501.10993
2020-04-01,246.50131114393,248.71493459445,239.11913241793,240.91780448821,44054637.432529
2020-04-02,240.33761427631,245.15014373994,236.89397109388,244.92968794209,41483492.384231
2020-04-03,242.79476927174,245.70602200404,238.97284866422,241.41805371921,32470017.161915
2020-04-06,250.89188408982,263.10637149121,249.38536746005,262.47343671459,50455070.770128
2020-04-07,270.79801246802,271.7041476072,259.00589365128,259.42867430285,50721831.087047
2020-04-08,262.73798367201,267.37085196207,261.21910503489,266.06295158382,42223820.935781
2020-04-09,268.69523501679,270.0711264355,264.7072514438,267.9971936681,40529122.866369
2020-04-13,268.32107826082,273.70555659812,265.82354070803,273.25187092816,32755730.226009
2020-04-14,279.99699420842,288.24410138241,278.05162631752,287.05446420787,48748671.445748
2020-04-15,282.39233916707,286.33540744667,280.62992898504,284.43083418005,32788640.65781
2020-04-16,287.37093159618,288.19135681769,282.34412733838,286.69720219528,39281289.601434
2020-04-17,284.68713979922,286.93990960637,276.85003920253,282.79781300834,53812478.172121
2020-04-20,277.94984579029,281.67369447278,276.84179786429,276.92173884519,32503750.03296
2020-04-21,276.27685412813,277.24273896953,265.42589613808,268.37835556157,45247892.18278
2020-04-22,273.61325360986,277.89710122557,272.19903996835,276.09430848618,29264341.185572
2020-04-23,275.87550095598,281.74333378089,274.8758266278,275.03447238887,31203581.821007
2020-04-24,277.19452714085,283.01373607015,276.9913781533,282.97335351279,31627182.685273
2020-04-27,281.79113354266,284.54085604551,279.94383757679,283.17609043343,29271893.599781
2020-04-28,285.07654303093,285.83598234949,278.20573934255,278.58278056691,28001187.350559
2020-04-29,284.72669822276,289.67397356657,283.8873179233,287.72448500656,34320204.056455
2020-04-30,289.9702496762,294.52317698536,288.34217330744,293.79958748813,45765968.237553
2020-05-01,286.25423026503,298.98957024303,285.85246502597,289.06452660393,60154174.204435
2020-05-04,289.16960366645,293.68585702046,286.31933683711,293.15387863724,33391986.359305
2020-05-05,295.05845190387,300.99551196997,294.46177901549,297.57206006622,36937794.959659
2020-05-06,300.46765425587,303.24498524182,298.85935709888,300.63866202429,35583438.460908
2020-05-07,303.22520603005,305.17469459007,301.96634161431,303.73287246546,28803763.316938
2020-05-08,305.63751981783,310.35240038523,304.28958917536,310.12555352101,33511984.905386
2020-05-11,308.10899996534,317.04684860653,307.24229700041,315.01015828211,36486560.208942
2020-05-12,317.83218258755,319.68394340309,310.90636700293,311.40485476796,40575262.356031
2020-05-13,312.15443571061,315.94918923273,303.20014889085,307.65489528243,50155638.634388
2020-05-14,304.51232649494,309.78980372378,301.5353723565,309.53377909261,39732268.715115
2020-05-15,300.3403167747,307.91009800468,300.20716752831,307.71530558866,41587094.167719
2020-05-18,313.17113705496,316.49616962454,310.32774311738,314.96084374641,33843124.756307
2020-05-19,315.03029505085,318.52957231324,313.00881004161,313.14237024247,25432384.391198
2020-05-20,316.67863340663,319.51339730046,316.20028241034,319.22942776572,27876215.490668
2020-05-21,318.66683110428,320.89461525453,315.86823120329,316.8487685548,25672210.96225
2020-05-22,315.77165690421,319.22942776572,315.35001762398,318.8936779685,20450753.873703
2020-05-26,323.50705278325,324.24348318304,316.49616962454,316.72753698787,31380454.099964
2020-05-27,316.13617351393,318.71984423015,313.08976807105,318.11615212229,28236273.874021
2020-05-28,316.76739957089,323.44582056809,315.62946665961,318.25834236689,33449102.999352
2020-05-29,319.24997548893,321.14940702232,316.46781376651,317.94272933841,38399532.249753
2020-06-01,317.75163551257,322.34446260412,317.20958657434,321.85049533819,20254652.585053
2020-06-02,320.74831546529,323.44582056809,318.93436246045,323.3447257699,21910704.190132
2020-06-03,324.66101291863,326.1959278423,322.29596997734,325.11388473814,26122803.950393
2020-06-04,324.38978297228,325.61689300229,320.78078086796,322.31610674609,21890090.227422
2020-06-05,323.35294485918,331.74833360767,323.23212424672,331.50176092917,34312550.487916
2020-06-08,330.25410317596,333.59845060536,327.31372398484,333.46201372325,23913633.642831
2020-06-09,332.14120607542,345.61517009209,332.00764587456,343.98737945953,36928090.392504
2020-06-10,347.8951454593,354.76466028233,346.08900058928,352.83646193646,41662938.093792
2020-06-11,349.30882881604,351.06689201375,335.47815632446,335.90390514934,50415612.936447
2020-06-12,344.72011126914,347.79405066111,334.22269043643,338.8003122128,50036512.5407
2020-06-15,333.24626262957,345.68421044208,332.57435208065,342.99122583838,34702230.15796
2020-06-16,351.46017543596,353.19686900153,344.72011126914,352.07948381346,41357181.833778
2020-06-17,355.14931366079,355.39999588394,351.09072737267,351.58921513771,28601626.031234
2020-06-18,351.41086090026,353.44796217914,349.22006265178,351.73099442784,24205096.105083
2020-06-19,354.63479867165,356.56669560771,345.15038059312,349.71813946235,66118951.049745
2020-06-22,351.34182055028,359.45447262742,351.15195958783,358.87132824276,33861315.822841
2020-06-23,363.99387563862,372.38597675139,362.26868879804,366.53357422718,53038869.267735
2020-06-24,364.99454975887,368.78930328099,358.51914026697,360.0544661451,48155848.458939
2020-06-25,360.69760988153,364.99454975887,357.56654781903,364.83181179106,34380627.860081
2020-06-26,364.40688487511,365.31468328645,353.01522712837,353.63453550587,51314210.791437
2020-06-29,353.24577258277,362.16759399985,351.28141024404,361.78252966693,32661519.147075
2020-06-30,360.07912341295,365.98289524519,359.99693252012,364.7923601625,35055820.914771
2020-07-01,365.11495941687,367.35918174569,363.91291760918,364.10360048055,27684309.314008
2020-07-02,367.85397092055,370.46558654034,363.64949579764,364.10360048055,28510367.015284
2020-07-06,369.99257795208,375.77183058167,369.86641493158,373.8481527349,29663912.824696
2020-07-07,375.40649206303,378.61851215496,372.23145787287,372.69337069059,28106113.954459
2020-07-08,376.71497107694,381.49396054075,376.35045446722,381.364920839,29272969.754336
2020-07-09,385.05816860848,385.27186492985,378.68796345941,382.73381015914,31410651.606213
2020-07-10,381.33204448187,383.91982474273,378.8211127058,383.67653969995,22564329.891812
2020-07-13,389.05470077251,399.84389927478,381.0197190891,381.90655882277,47912284.490842
2020-07-14,379.35946305386,389.01401628056,375.51210736032,388.22868229953,42747340.96286
2020-07-15,395.96079054286,396.99680674702,385.96966561,390.90563967912,38299482.965501
2020-07-16,386.24541605546,389.62222888753,383.61243080353,386.090075268,27644418.033028
2020-07-17,387.94553467372,388.59402081818,383.35681712682,385.31296037626,23046724.943539
2020-07-20,385.66103880741,394.00423633895,384.25187594978,393.42890008912,22579476.582121
2020-07-21,396.70133048729,397.00502583631,386.97033973025,387.99895875406,25911458.637048
2020-07-22,386.76691727049,391.89850566455,386.40240066077,389.08757712965,22250412.87363
2020-07-23,387.99895875406,388.3104622379,368.03972233835,371.3766725874,49251107.761965
2020-07-24,363.9412734672,371.87885894261,356.58683237645,370.45736745105,46359716.127114
2020-07-27,374.84759399176,379.62288486539,373.91678213042,379.24234103157,30303547.925223
2020-07-28,377.47605874458,378.19728382919,372.98843599586,373.00898371907,25906375.10546
2020-07-29,375.00663336939,380.91163806502,374.85992262568,380.1698652572,22582314.366113
2020-07-30,376.74784743407,385.19542739951,375.0707422658,384.76680189338,39532504.73356
2020-07-31,411.56267677499,425.68718170845,403.25441037291,425.07485955684,93573866.578749
2020-08-03,432.73916031357,446.54723030962,431.51862555499,435.73090881272,77037847.15928
2020-08-04,436.54459865177,443.18562279272,433.51175470621,438.65279505295,43198091.146034
2020-08-05,437.51856073185,441.61166719496,435.57474611633,440.23086019536,30497987.959259
2020-08-06,441.65276264138,457.64300084216,439.18292631173,455.61699533381,50607224.189921
2020-08-07,452.86487085947,454.71493976313,441.18195237248,444.41444526846,49511402.784874
2020-08-10,450.43639903914,455.12515459765,440.00463579743,450.95326973063,53100856.105695
2020-08-11,447.88486276846,449.95234553441,436.44807318218,437.54334679034,46975593.953801
2020-08-12,442.02289278324,453.15202124363,441.22297385594,452.09366697058,41486205.19812
2020-08-13,457.70950805509,464.14167666029,455.74047684942,460.01081327672,52520516.049779
2020-08-14,459.32985665143,459.96979179327,452.21673142094,459.61700703559,41391301.755522
2020-08-17,464.21961747884,464.3426819292,455.82251981632,458.43969046053,29890361.021435
2020-08-18,457.38133618748,463.97759072648,456.01942293689,462.20136049303,26408385.04246
2020-08-19,463.89554775958,468.67044843333,462.40236576194,462.80437629977,36384501.593289
2020-08-20,462.96436008523,473.56020926075,462.88641926667,473.10897294278,31726797.046209
2020-08-21,477.03883105744,499.43245887361,476.99780957398,497.44701907455,84513660.119077
2020-08-24,514.7868001295,515.11497199711,495.7979554398,503.43615565847,86484441.602287
2020-08-25,498.78431943507,500.68771626722,492.20037134111,499.2683729398,52873946.466725
2020-08-26,504.7283323872,508.00184676662,500.28160358105,506.09844993448,40755566.823341
2020-08-27,508.60486257336,509.90114145043,495.35082127018,499.99445319689,38888095.840958
2020-08-28,504.04327361356,505.77438021521,498.30026593035,499.22735145635,46907478.669689
2020-08-31,127.57681353415,130.98262219771,126.00056303253,129.04230603045,225702687.98172
2020-09-01,132.76090350533,134.79146693618,130.54779447312,134.17511914732,152470140.85669
2020-09-02,137.60041301552,137.97781066328,127.01071706252,131.38668380971,200118990.08252
2020-09-03,126.91944426184,128.83924968737,120.50265871294,120.87595421235,257599639.77156
2020-09-04,120.07808635922,123.70541103341,110.88106976939,120.95594610508,332607162.19912
2020-09-08,113.95562995408,118.99409365901,112.6901171896,112.82856469625,231366563.11375
2020-09-09,117.26503813153,119.136643314,115.25601097949,117.32657035671,176940454.34955
2020-09-10,120.37036442881,120.50265871294,112.50859712533,113.49618933942,182274390.17024
2020-09-11,114.56992666877,115.2252448669,110.00115894936,112.0019818047,180860323.31748
2020-09-14,114.72170615754,115.92363562267,112.80907949161,115.35856468812,140150087.13173
2020-09-15,118.32852009001,118.8228289656,113.60694734474,115.52982938153,184642039.30987
2020-09-16,115.2252448669,115.99439768162,112.04300328815,112.13325055175,155026675.41313
2020-09-17,109.71605963937,112.20298707362,108.70795668355,110.34471387326,178010967.56129
2020-09-18,110.40419502427,110.87081439853,106.09796479895,106.84558133485,287104881.85845
2020-09-21,104.53402074236,110.19395992158,103.10647311825,110.08115084209,195713815.40829
2020-09-22,112.6901171896,112.8695861797,109.16226961277,111.81225744374,183055374.11584
2020-09-23,111.61740539735,112.11273981002,106.77584481298,107.1111954402,150718672.26134
2020-09-24,105.17087927294,110.25549214676,104.99756350536,108.21159673379,167743346.68166
2020-09-25,108.42388291065,112.44706490015,107.65575563302,112.28503004052,149981441.97478
2020-09-28,115.00270331918,115.31754320467,112.78856874989,114.95347753904,137672402.96607
2020-09-29,114.54941592704,115.30728783381,113.56695139838,114.08382208987,100060525.72071
2020-09-30,113.79154402027,117.26503813153,113.61720271561,115.8015967094,142675183.5272
2020-10-01,117.63320594551,117.71319783824,115.82108191404,116.79329107184,116120439.32132
2020-10-02,112.90035229229,115.35856468812,112.22349781534,113.03367211351,144711985.53849
2020-10-05,113.91460847063,116.65074141684,113.54746619374,116.49793639099,106243839.89315
2020-10-06,115.69083870408,116.11643659489,112.25426392793,113.1762217685,161498210.2691
2020-10-07,114.62017798599,115.54008475239,114.12484357332,115.07346537813,96848985.110391
2020-10-08,116.24770534193,116.3994848307,114.58941187341,114.9637329099,83477152.747269
2020-10-09,115.27652172122,117.00660278579,114.91348159267,116.9758366732,100506864.52807
2020-10-12,120.06783098835,125.17192906681,119.29047387695,124.39149534414,240226770.23985
2020-10-13,125.2621763304,125.38318970658,119.65146293132,121.09747022299,262330449.67095
2020-10-14,120.99696758853,123.02958209355,119.62172235582,121.18874302367,151062307.81067
2020-10-15,118.72335186823,121.19899839453,118.14494895156,120.71289381563,112559217.54901
2020-10-16,121.28104136143,121.54357885552,118.81257359474,119.0248597716,115393806.40871
2020-10-19,119.96630281681,120.42061574604,115.6518682948,115.97388693989,120639336.84533
2020-10-20,116.1974540247,118.98383828815,115.62110218221,117.51014149515,124423727.53377
2020-10-21,116.67125215857,118.70489220068,116.44871061085,116.87430850165,89945979.753824
2020-10-22,117.45886464084,118.03213987207,114.58941187341,115.74109002131,101987952.84785
2020-10-23,116.38922945984,116.54818770822,114.27457198792,115.03244389468,82572643.283493
2020-10-26,114.00485573422,116.54818770822,112.89009692143,115.04269926555,111850655.16768
2020-10-27,115.4795780643,117.28554887326,114.53916055618,116.59946456253,92276770.158151
2020-10-28,115.04269926555,115.41804583913,111.09335594625,111.19385858071,143937822.40912
2020-10-29,112.37732837828,116.93584072683,112.20298707362,115.31754320467,146129172.70747
2020-10-30,111.0523344628,111.99172643384,107.70600695025,108.85973617232,190573474.73169
2020-11-02,109.11201829555,110.68826879717,107.31425178328,108.76743783455,122866898.41336
2020-11-03,109.65657848836,111.4861366503,108.7264163511,110.44521650772,107624447.20509
2020-11-04,114.13407340709,115.58110623585,112.35681763656,114.94322216818,138235481.57894
2020-11-05,117.94702029391,119.62172235582,116.87430850165,119.0248597716,126387073.40095
2020-11-06,118.31822090468,119.20685400247,116.12837505654,118.68882595237,114457919.95413
2020-11-09,120.50499544026,121.98946317276,116.04749715939,116.31674889294,154515313.65725
2020-11-10,115.54175435949,117.58212966353,114.12792681565,115.96661926224,138023388.73079
2020-11-11,117.19514428223,119.63888530117,116.43960139494,119.49658115302,112294953.50513
2020-11-12,119.62864759267,120.53570856576,118.56904476292,119.21709171097,103350674.61689
2020-11-13,119.44539261052,119.67778859347,117.85957156388,119.26623271177,81688585.878838
2020-11-16,118.92122193532,120.99026282316,118.14520363103,120.30536012451,91183017.176677
2020-11-17,119.55800740402,120.66777500541,118.96217276932,119.39522783887,74270973.822348
2020-11-18,118.60794805522,119.83033045012,117.99266177438,118.02337489988,76322110.558671
2020-11-19,117.58212966353,119.06454985432,116.81532529688,118.63866118072,74112970.69108
2020-11-20,118.64889888922,118.76868007867,117.28728365873,117.33847220123,73604285.568816
2020-11-23,117.18490657373,117.61181901818,113.75936930965,113.8484373736,127959317.26396
2020-11-24,113.9078160829,115.84479053109,112.59431808236,115.15988783244,113874217.06788
2020-11-25,115.53151665099,116.75389904589,115.15988783244,116.02702174239,76499233.202866
2020-11-27,116.57166783459,117.47975257853,116.21846689134,116.59214325159,46691330.389288
2020-11-30,116.97605732033,120.97081117701,116.81532529688,119.05431214582,169410175.13928
2020-12-01,121.01073824016,123.47188336355,120.02177559907,122.7153167054,128166802.17135
2020-12-02,122.02017629826,123.37155382025,120.88890950901,123.079779128,89004194.640352
2020-12-03,123.52307190605,123.7861810145,122.2136689889,122.9384987507,78967630.30561
2020-12-04,122.5924642034,122.8586446244,121.51443349836,122.25154851035,78260420.288833
2020-12-07,122.3119509905,124.56117554794,122.25154851035,123.755467889,86618061.06367
2020-12-08,124.36051646134,124.97580274219,123.0900168365,124.37075416984,82008727.832481
2020-12-09,124.52124848479,125.95452767478,121.00050053166,121.77651883596,114876426.69321
2020-12-10,120.50499544026,123.87627284929,120.16305597637,123.2394873806,81311839.461413
2020-12-11,122.4327559508,122.7562675394,120.55618398276,122.41330430465,86939786.379449
2020-12-14,122.5924642034,123.35107840325,121.53490891536,121.77651883596,79075987.561534
2020-12-15,124.32980333584,127.89047835212,124.11788276989,127.87000293512,157572262.38754
2020-12-16,127.40725851092,128.36653179737,126.57083772648,127.80141028817,98208590.331101
2020-12-17,128.90196395192,129.58789042141,128.03278250027,128.69925732362,94359811.085215
2020-12-18,128.96236643207,129.10159926766,126.12549740673,126.67014349893,192541495.00459
2020-12-21,125.01675357619,128.30612931722,123.44117023805,128.22525142007,121251551.55639
2020-12-22,131.6047189959,134.39961341638,129.65853061006,131.877042042,169351825.1677
2020-12-23,132.1575552549,132.4339733844,130.76727444061,130.94848188105,88223692.831764
2020-12-24,131.3119205328,133.46183931779,131.08976225835,131.96815764765,54930063.695719
2020-12-28,133.98498622214,137.35319231862,133.51200408944,136.69900274547,124486236.3494
2020-12-29,138.05140403831,138.78954282116,134.33921093623,134.86338161143,121047324.21392
2020-12-30,135.53907037243,135.99362462983,133.40041306679,133.72290088454,96452124.028109
2020-12-31,134.07610182779,134.73131517178,131.7152862477,132.69401118029,99116585.513817
2021-01-04,133.52224179794,133.61233363274,126.77149681308,129.41487314776,143301886.35556
2021-01-05,128.89172624342,131.7357616647,128.42488673582,130.9986466527,97664896.398026
2021-01-06,127.71029468252,131.0395974867,126.38860651518,126.60974101878,155087969.14945
2021-01-07,128.35629408887,131.6251944129,127.84952751812,130.9085548179,109578156.08897
2021-01-08,132.4339733844,132.63463247099,130.24310376541,132.04801177395,105158245.12938
2021-01-11,129.19169110246,130.18167751441,128.49552692447,128.98181807822,100620880.15163
2021-01-12,128.49552692447,129.69845767321,126.87285012723,128.79958686692,91951144.14572
2021-01-13,128.75965980377,131.4429632016,128.48528921597,130.8778416924,88636830.205233
2021-01-14,130.78774985761,130.9884089442,128.75965980377,128.91220166042,90221754.21436
2021-01-15,128.77911144992,130.23286605691,127.00389279603,127.13391169398,111598530.08185
2021-01-19,127.77172093352,128.70949503212,126.95270425353,127.81983816347,90757329.143069
2021-01-20,128.65830648962,132.491304552,128.54671546697,132.02753635695,104319489.07376
2021-01-21,133.80275501084,139.66589066875,133.59185821574,136.88225772762,120529543.3062
2021-01-22,136.28744686377,139.84812188005,135.01592346808,139.05981832556,114459357.77588
2021-01-25,143.07504759924,145.08266223607,136.54646088882,142.92455328429,157611711.64516
2021-01-26,143.61047975378,144.29640622328,141.3602314255,143.16718697573,98390554.879125
2021-01-27,143.43848625098,144.29640622328,140.41119584755,142.05537183264,140843759.12913
2021-01-28,139.51437258296,141.98473164399,136.70924045397,137.10339223122,142621127.57052
2021-01-29,135.83084506468,136.75019128797,130.22262834841,131.95791993915,177523810.1388
2021-02-01,133.75259023919,135.37833834898,130.9187925264,134.13752807879,106239822.12486
2021-02-02,135.73153929223,136.31815998927,134.59924873213,134.98521034258,83305366.626219
2021-02-03,135.76020487603,135.77044258453,133.61233363274,133.93379767964,89880936.735524
2021-02-04,136.30792228077,137.40438086112,134.57979708598,137.39414315262,84183060.106166
2021-02-05,137.35269589118,137.42220843413,135.86226519093,136.7679727358,75693829.068697
2021-02-08,136.03297981846,136.96833241842,134.91362342835,136.91722025448,71297214.198331
2021-02-09,136.62792540663,137.87608444985,135.85204275814,136.01253495289,76774212.792491
2021-02-10,136.48481134762,136.99899971677,134.38819038313,135.38692206636,73046561.968443
2021-02-11,135.90315492207,136.39383169582,133.76462198316,135.12625003031,64280029.395176
2021-02-12,134.34014494903,135.52901388209,133.705331873,135.36647720079,60145129.133838
2021-02-16,135.48812415094,136.01253495289,132.78735740878,133.19114350384,80576315.561189
2021-02-17,131.24683678787,132.2261458488,129.47426694271,130.8338505033,98085249.465662
2021-02-18,129.20132798731,129.99765550137,127.39809084379,129.71347186991,96856747.379866
2021-02-19,130.25014959119,130.70300336363,128.7995863788,129.87703079449,87668832.725641
2021-02-22,128.00325886474,129.72369430269,125.60609837633,126.00681774156,103916418.15569
2021-02-23,123.76299374494,126.72341027989,118.39212755897,125.86677041238,158273020.11245
2021-02-24,124.94061800194,125.56725313174,122.23065107026,125.35258204323,111039904.46483
2021-02-25,124.67892372261,126.46069375727,120.53781620083,120.98044754049,148199540.33012
2021-02-26,122.58332500139,124.84963835014,121.19307414244,121.25440873916,164560393.31831
2021-03-01,123.75277131216,127.92250164573,122.78572917056,127.78143207328,116307892.14695
2021-03-02,128.40602271653,128.71985140307,125.01115278816,125.12155506226,102260944.32147
2021-03-03,124.80977086227,125.71650065042,121.83810965126,122.05993644273,112966339.23936
2021-03-04,121.74610775619,123.60147930692,118.62213229666,120.13607459233,178154974.26629
2021-03-05,120.9702251077,121.94033397913,117.56819947639,121.41387869063,153766600.65608
2021-03-08,120.92115743032,120.99066997327,116.20452694268,116.3568411912,154376608.09074
2021-03-09,119.03920755435,122.05993644273,118.79489141075,121.08267186835,129525779.98474
2021-03-10,121.68477315947,122.16931647354,119.46037178515,119.9939827766,111943326.39902
2021-03-11,122.53221283746,123.20587115808,121.25440873916,121.9607788447,103026514.53
2021-03-12,120.40594681789,121.16342908736,119.16698796418,121.02133727163,88105049.827105
2021-03-15,121.40365625784,123.99197623936,120.42639168346,123.98277604985,92590554.496894
2021-03-16,125.70627821764,127.21715378347,124.70856877769,125.57645332125,115227935.91435
2021-03-17,124.04308840329,125.86677041238,122.34003110108,124.75968094162,111932636.18444
2021-03-18,122.87568657908,123.17724834628,120.32518959888,120.52759376805,121469754.40641
2021-03-19,119.91322555759,121.42410112342,119.68219857661,119.9939827766,185549522.27453
2021-03-22,120.33541203166,123.87237377576,120.266921732,123.38885270496,111912283.88628
2021-03-23,123.32854035152,124.23527013968,122.13864917518,122.53221283746,95467141.764763
2021-03-24,122.81537422564,122.89613144466,120.06451756282,120.09518486118,88530484.759364
2021-03-25,119.55032919367,121.65410586111,119.00854025599,120.58790612149,98844682.191924
2021-03-26,120.35585689724,121.47521328735,118.92778303698,121.20329657523,94071233.344706
2021-03-29,121.6449056716,122.57310256861,120.72897569394,121.38321139227,80819201.971095
2021-03-30,120.11562972676,120.40594681789,118.86644844026,119.91322555759,85671918.642023
2021-03-31,121.6449056716,123.52072208791,121.14298422179,122.14887160797,118323824.20838
2021-04-01,123.66076941708,124.17495778624,122.48110067353,122.99528904269,75089133.481143
2021-04-05,123.87237377576,126.16935442286,123.06582382891,125.90663790025,88651173.251602
2021-04-06,126.51180592121,127.12617413167,125.65516605371,126.22046658679,80171253.470146
2021-04-07,125.83610311403,127.91227921294,125.14097768455,127.89183434737,83466715.588011
2021-04-08,128.94781165421,130.38917467709,128.5174472339,130.36157410856,88844591.984825
2021-04-09,129.80547376498,133.04087374188,129.47426694271,132.99998401073,106686702.93934
2021-04-12,132.52668537272,132.8486920055,130.6232683879,131.23661435508,91419981.870003
2021-04-13,132.44695039699,134.65192914902,131.93071754128,134.41885768149,91266543.83497
2021-04-14,134.93304605064,134.99438064736,131.64960063965,132.03191962586,87222782.348468
2021-04-15,133.81573414709,134.99438064736,133.64399727628,134.48939246771,89347101.525102
2021-04-16,134.29005502838,134.6621515818,133.28212315564,134.15818564543,84922384.733598
2021-04-19,133.51315013661,135.46767928537,133.34243550908,134.83388845261,94264214.804327
2021-04-20,135.01482551293,135.52901388209,131.81213732096,133.11038628483,94812347.535261
2021-04-21,132.3651709347,133.74417711758,131.29692670852,133.5039499471,68847135.971031
2021-04-22,133.04087374188,134.14796321265,131.40835122589,131.94093997406,84566455.760913
2021-04-23,132.16481125209,135.11602759752,132.16481125209,134.31049989395,78756779.019481
2021-04-26,134.82468826311,135.0546930008,133.56221781399,134.71326374574,66905068.909811
2021-04-27,135.00460308015,135.40736693193,134.10911796806,134.37899019362,66015804.07531
2021-04-28,134.30027746116,135.01482551293,133.08074122975,133.58266267956,107760096.15495
2021-04-29,136.47458891483,137.07975693579,132.45717282978,133.48350508153,151100951.43448
2021-04-30,131.7814700226,133.56221781399,131.05669953804,131.45946338982,109839465.17054
2021-05-03,132.04214205865,134.06925048019,131.83053769997,132.54610799502,75135100.034294
2021-05-04,131.18550219115,131.49013068818,126.7131878471,127.84174442672,137564716.67595
2021-05-05,129.20132798731,130.44948703053,127.96339137688,128.09423851654,84000899.584531
2021-05-06,127.88161191458,129.75436160105,127.12617413167,129.74413916827,78128333.703749
2021-05-07,130.84467190653,131.25695789062,129.47412716238,130.20787375288,78973272.117851
2021-05-10,129.41391708055,129.54454234283,126.80957591371,126.85039630818,88071229.275597
2021-05-11,123.50210345223,126.27686976595,122.76733635187,125.91458876508,126142826.09353
2021-05-12,123.40209348579,124.6379309282,122.242794283,122.76733635187,112172281.03923
2021-05-13,124.57772084637,126.15849062201,124.25626023996,124.96857612337,105861338.59539
2021-05-14,126.25645956872,127.88723432758,125.85437868325,127.44229202791,81917951.158242
2021-05-17,126.81978101233,126.93101658725,125.17063707597,126.27686976595,74244623.055725
2021-05-18,126.56873558637,126.99122666908,124.77876128911,124.84917646956,63342927.326463
2021-05-19,123.15921213873,124.91857114015,122.85714121969,124.68895642129,92611988.923605
2021-05-20,125.23186766766,127.71578867083,125.10022189551,127.30350268673,76857122.062633
2021-05-21,127.81681914712,127.99744939263,125.21145747043,125.4329081104,79295434.609726
2021-05-24,126.01663975124,127.93723931079,125.94520406093,127.10348275386,63092944.440852
2021-05-25,127.81681914712,128.3199305089,126.32789525903,126.90142180126,72009481.49972
2021-05-26,126.96061137323,127.3841229658,126.42790522547,126.85039630818,56575919.716076
2021-05-27,126.4483154227,127.6341478819,125.07981169828,125.28289316074,94625601.018206
2021-05-28,125.5737384713,125.80335319017,124.54812606038,124.60833614222,71311108.042678
2021-06-01,125.07981169828,125.35432885106,123.93377912369,124.27667043719,67637118.068608
2021-06-02,124.28687553581,125.24207276628,124.04501469861,125.06042201091,59278861.749036
2021-06-03,124.67875132267,124.84917646956,123.12961735274,123.5429238467,76229170.267058
2021-06-04,124.06542489584,126.16767521076,123.84295374601,125.89417856785,75169343.174068
2021-06-07,126.17685979952,126.32789525903,124.83897137094,125.90438366646,71057549.493433
2021-06-08,126.60955598084,128.4607608698,126.21665968412,126.73916073326,74403773.894055
2021-06-09,127.20247221043,127.74640396667,126.52791519191,127.13205702998,56877936.395772
2021-06-10,127.02184196493,128.18828473675,125.94520406093,126.11767022754,71186421.349499
2021-06-11,126.53812029053,127.4320869293,126.10746512893,127.3443230812,53522372.54596
2021-06-14,127.81681914712,130.53137537901,127.07286745801,130.47116529718,96906488.334987
2021-06-15,129.94866424803,130.59158546085,129.39452739318,129.64659332899,62746331.425823
2021-06-16,130.36095023212,130.88345128127,128.4607608698,130.14868418091,91815026.512369
2021-06-17,129.80783388713,132.551984905,129.65679842761,131.78762301866,96721668.954896
2021-06-18,130.7018005259,131.50800331657,130.23848904873,130.45075509994,108953308.71611
2021-06-21,130.29971964043,132.4111545441,129.21593816739,132.30195998891,79663315.425113
2021-06-22,132.13051433216,134.0725445988,131.61719787177,133.98171922112,74783617.357192
2021-06-23,133.77047367977,134.31236441628,133.23674702214,133.70005849932,60214199.109219
2021-06-24,134.44401018843,134.63586604241,132.93569661297,133.41737726765,68710997.941037
2021-06-25,133.46840276073,133.89089384344,132.8152764493,133.11632685847,70783745.18197
2021-06-28,133.41737726765,135.23796686076,133.35614667595,134.77567589345,62111301.795657
2021-06-29,134.79608609069,136.49727602999,134.34297971213,136.335014962,64556080.718283
2021-06-30,136.17173338414,137.41063235614,135.87374450455,136.96671056633,63261392.592572
2021-07-01,136.60749109505,137.33001207707,135.76148841977,137.27082250509,52485781.877126
2021-07-02,137.90251810943,140.00476842435,137.75148264991,139.96394802989,78945572.238542
2021-07-06,140.0751836048,143.15304134742,140.0751836048,142.01823438131,108181791.4289
2021-07-07,143.53675305539,144.89403117133,142.66013508426,144.5705295452,104911587.85171
2021-07-08,141.57227157179,144.05823359467,140.65789473578,143.24284621525,105575457.96751
2021-07-09,142.75198097181,145.65737254782,142.64992998565,145.1154818113,99890799.525465
2021-07-12,146.20946838295,146.32070395787,143.99700300298,144.49909385489,76299718.335929
2021-07-13,144.05823359467,147.45653143384,143.63676302183,145.6471674492,100827097.18994
2021-07-14,148.09230907762,149.57204837696,147.67798207381,149.14649576467,127050784.00247
2021-07-15,149.23732114235,150.00066251884,147.09629145269,148.472959256,106820295.52155
2021-07-16,148.45254905877,149.76084270136,145.88086420751,146.39213964818,93251425.174588
2021-07-19,143.74595757702,144.06843869329,141.66411745933,142.44991005277,121434570.75888
2021-07-20,143.46531736508,147.10649655131,142.96118549344,146.14925830111,96350034.13365
2021-07-21,145.53695238415,146.12884810388,144.63073962704,145.40428610214,74993458.5435
2021-07-22,145.9369922499,148.18109343558,145.82065412568,146.80442563227,77338155.140769
2021-07-23,147.54633630166,148.71482009321,146.92280477622,148.55460004493,71447416.377592
2021-07-26,148.26069320479,149.83125788181,147.69839227104,148.9862757164,72434088.861491
2021-07-27,149.12608556744,149.20772635636,145.55736258138,146.77381033642,104818577.48153
2021-07-28,144.84300567825,146.9738302693,142.53971492059,144.98587705888,118931190.73669
2021-07-29,144.69094970887,146.55440071617,144.58073464382,145.6471674492,56699474.622053
2021-07-30,144.38071471094,146.33090905648,144.10823857789,145.86045401028,70440625.518778
2021-08-02,146.36152435233,146.95342007206,145.25427115248,145.52674728553,62879960.707744
2021-08-03,145.82065412568,148.03311950565,145.18487648189,147.35754197726,64786618.421886
2021-08-04,147.26773710944,147.78003305997,146.2798835634,146.95342007206,56368271.551202
2021-08-05,146.98403536791,147.83003804319,146.16966849835,147.06567615684,46397673.144704
2021-08-06,146.35451776221,147.10856532358,145.63307766296,146.14256925848,54126812.380379
2021-08-09,146.20370824994,146.70301001355,145.53117934385,146.09162009892,48908689.013112
2021-08-10,146.44418828302,147.69957557438,145.30904100821,145.61269799914,69023080.673635
2021-08-11,146.05086077128,146.72338967737,145.54136917576,145.86031091456,48493462.340365
2021-08-12,146.19351841803,149.04361440336,145.84095023393,148.88363404236,73779112.021973
2021-08-13,148.96413371446,149.44713174701,148.26103531264,149.09354457972,59375008.863934
2021-08-16,148.53310382465,151.19366893644,146.47271981237,151.12234011307,103558781.86042
2021-08-17,150.22971083772,151.68379985133,149.08335474781,150.19098947646,92229733.352511
2021-08-18,149.79664298153,150.72187971899,146.15275909039,146.36470759412,86325989.254554
2021-08-19,145.0369724962,147.98998578382,144.50404428729,146.70301001355,86960309.825968
2021-08-20,147.43667791109,148.49234449701,146.78452866883,148.18053564055,60549628.828746
2021-08-23,148.30179464028,150.19098947646,147.87993559919,149.70595347753,60131809.375251
2021-08-24,149.44713174701,150.86351838255,149.14449373927,149.61730193991,48606426.912315
2021-08-25,149.80683281344,150.31836237534,147.79128406157,148.35172481664,58991296.940676
2021-08-26,148.36191464855,149.11392424354,147.50800673446,147.52838639829,48597195.160425
2021-08-27,147.47743723873,148.74403334519,146.83547782838,148.59424281611,55802387.615592
2021-08-30,148.993684227,153.49249501542,148.60443264802,153.1307559826,90956722.167036
2021-08-31,152.66915659707,152.81079526062,151.29454827236,151.8356283468,86453116.964941
2021-09-01,152.84136475635,154.96900165923,152.34919587508,152.5173281016,80313711.47226
2021-09-02,153.86544286334,154.70712297914,152.40727791697,153.6545133428,71171316.306229
2021-09-03,153.76558251062,154.61745245833,153.10324343645,154.29647275315,57866066.406859
2021-09-07,154.95983081052,157.25865688949,154.38716225715,156.68802630251,82278260.070911
2021-09-08,156.97537956239,157.03651855385,153.96428423287,155.10045049088,74420206.993653
2021-09-09,155.48053122114,156.10516791724,153.94390456905,154.06516356879,57305729.391468
2021-09-10,154.98938132306,155.47034138922,148.69410316883,148.96413371446,140893234.80787
2021-09-13,150.63119021499,151.425997104,148.74403334519,149.54597311654,102404328.07713
2021-09-14,150.34791288788,151.07240993671,146.91597750047,148.10920681718,109296293.57939
2021-09-15,148.55348348847,149.4369419151,146.37489742603,149.02323473954,83281314.889667
2021-09-16,148.43324347193,148.96413371446,147.21657754183,148.78173572326,68034148.757128
2021-09-17,148.81230521899,148.81230521899,145.75943157865,146.06105060319,129868824.29863
2021-09-20,143.80196486866,144.84846060586,141.26062079022,142.93888610586,123478862.17043
2021-09-21,143.93341370031,144.60594260639,142.77788676167,143.43207397032,75833961.423237
2021-09-22,144.45411411093,146.43399845111,143.70210451594,145.85012108265,76404341.783887
2021-09-23,146.65206085399,147.07799582785,145.64224851168,146.83547782838,64838170.620642
2021-09-24,145.6626281755,147.46724740682,145.5719386715,146.92616733238,53477868.407783
2021-09-27,145.4802301843,145.96119025047,143.82234453249,145.37935084839,74150728.554346
2021-09-28,143.25069496231,144.75879008505,141.68553678088,141.90359918376,108972339.266
2021-09-29,142.46709688841,144.45411411093,142.02383920031,142.82781693803,74602043.162914
2021-09-30,143.6613451883,144.38380427075,141.27081062213,141.49294895778,89056663.346605
2021-10-01,141.89340935185,142.91952542523,139.1136232067,142.64847589641,94639580.758827
2021-10-04,141.75584662106,142.2062371915,138.26990512453,139.14317371924,98322007.547617
2021-10-05,139.49370393696,142.23680668723,139.36327408851,141.10064042923,80861062.012393
2021-10-06,139.47536223952,142.14509820004,138.36976547725,141.99428868777,83221117.625826
2021-10-07,143.05810713921,144.21363407784,142.7177667534,143.29145428995,61732655.212894
2021-10-08,144.03531201941,144.18510254849,142.5588053756,142.89914576141,58773153.989982
2021-10-11,142.26533821658,144.81891009332,141.80577679742,142.80743727421,64452218.22863
2021-10-12,143.23031529849,143.25069496231,141.03338753862,141.50313878969,73035858.348446
2021-10-13,141.23005129449,141.39105063867,139.20431271071,140.90193870697,78762720.235209
2021-10-14,142.1043388724,143.88246454076,141.50313878969,143.76120554102,69907100.162792
2021-10-15,143.77139537293,144.89839078222,143.51053567603,144.84846060586,67940334.648278
2021-10-18,143.45245363414,146.84566766029,143.16000545831,146.55423846765,85589175.333966
2021-10-19,146.99749615576,149.16487340309,146.55423846765,148.75320419391,76378892.885193
2021-10-20,148.69410316883,149.75690263708,148.10920681718,149.25658189028,58418787.006134
2021-10-21,148.80211538708,149.63768160373,147.86057491856,149.47668225955,61420989.620377
2021-10-22,149.68557381371,150.18079964455,148.63296417737,148.68391333692,58883442.364696
2021-10-25,148.67372350501,149.36765105811,147.61907590229,148.63296417737,50720555.014672
2021-10-26,149.32791071366,150.84313871873,149.00387405891,149.31772088175,60893394.067546
2021-10-27,149.3574612262,149.72633314135,148.48317364829,148.84287471472,56094928.260641
2021-10-28,149.81702264535,153.17151531025,149.71614330944,152.57846709306,100077887.34597
2021-10-29,147.20638770992,149.93828164509,146.41463777048,149.79664298153,124953168.13859
2021-11-01,148.98451337828,149.69576364562,147.79128406157,148.95394388255,74588257.852103
2021-11-02,148.65334384119,151.57476864989,148.64315400928,150.01980030037,69121986.132416
2021-11-03,150.38867221553,151.97726701035,149.81702264535,151.49732592737,54511533.152466
2021-11-04,151.5849584818,152.4378474127,150.6413800469,150.96134076889,60394615.476819
2021-11-05,151.89721675941,152.2055187099,150.06165003111,151.28570034937,65463882.775547
2021-11-08,151.41390512086,151.57365233613,150.15932985701,150.44117685465,55020867.601823
2021-11-09,150.20002978447,151.43323758641,150.06165003111,150.8115461945,56787929.228075
2021-11-10,150.02095010366,150.12880491142,147.84248648654,147.91371135959,65187091.127405
2021-11-11,148.95766449885,149.42978365735,147.67459928578,147.86283645026,40999949.244982
2021-11-12,148.42653044554,150.40149442538,147.47415214305,149.99144265625,63804007.581129
2021-11-15,150.37300447616,151.88704177755,149.42978365735,150.00060013993,59222802.364037
2021-11-16,149.94158524512,151.49225248122,149.33820882057,151.00385335174,59256208.811787
2021-11-17,150.99367836987,154.99448123887,150.99367836987,153.49163641753,88806999.566364
2021-11-18,153.70124104393,158.67375468096,153.0591996883,157.87298360825,137827671.70691
2021-11-19,157.65116900361,161.02010549884,156.52988600217,160.55002133671,117305596.79933
2021-11-22,161.67130433814,165.70364965092,160.99975553511,161.02010549884,117467887.99769
2021-11-23,161.11168033561,161.79340412051,159.06650898091,161.40268481693,96041898.948264
2021-11-24,160.75046847944,162.13426601296,159.64648294717,161.93381887024,69463622.582777
2021-11-26,159.56711808863,160.44928901626,156.35894630686,156.80766300707,76959750.931517
2021-11-29,159.3748109314,161.18188771048,158.79381946695,160.24884187353,88748216.169206
2021-11-30,159.98937983599,165.52253497374,159.92832994481,165.30173786728,174048055.67609
2021-12-01,167.47816648803,170.29460146804,164.53047424198,164.77060381397,152423001.89839
2021-12-02,158.73276957577,164.19876983321,157.8017587352,163.75819311849,136739173.45229
2021-12-03,164.01765515602,164.96087597483,159.7268653039,161.83410404797,118023115.52295
2021-12-06,164.2893271718,167.88007827167,164.27915218993,165.32208783101,107496981.77355
2021-12-07,169.07258614615,171.58173667385,168.34100495011,171.17880739203,120405351.71005
2021-12-08,172.13220319271,175.96308386457,170.69753074986,175.07887794057,116998899.44678
2021-12-09,174.90997324163,176.75367995542,173.92503499718,174.55893636731,108923738.12494
2021-12-10,175.19996022476,179.63421732117,174.68612364062,179.45106764761,115402730.50842
2021-12-13,181.10653719691,182.12912287426,175.52962963716,175.74228675812,153237019.0741
2021-12-14,175.25083513408,177.73556570531,172.21360304762,174.32694678081,139380381.10835
2021-12-15,175.10940288617,179.50194255693,172.31433536808,179.29946041784,131063256.70168
2021-12-16,179.27911045411,181.13502714613,170.74738816099,172.26447795694,150185843.11975
2021-12-17,169.92524962637,173.47428330059,169.68410255619,171.13810746458,195923441.10391
2021-12-20,168.27995505893,170.57746596386,167.4578165243,169.74413494918,107499113.47268
2021-12-21,171.56138671013,173.20261128482,169.1132860736,172.99605915298,91185905.035003
2021-12-22,173.0469340623,175.86235154412,172.15255315644,175.64053693948,92135301.321792
2021-12-23,175.85217656225,176.84423729401,175.27118509781,176.28156079692,68356567.046918
2021-12-27,177.084366866,180.42481341201,177.06401690228,180.33527357161,74919582.184575
2021-12-28,180.1633163781,181.32631680518,178.52717929434,179.28928543597,79144338.609088
2021-12-29,179.32998536343,180.63340054023,178.13951248532,179.37984277456,62348930.786141
2021-12-30,179.47141761134,180.57336814723,178.088637576,178.19750988194,59773013.664139
2021-12-31,178.088637576,179.22925304297,177.25530656132,177.56767850455,64062260.62129
2022-01-03,177.8261230439,182.88105403403,177.7060582579,182.00804059008,104701220.52506
2022-01-04,182.63074948017,182.93905143065,179.12038073703,179.70340719784,99310437.452207
2022-01-05,179.61386735744,180.17349135997,174.63830122585,174.92014822349,94537602.409527
2022-01-06,172.62975980587,175.3017100434,171.64075156867,171.99992842847,96903954.538837
2022-01-07,172.89430933433,174.13667461995,171.02720016226,172.17290312016,86709146.195721
2022-01-10,169.07258614615,172.50053753619,168.16904775661,172.19325308389,106765552.46003
2022-01-11,172.32451034994,175.17961026103,170.81759553585,175.07887794057,76138311.629554
2022-01-12,176.12181358165,177.17492420459,174.81839840485,175.52962963716,74805172.152642
2022-01-13,175.78298668557,176.62445768574,171.78930630388,172.19325308389,84505759.467443
2022-01-14,171.33957210549,173.78767274201,171.08723255526,173.07745900789,80440779.24909
2022-01-18,171.51051180081,172.54021996546,169.40530805311,169.7950098585,91168728.591611
2022-01-19,169.99647449942,171.07705757339,165.94276172473,166.23478370423,94814989.636126
2022-01-20,166.98874986036,169.67392757432,164.17943736766,164.51012427825,91420514.789778
2022-01-21,164.42160193603,166.33551602468,162.29401322823,162.40390303236,122848856.80243
2022-01-24,160.02906226526,162.29401322823,154.69533677206,161.61025444696,162706686.07559
2022-01-25,158.985109126,162.75493990668,157.01930262984,159.7868976969,115798366.59443
2022-01-26,163.49669608458,164.39107699044,157.82210869892,159.69735785649,108275307.48516
2022-01-27,162.44358546163,163.8395929734,158.28405287556,159.22625619618,121954637.02677
2022-01-28,165.71382463278,170.34547637736,162.79563983414,170.32512641363,179935659.29049
2022-01-31,170.15622171468,174.99849558385,169.50400537719,174.77769847739,115541589.72398
2022-02-01,174.01559233577,174.83874836858,172.31433536808,174.60777628026,86213909.932181
2022-02-02,174.73699854994,175.88168400966,173.33285105268,175.84200158039,84914255.527238
2022-02-03,174.47855401059,176.24086086946,172.12202821084,172.9044843162,89418073.87421
2022-02-04,171.67945333802,174.09598528412,170.68052528798,172.39079579482,82465399.104578
2022-02-07,172.86637903737,173.94457096118,170.95083542156,171.66014547134,77251203.375719
2022-02-08,171.73026351351,175.34591560107,171.43251588516,174.82663560761,74829217.0546
2022-02-09,176.04709602277,176.64868850052,174.89675364978,176.27879042299,71285037.207184
2022-02-10,174.135617221,175.47802205733,171.55039549229,172.12455047528,90865898.530531
2022-02-11,172.33083978775,173.08181418143,168.0363637557,168.63592382643,98670686.571694
2022-02-14,167.3666856428,169.57896068345,166.56388487013,168.87778026174,86185528.94458
2022-02-15,170.97115949175,172.9537725392,170.24965499986,172.7962609952,64286319.005546
2022-02-16,171.85220793468,173.34399468693,170.04844670493,172.55237215287,61177397.446231
2022-02-17,171.03111549883,171.91318014526,168.46621784031,168.87778026174,69589343.398287
2022-02-18,169.82081711876,170.54028920364,166.19398679259,167.29555139712,82772674.17007
2022-02-22,164.9816560055,166.69599132639,162.14746441691,164.32112372419,91162757.375356
2022-02-23,165.54361654637,166.1533386522,159.75532135505,160.07542546061,90009246.303218
2022-02-24,152.58498939051,162.84864483861,152.00168857593,162.73991106307,141147539.47311
2022-02-25,163.83944326058,165.12189208984,160.87619382626,164.85259815977,91974220.819555
2022-02-28,163.06001516863,165.42268832872,162.42793658559,165.12189208984,95056628.004788
2022-03-01,164.69102180172,166.60453301051,161.9686125992,163.19821884596,83474424.354146
2022-03-02,164.39225796987,167.3565236077,162.94823278257,166.56388487013,79724749.251101
2022-03-03,168.46621784031,168.90826636704,165.55377858147,166.23260252596,76678441.134262
2022-03-04,164.4898135068,165.55377858147,162.09665424143,163.16874894417,83819591.435982
2022-03-07,163.359795204,165.02128794238,159.04397889825,159.30311079322,96418845.303556
2022-03-08,158.82346273664,162.8791309439,155.79720868471,157.44040975992,131148279.57795
2022-03-09,161.47575389699,163.40958917598,159.41489317929,162.94823278257,91454904.565522
2022-03-10,160.19432127124,160.38536753107,155.97809290944,158.52063409074,105342032.35548
2022-03-11,158.9342289192,159.28278672303,154.4985005993,154.72714638898,96970102.010156
2022-03-14,151.45090627367,154.11640807965,150.10037180926,150.61965180272,108732110.19626
2022-03-15,150.90215637842,155.56856289503,150.38186018145,155.08688243142,92964302.02906
2022-03-16,157.0512038157,160.00429121493,154.45785245891,159.593744997,102300156.42172
2022-03-17,158.61209240662,160.99610584041,157.63145601974,160.61604572777,75615375.528137
2022-03-18,160.50629574872,164.4796514717,159.76548339014,163.98069554843,123511691.11331
2022-03-21,163.51120952695,166.35454694713,163.01936702825,165.38305639184,95811351.829956
2022-03-22,165.51313044108,169.4173843254,164.91357037035,168.81680805116,81532006.343253
2022-03-23,167.98555358022,172.64383046874,167.64614160797,170.21002306298,98062673.51713
2022-03-24,171.06160160412,174.135617221,170.21002306298,174.06549917883,90131417.697838
2022-03-25,173.87546912252,175.2757975589,172.75561285481,174.71688562856,80546155.585581
2022-03-28,172.17332824374,175.72902432423,172.00463846113,175.59895027499,90371915.784751
2022-03-29,176.68730423389,179.01136166061,176.33976263357,178.96055148512,100589439.04732
2022-03-30,178.55203767422,179.61193793485,176.69746626899,177.77057717525,92633152.808669
2022-03-31,177.84171142093,178.03174147724,174.39576531949,174.606119446,103049284.91097
2022-04-01,174.02485103844,174.87642957958,171.94366625055,174.30633941063,78751327.10628
2022-04-04,174.56547130561,178.49208166714,174.43539725637,178.44127149166,76545982.430161
2022-04-05,177.49925083815,178.30001920381,174.41608938968,175.05833000782,73401785.456367
2022-04-06,172.36132589304,173.63462889071,170.1287267822,171.83188386448,89058782.158224
2022-04-07,171.16118954807,173.36431875713,169.85028702054,172.14284213845,77594649.34561
2022-04-08,171.781073689,171.781073689,169.19991677432,170.08807864181,76575507.028052
2022-04-11,168.70502566509,169.02919458469,165.50296840599,165.75193826587,72246705.800786
2022-04-12,168.01603968551,169.86959488722,166.6451811509,167.65630364307,79265179.887744
2022-04-13,167.38700971299,171.04127753392,166.77627140366,170.40005311929,70618923.585719
2022-04-14,170.6205692809,171.27195573063,165.04161201258,165.29159807596,75329374.744611
2022-04-18,163.91972333785,166.59437097542,163.57014933051,165.07108191436,69023940.90311
2022-04-19,165.02128794238,167.81483139058,163.90956130275,167.39717174809,67723832.226677
2022-04-20,168.75583584058,168.87778026174,166.10354468023,167.22441715144,67929812.621351
2022-04-21,168.90826636704,171.5300714221,165.91351462391,166.42364878579,87227767.029645
2022-04-22,166.46328072266,167.86462536256,161.49607796718,161.78671217096,84882422.837051
2022-04-25,161.11601785455,163.16874894417,158.46271049069,162.8791309439,96046375.619696
2022-04-26,162.24705236086,162.33851067674,156.71890526802,156.79918534529,95623239.903386
2022-04-27,155.90797486727,159.79495329192,155.37853283871,156.56749094507,88063190.241517
2022-04-28,159.25230061774,164.510137577,158.9342289192,163.64128357619,130216791.94682
2022-04-29,161.83752234645,166.20414882769,157.2503797036,157.65178008994,131747569.97025
2022-05-02,156.70874323292,158.23203229398,153.27600777711,157.9617221604,123055264.82117
2022-05-03,158.15175221672,160.70547163663,156.32055349221,159.48399501795,88966525.047218
2022-05-04,159.67504127778,166.48360479286,159.26246265283,166.02326460296,108256501.72278
2022-05-05,163.84960529568,164.08028349239,154.94664634708,156.76971544351,130525274.44763
2022-05-06,156.01105059061,159.44077924573,154.18050902439,157.28045607805,116124646.22391
2022-05-09,154.92530808736,155.82941703166,151.49152058176,152.05975964888,131577920.0801
2022-05-10,155.5199296826,156.74062896429,152.93038307672,154.51029062584,115366735.08243
2022-05-11,153.50065156908,155.45092922445,145.8111593358,146.50217862992,142689824.84933
2022-05-12,142.77209503932,146.1997942692,138.79949513257,142.56002010177,182602040.59141
2022-05-13,144.58843062887,148.1054245693,143.10796491649,147.11100620183,113990851.92824
2022-05-16,145.55037819249,147.51892067502,144.1815308683,145.54023106629,86643780.987239
2022-05-17,148.86037075847,149.76853855324,146.67873862577,149.23885856568,78336253.481395
2022-05-18,146.84921034591,147.3596107937,139.89842889988,140.81877324609,109742889.5834
2022-05-19,139.87813464748,141.65997000795,136.60061288534,137.3494707988,136095639.59032
2022-05-20,139.08970294185,140.69903715695,132.60873343882,137.5899576897,137426124.66913
2022-05-23,137.78985607581,143.25915709685,137.64982573427,143.10796491649,117726264.22708
2022-05-24,140.80355255679,141.97148678225,137.33019125902,140.36215256716,104132745.50064
2022-05-25,138.43013973895,141.78579437282,138.33983031578,140.51943302323,92482695.261141
2022-05-26,137.39005930359,144.34084074962,137.13942528649,143.77868995822,90601547.867639
2022-05-27,145.38903888593,149.6792438427,145.25915567059,149.64068476314,90978502.871957
2022-05-31,149.06838684554,150.6604709461,146.83906321971,148.84007650607,103718415.38216
2022-06-01,149.90045119382,151.74012517363,147.68025998157,148.71222271597,74286634.978993
2022-06-02,147.83145216193,151.26929851801,146.85935747211,151.20841576082,72348054.575534
2022-06-03,146.8999459769,147.97148250347,144.4575327009,145.37889175974,88570288.021588
2022-06-06,147.03084390487,148.56914823657,144.90096211578,146.13891151201,71598379.263418
2022-06-07,144.3448996001,149.00040110001,144.10136857133,148.71222271597,67808149.473494
2022-06-08,148.58031007539,149.87000981523,147.45803791783,147.96133537728,53950200.212981
2022-06-09,147.08056482324,147.95118825108,142.52957872317,142.64018239874,69472975.52073
2022-06-10,140.28097555757,140.7578904889,137.05926298952,137.12927816029,91566636.879873
2022-06-13,132.86951458212,135.19929475732,131.44079921336,131.88016977776,122207098.41699
2022-06-14,133.13029572542,133.89133019032,131.48138771815,132.75891090656,84784325.449706
2022-06-15,134.2890975373,137.3393236726,132.16023046084,135.4286198094,91532971.190365
2022-06-16,132.08006816387,132.39057022555,129.03998915478,130.06079005035,107961507.38254
2022-06-17,130.06586361345,133.08057480705,129.81015603325,131.5605353025,134520289.12289
2022-06-21,133.41847410946,137.05926298952,133.32106169796,135.87103451166,81000487.61734
2022-06-22,134.79036557151,137.76042940984,133.90959501748,135.34845751244,73409233.848292
2022-06-23,136.82080552385,138.59046433288,135.63156233338,138.26981514501,72433767.513658
2022-06-24,139.89842889988,141.91060402506,139.77057510978,141.65997000795,89116836.856348
2022-06-27,142.69599159283,143.49254099942,140.96489186335,141.65997000795,70207907.742332
2022-06-28,142.12978195095,143.42354054127,137.32511769592,137.43978022196,67315327.180548
2022-06-29,137.46007447436,140.66859577835,136.66961334349,139.22973328339,66242410.594419
2022-06-30,137.25002896205,138.37027169437,133.77463823903,136.72034897448,98964466.425983
2022-07-01,136.03947680656,139.03998202348,135.66098899935,138.92937834792,71051551.531959
2022-07-05,137.77057653604,141.61024908958,136.92937977417,141.55951345859,73429640.611345
2022-07-06,141.35454150938,144.12166282373,141.08158381464,142.9192283692,74064253.788906
2022-07-07,143.28959847545,146.54987012305,143.27945134925,146.35098644956,66253708.374476
2022-07-08,145.26321452107,147.54936205361,145.00243337777,147.04099103106,64547797.788441
2022-07-11,145.67112899425,146.63815012098,143.77868995822,144.87052073719,63305112.938245
2022-07-12,145.76143841742,148.44839743481,145.05215429614,145.85885082893,77588758.096834
2022-07-13,142.99025825259,146.45144299893,142.11963482475,145.4894954353,71185559.917525
2022-07-14,144.08107431894,148.94966546902,143.25002468327,148.4686916872,78140743.938972
2022-07-15,149.77868567944,150.86239875745,148.19877813032,150.17137946333,76259930.630208
2022-07-18,150.74164795569,151.57066816611,146.69903287817,147.07041769704,81420867.724625
2022-07-19,147.92074687248,151.22871001322,146.9100931031,150.99938496113,82982366.979676
2022-07-20,151.09781208526,153.71982949497,150.36823371158,153.04098675229,64823412.76999
2022-07-21,154.50014349964,155.56863588835,151.93900884712,155.35047267508,65086635.080201
2022-07-22,155.39004646726,156.27994943487,153.4093274333,154.0891848886,66675407.081702
2022-07-25,154.00902259163,155.03997061341,152.28198171263,152.95067732912,53623944.292318
2022-07-26,152.26676102333,153.08664882018,150.80151600026,151.60110954471,55138690.408528
2022-07-27,152.57929251025,157.33119170905,152.16021619825,156.79136459528,78620687.708734
2022-07-28,156.98010114258,157.63966434548,154.40983407648,157.35047124883,81378730.671076
2022-07-29,161.23885000812,163.62951294051,159.50064729031,162.51129963343,101786859.62772
2022-08-01,161.01155438127,163.58892443571,160.88978886689,161.50977827762,67829378.144132
2022-08-02,160.10034244864,162.40982837144,159.63053050565,160.01003302547,59907024.718468
2022-08-03,160.84006794852,166.59044436526,160.75077323797,166.13077954846,82507487.698026
2022-08-04,166.00394047098,167.19115423621,164.43012119758,165.81013036058,55474143.021749
2022-08-05,163.21102290679,165.84966933966,163.00025544979,165.35010993436,56696984.980043
2022-08-08,166.37050815168,167.81244128301,164.20000866658,164.86980332561,60362337.169531
2022-08-09,164.01862705695,165.81927018721,163.25054180498,164.9204685797,63135502.971834
2022-08-10,167.68071162238,169.34151865136,166.90148001452,169.24018814319,70170539.239205
2022-08-11,170.05995195432,170.98915271428,168.18837746833,168.49135568778,57149158.770793
2022-08-12,169.82081195503,172.1706664396,169.39927704102,172.09973508388,68039381.467572
2022-08-15,171.52215118728,173.39068575802,171.34482279798,173.19005135184,54091693.594897
2022-08-16,172.77966279373,173.71089016385,171.66198728856,173.030962454,56377049.744506
2022-08-17,172.76952974291,176.14991549562,172.56788203164,174.55092007662,79542036.699407
2022-08-18,173.75040906204,174.89949702474,173.12114660628,174.15066456933,62290074.467199
2022-08-19,173.030962454,173.74027601123,171.30935712011,171.52215118728,70346294.797139
2022-08-22,169.69009559948,169.86033085322,167.13656679348,167.56924806339,69026808.667952
2022-08-23,167.08083501399,168.71124289052,166.64916704916,167.229790861,54147078.691657
2022-08-24,167.229790861,168.11035297704,166.24688493171,167.5297291652,53841523.133338
2022-08-25,168.77913433099,170.1389897507,168.34949297633,170.03056610695,51218208.548339
2022-08-26,170.57065771552,171.04893771411,163.55959985492,163.61938485474,78960979.710149
2022-08-29,161.14590715019,162.8999382467,159.81949079819,161.37998062408,73313952.863964
2022-08-30,162.12881307949,162.56048104431,157.71992266881,158.91055613986,77906196.68453
2022-08-31,160.30486393234,160.5794696095,157.13929885697,157.22036326351,87991090.349904
2022-09-01,156.64176606183,158.42112978538,154.66987437275,157.96007597318,74229895.176618
2022-09-02,159.74957274755,160.36160901692,154.96575945662,155.8108558948,76957767.610886
2022-09-06,156.47051750301,157.09066021304,153.6900083587,154.52902496639,73714842.988091
2022-09-07,154.82491005026,156.67216521428,153.60995725724,155.9608250469,87449573.278802
2022-09-08,154.6394752203,156.35905394402,152.6797431922,154.46012022083,84923846.282952
2022-09-09,155.46937208225,157.8202398719,154.74992547421,157.36931911052,68081005.654364
2022-09-12,159.59048384971,164.25878036132,159.30067859633,163.42989680445,104955961.35437
2022-09-13,159.90055520473,160.53995071131,153.36980395287,153.83896420572,122656613.72757
2022-09-14,154.78539115207,157.10079326386,153.60995725724,155.30926987933,87965408.054938
2022-09-15,154.64960827112,155.24137843886,151.3806860774,152.36967183719,90481109.442328
2022-09-16,151.21146412875,151.35130023003,148.37015667953,150.69974506247,162278840.75794
2022-09-19,149.31050379539,154.55942411884,149.09973633839,154.48038632246,81474245.503319
2022-09-20,153.40020310532,158.07863266775,153.07999869949,156.89813224751,107689795.468
2022-09-21,157.33993326315,158.73829427596,153.60083751151,153.72040751115,101696789.89703
2022-09-22,152.379804888,154.47025327165,150.90848590931,152.7405414971,86652541.847155
2022-09-23,151.19119802711,151.46985692459,148.5606580349,150.43020591072,96029908.220982
2022-09-26,149.66009404859,153.76904615508,149.63982794696,150.76966311311,93339408.539188
2022-09-27,152.7405414971,154.72053962684,149.94584608165,151.75966217797,84442740.43558
2022-09-28,147.64057702067,150.64299997789,144.84182838489,149.83944904806,146691386.11617
2022-09-29,146.10035329642,146.72049600645,140.67917110907,142.48082754442,128138236.29125
2022-09-30,141.27803441238,143.09995694937,137.99999247293,138.19961357404,124925273.03009
2022-10-03,138.20974662486,143.06955779691,137.68384128743,142.45042839197,114311662.97945
2022-10-04,145.02928982501,146.22093660115,144.25715135272,146.10035329642,87830063.821034
2022-10-05,144.07678304817,147.38015761466,143.00977279709,146.39927829553,79470967.283792
2022-10-06,145.81054804304,147.54025981758,145.21979118038,145.43157194246,68402168.555708
2022-10-07,142.54162584932,143.09995694937,139.44597882459,140.09145416166,85925558.421068
2022-10-10,140.41875170306,141.89007068176,138.57250984412,140.41875170306,74899001.660158
2022-10-11,139.89892619613,141.34896576811,138.21987967567,138.9788451819,77033671.700765
2022-10-12,139.12982763908,140.35896670324,138.16009467585,138.3404629804,70433743.287822
2022-10-13,134.98946307506,143.58836999877,134.36932036504,142.98950669546,113223974.76012
2022-10-14,144.30781660681,144.52061067397,138.18948052322,138.37998187859,88597968.782745
2022-10-17,141.0662536503,142.89932254318,140.27283577129,142.4098961887,85250938.296967
2022-10-18,145.49135694229,146.70022990481,140.60823975335,143.74948550677,99136609.309042
2022-10-19,141.69044958066,144.94721211339,141.49994822529,143.86094906576,61758339.247762
2022-10-20,143.01990584791,145.88857253433,142.65106279815,143.39077550783,64521988.666328
2022-10-21,142.86892339073,147.84830456243,142.65004949307,147.26869405567,86548608.686356
2022-10-24,147.18357642881,150.22957150454,146.00003609332,149.45033989667,75981917.378007
2022-10-25,150.08973540325,152.48924183683,149.3601557444,152.33927268473,74732289.775412
2022-10-26,150.95915116339,151.99069573661,148.03981922288,149.35103599866,88436171.508702
2022-10-27,148.06920507025,149.04501786397,144.1304882175,144.8023094867,109180149.1899
2022-10-28,148.19890812072,157.50003546607,147.81993202014,155.74093784416,164762370.19575
2022-10-31,153.15498327554,154.24023301809,151.91976438089,153.33940480042,97943170.115078
2022-11-01,155.07924962578,155.44910598061,149.13013549084,150.65211972362,80379344.253947
2022-11-02,148.9436873558,152.17005073608,144.99889067256,145.02928982501,93604622.841219
2022-11-03,142.05929263041,142.80001864517,138.74983823343,138.87954128389,97918515.151385
2022-11-04,142.09008527427,142.66974751155,134.3804763557,138.38044928104,140814795.65669
2022-11-07,137.11085746988,139.14625087549,135.67030070568,138.91964644068,83374627.116426
2022-11-08,140.40876129806,141.43050450863,137.48920594588,139.49829705102,89908476.434863
2022-11-09,138.49982126009,138.54939098021,134.59291801334,134.86909216828,74917793.22645
2022-11-10,141.23930701675,146.87002257124,139.49829705102,146.87002257124,118854027.2191
2022-11-11,145.82096543326,150.00910096965,144.37029239964,149.7005547526,93979664.965375
2022-11-14,148.97117172802,150.28122861682,147.43046389664,148.28124215415,73374113.499798
2022-11-15,152.21444770138,153.58924871441,148.56146281685,150.03944977789,89868331.201134
2022-11-16,149.12999715779,149.86949645177,147.28984775182,148.78907887862,64218265.999933
2022-11-17,146.42996485183,151.47899491516,146.14873256219,150.71926308235,80389399.185918
2022-11-18,152.3034708722,152.70002863313,149.96964751895,151.28982067716,74829572.958316
2022-11-21,150.16084501083,150.37126341459,147.71371944016,148.00911450698,58724069.697059
2022-11-22,148.13050973992,150.42184476164,146.92465042606,150.18006592271,51804131.412314
2022-11-23,149.45068289813,151.83205271762,149.33940393461,151.07232088481,58301394.121109
2022-11-25,148.30552120074,148.88012530332,147.1198944257,148.1102772011,35195859.808987
2022-11-28,145.1411521288,146.6403832556,143.3788979973,144.2195599854,69346521.079874
2022-11-29,144.29037387128,144.80832686516,140.3531218163,141.16950475781,83763802.200621
2022-11-30,141.39509756569,148.71927661968,140.55038906982,148.02934704581,111380879.07286
2022-12-01,148.21143989521,149.12999715779,146.61003444736,148.31057933545,71250415.610199
2022-12-02,145.96056995114,147.99899823757,145.64898885326,147.80982399957,65447445.403337
2022-12-05,147.76935892193,150.92057684364,145.7703840862,146.63026698618,68826441.020127
2022-12-06,147.07437121335,147.29996402123,141.91912032121,142.91051472354,64727185.819141
2022-12-07,142.19023634144,143.36878172789,140.00208726771,140.93885381523,69721093.943233
2022-12-08,142.36018966755,143.51951414212,141.09869087193,142.64951497273,62128337.475907
2022-12-09,142.34198038261,145.57008195185,140.89940036452,142.15988753321,76097010.536177
2022-12-12,142.69908469284,144.50180390199,141.05822579428,144.49168763258,70462653.869603
2022-12-13,149.50126424519,149.96964751895,144.23979252423,145.46891925773,93886160.140472
2022-12-14,145.35055890562,146.65555765971,141.1593884884,143.20894467119,82291181.277444
2022-12-15,141.10880714134,141.79873671521,136.02538176202,136.49882317048,98931906.543939
2022-12-16,136.68395090072,137.65005462952,133.73101185947,134.51097623111,160156899.15741
2022-12-19,135.10985938027,135.20090580498,131.31929323175,132.36936199668,79592613.367741
2022-12-20,131.38909549069,133.24947743548,129.8898643639,132.29955973774,77432818.179311
2022-12-21,132.97937304219,136.80939264142,132.75074535349,135.45178928638,85927992.289799
2022-12-22,134.35215080135,134.55953432428,130.29957327507,132.22874585185,77852107.131338
2022-12-23,130.91868896305,132.41488520903,129.63999250943,131.86051364527,63814892.994137
2022-12-27,131.37897922128,131.40932802952,128.71941199298,130.03048050872,69007829.032381
2022-12-28,129.67034131767,131.0279446727,125.86965889973,126.03961222585,85438390.856851
2022-12-29,127.9900289684,130.48065449753,127.73004084452,129.6096437012,75703709.425053
2022-12-30,128.40884252204,129.95056198037,127.43161089688,129.93032944154,77034208.787258
2023-01-03,130.27934073624,130.89946805117,124.17113726553,125.07047361622,112117470.76461
2023-01-04,126.88937885642,128.65567949568,125.07957825869,126.35928633925,89113632.043828
2023-01-05,127.13014606842,127.76949429523,124.75990414528,125.0209038961,80962707.365449
2023-01-06,126.01027504455,130.28945700565,124.89040402069,129.61975997061,87754714.102767
2023-01-09,130.46446846647,133.41133774607,129.8898643639,130.14985248777,70790812.389799
2023-01-10,130.25910819742,131.26264212305,128.12154047075,130.730526352,63896154.175166
2023-01-11,131.24949097281,133.50946555936,130.45941033177,133.49024464748,69458948.888361
2023-01-12,133.87870939288,134.25908112276,131.43967683775,133.41133774607,71379647.043923
2023-01-13,132.03046697139,134.91866188839,131.66021151092,134.75983645863,57809718.801124
2023-01-17,134.82862709063,137.29092706541,134.13060450123,135.94040509896,63646626.419697
2023-01-18,136.81445077613,138.61008859668,135.02892922498,135.21102207439,69672799.460343
2023-01-19,134.08002315417,136.24996294296,133.77046531018,135.27070806392,58280412.078089
2023-01-20,135.28082433333,138.02031008999,134.21962767205,137.87058930269,80223625.625352
2023-01-23,138.12046115716,143.31415387307,137.89992648399,141.10880714134,81760312.655672
2023-01-24,140.30355209618,143.16038657801,140.29849396147,142.52913136673,66435141.518721
2023-01-25,140.88928409511,142.42898029955,138.80937910409,141.85943433168,65799348.842754
2023-01-26,143.16949122048,144.24990879364,141.89989940933,143.95957186153,54105067.56308
2023-01-27,143.15532844331,147.23016176229,143.0814796766,145.93123276984,70555842.372365
2023-01-30,144.95400114468,145.54984941303,142.84981710708,143.00156114825,64015273.185443
2023-01-31,142.69908469284,144.3399435914,142.28128276614,144.29037387128,65874458.546646
2023-02-01,143.96968813094,146.61003444736,141.32023717204,145.42845418009,77663632.514616
2023-02-02,148.90035784214,151.18056496751,148.17097481757,150.81941414952,118338979.64692
2023-02-03,148.02934704581,157.38082648987,147.82904491146,154.49971296145,154357336.33311
2023-02-06,152.57559851937,153.09962127489,150.77894907187,151.7308900235,69858305.591472
2023-02-07,150.63833292705,155.22909598603,150.63833292705,154.65044537569,83322550.606937
2023-02-08,153.87958564652,154.57963148981,151.16943707116,151.9200642615,64120078.618836
2023-02-09,153.77639969853,154.3287480084,150.42184476164,150.86999549658,56007142.252587
2023-02-10,149.46021654588,151.33897413385,149.22082646613,151.01069659831,57450707.431164
2023-02-13,150.95211168428,154.26013915771,150.92079905782,153.85004475947,62199012.085882
2023-02-14,152.11875954132,153.77024806622,150.86120405906,153.20056028149,61707572.122623
2023-02-15,153.11066274099,155.49951311493,152.87935333903,155.3308289659,65669251.674948
2023-02-16,153.51065629197,156.32980275864,153.34702256657,153.70964298274,68167941.080161
2023-02-17,152.351079028,152.99955342127,150.85211329654,152.55006571877,59144117.853236
2023-02-21,150.20161873382,151.29857074486,148.40467800856,148.47942427819,58867229.199088
2023-02-22,148.87032706665,149.95010763737,147.16126371244,148.90972037092,51011304.041643
2023-02-23,150.0905094141,150.33899025638,147.2410604057,149.3996114624,48394248.328066
2023-02-24,147.11075947621,147.19156625419,145.72088289501,146.70874575577,55469605.300771
2023-02-27,147.70973971796,149.17032222989,147.45014794371,147.92084742543,44998469.8195
2023-02-28,147.05015439273,149.07941460467,146.82894583802,147.40974455472,50546997.445843
2023-03-01,146.82894583802,147.228939389,145.01079333354,145.30977841205,55478990.652087
2023-03-02,144.38151055004,146.70874575577,143.89869005163,145.90976873853,52279760.012372
2023-03-03,148.04710801602,151.10968490134,147.3309579462,151.03089829281,70732296.264073
2023-03-06,153.78539933709,156.30152038635,153.46015205574,153.8308531497,87558027.397548
2023-03-07,153.69954213549,154.02882975575,151.12786642638,151.60159616227,56182027.716828
2023-03-08,152.80965749302,153.47025290298,151.82987531005,152.86925249178,47204790.68099
2023-03-09,153.56015044348,154.53589228755,150.22384059777,150.58949126811,53833581.153911
2023-03-10,150.20969941162,150.94100075231,147.60873124549,148.49962597269,68572399.231053
2023-03-13,147.80468768209,153.139955198,147.69963887072,150.46929118587,84457121.183072
2023-03-14,151.27937913509,153.39954697225,150.10061026135,152.59046910776,73695892.214759
2023-03-15,151.18847150986,153.24500400937,149.92081518035,152.98945257402,77167865.321774
2023-03-16,152.15916293031,156.4590936034,151.64199955126,155.8500125144,76254418.184689
2023-03-17,156.08031183163,156.73888707214,154.2803408522,154.99952117619,98944632.618513
2023-03-20,155.07022710692,157.81967772758,154.14902983799,157.39948248211,73641414.606441
2023-03-21,157.31968578885,159.39945023703,156.53990038138,159.28026023952,73938284.752741
2023-03-22,159.29945184928,162.14082017989,157.80957688034,157.82977857483,75701810.085244
2023-03-23,158.83077253702,161.54891053121,157.68028603557,158.92875075532,67622059.149159
2023-03-24,158.86107507876,160.33983911574,157.84998026933,160.25095165996,59256342.102576
2023-03-27,159.94085564948,160.76912512374,157.87018196382,158.27926627733,52390265.594002
2023-03-28,157.97018035157,158.48936390007,155.98031344389,157.64998349383,45992151.810175
2023-03-29,159.37015778001,161.05093876193,159.34995608552,160.76912512374,51305690.237896
2023-03-30,161.52870883672,162.47010780015,161.27012714719,162.36000856516,49501688.102804
2023-03-31,162.43980525841,165.00037003555,161.90951077794,164.90138173253,68749791.281063
2023-04-03,164.26906869486,166.290248229,164.22058462807,166.16903806204,56976186.840688
2023-04-04,166.59630390059,166.83872423452,165.10945918582,165.63066290377,46278294.143516
2023-04-05,164.73976817657,165.04986418706,161.80143171239,163.75897590888,51511743.249993
2023-04-06,162.42970441116,164.95996664656,161.99940831843,164.65997148332,45390122.113929
2023-04-10,161.42062977118,162.02971086018,160.07923725676,162.02971086018,47716881.387192
2023-04-11,162.34990771791,162.36000856516,160.50953334949,160.79942766548,47644216.195645
2023-04-12,161.21962291096,162.06001340192,159.78025217825,160.09943895125,50133061.872151
2023-04-13,161.62971730919,165.80136722224,161.42062977118,165.55995697304,68445648.477509
2023-04-14,164.59027563732,166.32055077074,163.81958099236,165.20945757356,49386479.945357
2023-04-17,165.08925749132,165.39026273929,164.0296786151,165.22864918333,41516216.38674
2023-04-18,166.09934221603,167.41043218871,165.65086459826,166.47105339473,49923007.215537
2023-04-19,165.80136722224,168.16092513917,165.53975527854,167.62861048924,47720165.270136
2023-04-20,166.08924136879,167.87002073845,165.55995697304,166.649838391,52456376.879884
2023-04-21,165.04986418706,166.45287186968,164.48926716484,165.01956164532,58337340.975946
2023-04-24,165.00037003555,165.60036036203,163.89028692309,165.3296576558,41949580.033662
2023-04-25,165.18925587907,166.30539949987,163.72968345186,163.76907675613,48714062.094275
2023-04-26,163.05494685576,165.27915341957,162.7993954204,163.75897590888,45498795.176015
2023-04-27,165.18925587907,168.55990860543,165.18925587907,168.40940598144,64902328.880207
2023-04-28,168.49021275942,169.84877671416,167.8801215857,169.6790824804,55275850.266948
2023-05-01,169.28009901414,170.44876704063,168.63970529868,169.59019502463,52472935.886857
2023-05-02,170.09119704809,170.34977873761,167.53972303347,168.53970691093,48425695.195069
2023-05-03,169.50029748413,170.9214866918,167.1609412617,167.44881540824,65136017.197856
2023-05-04,164.89128088528,167.03973109474,164.30947208385,165.791266375,81235426.091173
2023-05-05,170.97704135166,174.29921001123,170.75987313584,173.56992883999,113453170.01295
2023-05-08,172.48105750675,173.84972230873,172.10934632806,173.49922290926,55962792.642202
2023-05-09,173.04973520676,173.53962629825,171.6002636268,171.77197803,45326873.954208
2023-05-10,173.01943266502,174.03153755918,171.90126887477,173.55477756912,53724500.205249
2023-05-11,173.84972230873,174.59011441194,172.16894132681,173.74972392099,49514675.132188
2023-05-12,173.61967145415,174.05946007604,170.99909613382,172.57063437442,45533137.810594
2023-05-15,173.15870035277,173.20913482776,171.4711628197,172.06931569304,37266658.381487
2023-05-16,171.98962922256,173.13852656277,171.79797821761,172.06931569304,42110292.62298
2023-05-17,171.71022223114,172.92569307833,170.41909967146,172.68965973539,57951603.555666
2023-05-18,173.00033610131,175.24063548024,172.58072126942,175.05100185429,65496656.817271
2023-05-19,176.38953282045,176.38953282045,174.94004600932,175.16094900976,55809474.584812
2023-05-22,173.97876491606,174.70905611388,173.4512203077,174.20067660601,43570931.402676
2023-05-23,173.13045704678,173.38061204271,171.27446836725,171.56194487467,50747262.673922
2023-05-24,171.08987818879,172.41832225996,170.51996862144,171.8393344871,45143487.675345
2023-05-25,172.40924405446,173.89403499808,171.69004844114,172.99024920631,56058257.783272
2023-05-26,173.32009067273,175.77019746761,173.11028325678,175.4282517272,54834974.503025
2023-05-30,176.95843369831,178.9909430403,176.57109693041,177.30037943872,55964400.357351
2023-05-31,177.32559667622,179.35003650221,176.76073055636,177.24994496374,99625287.093182
2023-06-01,177.69982048062,180.11966659051,176.93119908182,180.08940590552,68901808.750415
2023-06-02,181.03051320878,181.78097819659,179.25925444723,180.9498180488,61996912.841655
2023-06-05,182.63130344488,184.95028060479,178.03571408404,179.58001770815,121946496.94585
2023-06-06,179.96432840755,180.11966659051,177.43050038419,179.20982866174,64848373.078652
2023-06-07,178.43918988394,181.21106862924,177.32055322872,177.81985453109,61944614.289908
2023-06-08,177.89449755407,180.83987089333,177.46076106918,180.5685334179,50214880.806028
2023-06-09,181.49955382616,182.22883633448,180.62905478788,180.9599049438,48899972.699683
2023-06-12,181.27058130972,183.89014794056,180.9699918388,183.79028768008,54754994.489333
2023-06-13,182.79975459133,184.15038983149,182.43965243993,183.31015147821,54929128.353168
2023-06-14,183.37067284819,184.39045793243,182.02104629753,183.94865193154,57462881.307516
2023-06-15,183.95873882654,186.5187927769,183.78020078509,186.01041326902,65433165.52484
2023-06-16,186.72960888234,186.98985077328,184.27042388196,184.9200199198,101256224.06677
2023-06-20,184.41063172243,186.099177945,184.41063172243,185.00979328528,49799091.804451
2023-06-21,184.8998461298,185.41024301668,182.59095586489,183.95873882654,49515696.369015
2023-06-22,183.7398532051,187.04532869576,183.67025362962,186.99993766827,51245326.746292
2023-06-23,185.55045085714,187.56076903013,185.00979328528,186.68018309685,53116995.87785
2023-06-26,187.32170961869,188.04998343751,185.23069628572,185.27104386571,48088660.596001
2023-06-27,185.88937052905,188.38991179892,185.66947621811,188.06007033251,50730845.332407
2023-06-28,187.92994938704,189.90092866954,187.60111661012,189.24931525271,51216800.624024
2023-06-29,189.08187279575,190.069379816,188.94065626578,189.58924361412,46347307.086875
2023-06-30,191.6298224721,194.48037899839,191.2606421152,193.96897342201,85213215.783159
2023-07-03,193.78034848556,193.88020874604,191.75893472807,192.4589652409,31458197.996523
2023-07-05,191.56627503362,192.98045771226,190.62113297236,191.33024169068,46920260.409127
2023-07-06,189.84141598906,192.02018530851,189.19988946722,191.80936920306,45156008.872406
2023-07-07,191.40992816116,192.66978134634,190.23883965196,190.68064565284,46814997.094671
2023-07-10,189.2594021477,189.99171072452,187.03524180077,188.60980610987,59922162.385218
2023-07-11,189.15954188723,189.29974972769,186.59948793688,188.0802441225,46638118.084783
2023-07-12,189.6800256691,191.69942204759,188.4695982694,189.77080772407,60750247.737758
2023-07-13,190.50009023239,191.19003385022,189.78089461907,190.54043781238,41342337.766509
2023-07-14,190.22875275696,191.17994695522,189.62959119411,190.69073254784,41616241.678536
2023-07-17,191.89914256854,194.32100605743,191.80936920306,193.98914721201,50520158.099068
2023-07-18,193.34963806917,194.33109295242,192.41458290291,193.72991401057,48353773.894065
2023-07-19,193.10049176273,198.23169524794,192.64960755635,195.10072304073,80507322.640424
2023-07-20,195.09063614573,196.46951469188,192.49426937339,193.12974375823,59581195.219319
2023-07-21,194.09909436748,194.96959340576,191.23038143021,191.93949014853,71951682.87003
2023-07-24,193.41015943916,194.91008072528,192.25016651445,192.75047650632,45505096.475766
2023-07-25,193.32946427918,194.44104010789,192.91590158428,193.6209755446,37283200.637557
2023-07-26,193.67141001959,195.63936323359,193.31937738418,194.50055278838,47471867.221869
2023-07-27,196.0206478645,197.1998058897,192.54974729587,193.2185084342,47460179.779893
2023-07-28,194.66900393484,196.62687025384,194.13944194747,195.83101423854,48291442.522502
2023-07-31,196.05998675499,196.48968848188,195.26009598169,196.44934090189,38824112.88101
2023-08-01,196.23449003844,196.73177396182,195.28026977168,195.6040591011,35281425.065878
2023-08-02,195.04020167074,195.18141820071,191.85072547255,192.58000798086,50389326.95625
2023-08-03,191.57131848112,192.36919187542,190.69073254784,191.16986006022,62243281.025386
2023-08-04,185.52019017215,187.38021360968,181.92118603706,181.99078561254,115956840.06777
2023-08-07,182.1299847635,183.12858736825,177.35081391371,178.85073519983,97576068.775234
2023-08-08,179.69097355312,180.27097001547,177.57978643015,179.79991201909,67823002.041042
2023-08-09,180.87013157832,180.92964425881,177.0088681733,178.191052267,60378491.116821
2023-08-10,179.48015744767,180.75009752785,177.59895153065,177.97014926655,54686850.625421
2023-08-11,177.31915873724,178.62062811495,176.5495591981,177.79058882143,52036671.758871
2023-08-14,177.96989342609,179.69041176752,177.30404879864,179.46074070087,43675626.861168
2023-08-15,178.87951172955,179.48088728566,177.05020183024,177.4501115384,43622592.562258
2023-08-16,177.13078816941,178.54004177577,176.50020006535,176.56970578289,46964856.31007
2023-08-17,177.14086146181,177.50551464659,173.4802270047,174.00101622163,66062881.306845
2023-08-18,172.300644465,175.10001242216,171.96016718197,174.48957090289,61172149.651514
2023-08-21,175.06979254496,176.12950290514,173.73407397311,175.84039941334,46311878.143579
2023-08-22,177.06027512263,177.67978260506,176.25038241391,177.23051376415,42084244.484083
2023-08-23,178.51989519098,181.54994154403,178.32447331847,181.11880462943,52722751.317326
2023-08-24,180.67356510548,181.1026873616,176.00963072562,176.38032788583,54945797.082026
2023-08-25,177.37959849162,179.1494759658,175.82025282855,178.61055482255,51449593.595461
2023-08-28,180.09032147569,180.58995677858,178.54507842197,180.19004707042,43820696.610203
2023-08-29,179.69544841372,184.90031859531,179.50002654122,184.12064576378,53003947.364093
2023-08-30,184.9406117649,187.85078593843,184.73914591696,187.64932009049,60813887.441133
2023-08-31,187.84071264603,189.12002078047,187.47908144897,187.87093252322,60794466.779815
2023-09-01,189.48568129448,189.91883286756,188.27890086531,189.46049806349,45766502.333623
2023-09-05,188.27890086531,189.97927262194,187.61003425014,189.70124975178,45280026.829209
2023-09-06,188.39877304483,188.8520712027,181.47036253409,182.9088286884,81755815.033778
2023-09-07,175.17959143209,178.20963778515,173.54066675908,177.55991042553,112488802.60084
2023-09-08,178.34965654947,180.23839887393,177.79058882143,178.18042523719,65602065.734637
2023-09-11,180.07017489089,180.29984595755,177.33930532203,179.3600077769,58953051.950508
2023-09-12,179.49096057806,180.13061464528,174.81997489352,176.30074887589,90370191.205845
2023-09-13,176.51027335775,177.29901215245,173.98086963684,174.21054070349,84267927.161809
2023-09-14,174.00101622163,176.09928302795,173.57995259943,175.74067381861,60895756.40388
2023-09-15,176.48005348056,176.49516341916,173.81969695848,175.01036011982,109259460.22522
2023-09-18,176.48005348056,179.38015436169,176.16979607473,177.96989342609,67257572.131411
2023-09-19,177.51961725594,179.62997201314,177.13078816941,179.06989695586,51826940.926417
2023-09-20,179.26028218217,179.69544841372,175.40019653559,175.48984883792,58436180.227268
2023-09-21,174.54900332803,176.30074887589,173.85999012807,173.93050317485,63149115.991307
2023-09-22,174.6698828368,177.07941437819,174.05037535438,174.79076234556,56725384.062458
2023-09-25,174.20046741109,176.9706228203,174.15010094911,176.07913644316,46172739.920965
2023-09-26,174.81997489352,175.19873068765,171.65998306854,171.96016718197,64588944.14562
2023-09-27,172.61996783398,173.04002412694,169.04999300845,170.43104139609,66921807.034294
2023-09-28,169.33909650024,172.03068022875,167.62059281729,170.68891768146,56294418.710828
2023-09-29,172.02060693636,173.07024400414,170.34138909376,171.21071422763,51861082.693224
2023-10-02,171.22078752002,174.30019300582,170.92866204051,173.7491839117,52164534.621302
2023-10-03,172.25531464921,173.62931173218,170.81987048262,172.39936273049,49594612.198778
2023-10-04,171.08983471886,174.21054070349,170.9689552101,173.65953160937,53020285.61712
2023-10-05,173.78947708129,175.44955566834,172.68040758837,174.91063452509,48527917.261671
2023-10-06,173.79955037369,177.99004001089,173.1810502205,177.48939737875,57266674.812795
2023-10-09,176.80945014195,179.04975037107,175.80010624376,178.98931061668,42390771.871383
2023-10-10,178.09983889802,179.71962431547,177.95075417054,178.38994971905,43698018.745679
2023-10-11,178.19956449275,179.8495697874,177.59919626588,179.79920332541,47551097.607075
2023-10-12,180.07017489089,182.3406949972,179.03967707867,180.70982895811,56743118.085552
2023-10-13,181.41999607211,181.92869733816,178.14013206761,178.84929185236,51456081.04737
2023-10-16,176.74901038756,179.07493360206,176.51027335775,178.72136103892,52516983.439428
2023-10-17,176.64525547587,178.42016959625,174.80083563796,177.15093475421,57549349.025728
2023-10-18,175.5805084695,177.57502036413,175.11008571455,175.84039941334,54764374.769643
2023-10-19,176.03985060281,177.84095528341,175.18865739525,175.45962896073,59302862.10801
2023-10-20,175.30953690402,175.42034312038,172.64011441878,172.87985877783,64244027.125144
2023-10-23,170.90851545571,174.01108951403,169.92939143471,172.99973095736,55980108.366684
2023-10-24,173.05009741934,173.66859757252,171.45045858668,173.43993383511,43816643.317755
2023-10-25,171.8795808428,173.06017071174,170.64862451187,171.09990801126,57156961.924851
2023-10-26,170.37060164171,171.37793088142,165.66939607997,166.89128644774,70625257.557648
2023-10-27,166.9104257033,168.96034070611,166.83084669336,168.21995371492,58499128.861638
2023-10-30,169.02078046049,171.17042105804,168.87068840378,170.29001530253,51130954.974297
2023-10-31,169.34916979264,170.89844216332,167.89962301669,170.76950402063,44846016.792803
2023-11-01,170.99917508729,174.22967995904,170.11876933178,173.97079634444,56934905.43013
2023-11-02,175.52006871512,177.78051552903,175.45962896073,177.56998371793,77334751.07134
2023-11-03,174.23975325144,176.81952343434,173.34927420354,176.65029212207,79829245.324996
2023-11-06,176.38032788583,179.43052082368,176.21008924432,179.23006230497,63841309.737415
2023-11-07,179.17969584299,182.44142792118,178.97017136113,181.82091310951,70529965.972517
2023-11-08,182.3507682896,183.45077181937,181.59023471362,182.88868210361,49340281.251259
2023-11-09,182.95919515039,184.12064576378,181.81083981712,182.41120804398,53763539.133929
2023-11-10,183.9709474004,186.56543140485,183.52931169743,186.39944076478,66177921.75229
2023-11-13,185.82098853424,186.02923133723,184.21037632365,184.79989459685,43627518.64837
2023-11-14,187.70020378058,188.10964735941,186.29984638074,187.43964877587,60108377.562387
2023-11-15,187.84506833918,189.49994472046,187.77967808704,188.01005297537,53790498.345983
2023-11-16,189.56935898813,190.96066235306,188.64987144254,189.70919352734,54412914.434975
2023-11-17,190.25142961822,190.37919211088,188.57140313996,189.68907344975,50941403.964471
2023-11-20,189.88926822171,191.90429399174,189.87920818292,191.44958023835,46538613.784839
2023-11-21,191.40934008318,191.52000050989,189.73937364371,190.63974711559,38134484.16384
2023-11-22,191.48982039351,192.93041794852,190.82485182937,191.30974569914,39630010.206146
2023-11-24,190.87012200393,190.90030212031,189.25045575842,189.96974853205,24048343.649838
2023-11-27,189.91944833809,190.66992723197,188.89936040458,189.78967383767,40552608.040203
2023-11-28,189.77961379888,191.08037681468,189.4013563403,190.39931218847,38415418.468214
2023-11-29,190.90030212031,192.0904047094,188.96877467225,189.37117622393,43014223.796572
2023-11-30,189.83997403163,190.32084388589,188.18912166587,189.94962845446,48794365.523899
2023-12-01,190.33090392468,191.56024066506,189.23033568084,191.23932542759,45704822.765395
2023-12-04,189.97980857084,190.05022884238,187.45071481854,189.43153645668,43389518.572076
2023-12-05,190.21118946306,194.40018961603,190.18100934668,193.42034183769,66628397.152406
2023-12-06,194.44948380611,194.76033900478,192.1095187831,192.31977359385,41089736.187692
2023-12-07,193.62959064457,194.99976792803,193.5893504894,194.26940911174,47477654.89545
2023-12-08,194.19999484407,195.98967574516,193.66983079973,195.71000666675,53406357.680136
2023-12-11,193.1104926429,193.48975610536,191.41940012197,193.17990691057,60943698.397005
2023-12-12,193.08031252653,194.72009884962,191.72120128573,194.71003881082,52696899.183246
2023-12-13,195.08930227328,198.00067749968,194.84987335003,197.96043734451,70404182.791555
2023-12-14,198.02079757726,199.62034374519,196.16069640463,198.11033192251,66831571.319252
2023-12-15,197.52986768421,198.40006103972,197.00070964376,197.57010783938,128538400.96841
2023-12-18,196.09027613308,196.62949421233,194.39012957724,195.89008136112,55751860.564164
2023-12-19,196.16069640463,196.9504094498,195.89008136112,196.940349411,40714050.75763
2023-12-20,196.90010925584,197.68076826609,194.82975327245,194.82975327245,52242814.453111
2023-12-21,196.10033617187,197.08018395021,193.49981614415,194.68086469833,46482548.394669
2023-12-22,195.17984262241,195.41021751075,192.96965209981,193.59941052819,37149569.472665
2023-12-26,193.60947056698,193.89014564928,192.82981756061,193.05013241015,28919309.95656
2023-12-27,192.49079425332,193.49981614415,191.08943084959,193.15073279807,48087680.376157
2023-12-28,194.13963461132,194.66074462074,193.17085287565,193.57929045061,34049897.528568
2023-12-29,193.90020568807,194.40018961603,191.72522530125,192.53103440848,42672147.580847
2024-01-02,187.14891365478,188.44062263567,183.88543707066,185.63990783598,82488673.966384
2024-01-03,184.22043636244,185.88034276311,183.42971731339,184.25061647881,58414459.640957
2024-01-04,182.15108638293,183.08767599446,180.87849147574,181.90964545192,71983569.34548
2024-01-05,181.99012576226,182.75971872984,180.16925874091,181.1802926395,62379660.056669
2024-01-08,182.08569613078,185.59966768082,181.50020187309,185.56043352953,59144469.748459
2024-01-09,183.92064720644,185.15098995069,182.72953861347,185.1409299119,42841808.954456
2024-01-10,184.35021086285,186.39944076478,183.92064720644,186.1901919579,46792907.038861
2024-01-11,186.54028130787,187.05032527462,183.61985204656,185.58960764202,49128407.973386
2024-01-12,186.05941145361,186.74047607983,185.1892180981,185.9195769144,40477781.290966
2024-01-16,182.16114642172,184.2606765176,180.93281568522,183.62991208535,65603040.271254
2024-01-17,181.27083298863,182.93073938931,180.30003924521,182.67923841951,47317432.84926
2024-01-18,186.08959156999,189.13979533171,185.83104857303,188.62975136496,78005753.87705
2024-01-19,189.33093606876,191.94956416631,188.81988609813,191.56024066506,68902984.802929
2024-01-22,192.29965351627,195.33074320429,192.26041936498,193.89014564928,60133851.619227
2024-01-23,195.01888200174,195.75024682191,193.82978541653,195.17984262241,42355589.159369
2024-01-24,195.42027754954,196.38000525029,194.33982938328,194.49978400007,53631315.063183
2024-01-25,195.22008277758,196.26632681194,193.11250465066,194.1698147277,54822125.58069
2024-01-26,194.26940911174,194.76033900478,191.93950412752,192.42037398177,44594010.945373
2024-01-29,192.00992439906,192.20005913223,189.57941902692,191.73025532064,47145621.384539
2024-01-30,190.94054227547,191.80067559219,187.46982889224,188.03922708787,55859369.095926
2024-01-31,187.04026523583,187.09559544918,184.35021086285,184.39950505293,55467802.017364
2024-02-01,183.98603745858,186.9497248867,183.82004681852,186.86019054145,64885407.849622
2024-02-02,179.86041555,187.32999435304,179.2507771992,185.85116865062,102551679.10719
2024-02-05,188.1488815107,189.25045575842,185.84110861182,187.68108970687,69668819.82199
2024-02-06,186.86019054145,189.31081599117,186.76965019232,189.30075595238,43490758.738348
2024-02-07,190.63974711559,191.05120270218,188.61164329513,189.41141637909,53438954.969946
2024-02-08,189.38626628211,189.53414885236,187.35011443062,188.31990217016,40962045.825203
2024-02-09,188.64957956431,189.99088316895,187.99952455892,188.84951920276,45155215.050044
2024-02-12,188.41447466283,188.66967400034,186.78983951024,187.15053463688,41781933.017295
2024-02-13,185.77004688199,186.21011503093,183.51243699462,185.03961413249,56529528.801385
2024-02-14,185.31993151504,185.5309230933,182.43939411091,184.1494306166,54630516.559723
2024-02-15,183.54961170127,184.49003130722,181.35027567838,183.86007073785,65434495.319528
2024-02-16,183.42000258891,184.85072643386,181.66475360216,182.30978499855,49752464.750754
2024-02-20,181.79034382732,182.4293468929,179.99992957753,181.55925781303,53665552.926195
2024-02-21,181.9410520975,182.88950947786,180.65902707913,182.31983221656,41529673.138302
2024-02-22,183.47928117518,184.95421277939,182.45948854694,184.36946469107,52292207.589893
2024-02-23,185.00947247846,185.03961413249,182.23041197626,182.51977185501,45119676.854341
2024-02-26,182.24045919427,182.7599003655,180.64897986112,181.16038325795,40867420.165205
2024-02-27,181.10009994987,183.92236348953,179.56086615039,182.63029125314,54318850.186388
2024-02-28,182.509724637,183.12059549215,180.13054341169,181.41960148266,48953938.234242
2024-02-29,181.26989793428,182.57000794507,179.53072449635,180.74945204124,136682596.94565
2024-03-01,179.55081893238,180.52941796677,177.38061984172,179.66033360871,73563081.750124
2024-03-04,176.14983563521,176.89935809893,173.78974412412,175.09990135293,81510100.507183
2024-03-05,170.76050789342,172.03951874638,169.61914392722,170.12150482783,95132354.929499
2024-03-06,171.05991499018,171.2397601926,168.67972904307,169.12080191381,68587706.483178
2024-03-07,169.15094356785,170.73036623938,168.48983662264,169.00023529766,71765060.648373
2024-03-08,169.00023529766,173.70032388381,168.93995198959,170.73036623938,76267040.195809
2024-03-11,172.93974948028,174.38052054325,172.04956596439,172.75086178165,60139472.365425
2024-03-12,173.14973633674,174.02987263462,171.01068362192,173.22910935904,59825371.487337
2024-03-13,172.77095621768,173.18389687798,170.76050789342,171.12924079447,52488691.830364
2024-03-14,172.90960782625,174.30818057356,172.04956596439,173.00003278836,72913506.913387
2024-03-15,171.16942966652,172.62024794749,170.28426975963,172.62024794749,121752698.95634
2024-03-18,175.5701111559,177.71016859252,173.52047868139,173.72041831984,75604183.075376
2024-03-19,174.3403316712,176.60497461117,173.03017444239,176.07950510913,55215243.594889
2024-03-20,175.71981470429,178.6696779127,175.08985413492,178.6696779127,53423101.732539
2024-03-21,177.05006636911,177.49013451805,170.84088563751,171.36936930496,106181269.15273
2024-03-22,171.76020608564,173.05026887842,170.06122151976,172.27964725688,71160137.973006
2024-03-25,170.56458714218,171.94005128806,169.44934594281,170.85093285553,54288327.309346
2024-03-26,170.00093821169,171.41960539502,169.57895505517,169.70956888933,57388448.154925
2024-03-27,170.40985998479,173.60085642549,170.11145760982,173.30948710314,60273264.624969
2024-03-28,171.75015886763,172.23041588862,170.50932744311,171.4798887031,65672689.613418
2024-04-01,171.18952410254,171.24980741061,169.47446398784,170.03107986572,46240499.552347
2024-04-02,169.08061304176,169.33983126648,168.23061839792,168.83947980946,49329480.995967
2024-04-03,168.7892437194,170.68013014932,168.58026158475,169.64928558126,47691714.205214
2024-04-04,170.28929336864,171.92096157384,168.81938537344,168.81938537344,53704385.566187
2024-04-05,169.58900227318,170.38976554876,168.9499992076,169.57895505517,42104825.383722
2024-04-08,169.0303769517,169.20117965791,168.24066561593,168.45065247239,37425512.170607
2024-04-09,168.69881875729,170.08131595578,168.35018029227,169.66938001728,42451208.82994
2024-04-10,168.79929093742,169.09066025977,167.11035358955,167.77949830917,49709335.39898
2024-04-11,168.34013307425,175.45959175777,168.16028787183,175.03961804485,91070274.266967
2024-04-12,174.2599539271,178.35921887612,174.20971783704,176.5497149121,101670885.28881
2024-04-15,175.36012429945,176.6300926562,172.49968133134,172.69057847358,73531772.585774
2024-04-16,171.75015886763,173.76060719189,168.27080726997,169.38002013853,73711234.203686
2024-04-17,169.60909670921,170.64998849528,167.99953238364,167.99953238364,50901209.605884
2024-04-18,168.02967403767,168.63954017102,166.54971882446,167.04002306346,43122902.22723
2024-04-19,166.21012285565,166.40101999788,164.07508902803,164.93111200268,67767818.829708
2024-04-22,165.515860091,167.26005713793,164.77035651448,165.84038523279,48116442.721583
2024-04-23,165.35008099379,167.05007028147,164.92106478467,166.89936201129,49537760.541354
2024-04-24,166.53967160645,169.30064711623,166.21012285565,169.02032973369,48251834.428853
2024-04-25,169.5236953561,170.60979962323,168.15124537562,169.89041881355,50558328.621737
2024-04-26,169.88037159554,171.34023237273,169.18108522188,169.30064711623,44838353.208677
2024-04-29,173.36977041121,176.03027374087,173.10050496848,173.50038424537,68169418.555629
2024-04-30,173.32958153916,174.99038667659,170.00093821169,170.32948224069,65934775.097856
2024-05-01,169.57895505517,172.7056493006,169.1107546958,169.30064711623,50383146.795499
2024-05-02,172.50972854936,173.41498289227,170.89112172758,173.03017444239,94214914.898964
2024-05-03,186.64515957086,186.99982636669,182.66043290718,183.37981371686,163224108.20514
2024-05-06,182.35298803601,184.19966670667,180.42090801224,181.70996608322,78569666.65138
2024-05-07,183.45014424295,184.90096252392,181.32013402434,182.39920523886,77305770.517698
2024-05-08,182.85032532761,183.07035940208,181.4497431367,182.73980592948,45057086.394053
2024-05-09,182.55996072706,184.66083401343,182.10984536011,184.57040905132,48982971.1466
2024-05-10,184.89934774099,185.08998631312,182.12906827978,183.0491502305,50759495.112915
2024-05-13,185.43514246475,187.10072156856,184.62041340915,186.28097570843,72044808.178448
2024-05-14,187.51009281817,188.29973785112,186.29100931749,187.4298239457,52393618.976365
2024-05-15,187.91043381963,190.65061245367,187.36962229134,189.72049689389,70399987.26677
2024-05-16,190.4700074906,191.09510133498,189.66029523953,189.8409002026,52845229.15704
2024-05-17,189.50979110365,190.8101468377,189.1796853656,189.86999766887,41282924.973497
2024-05-20,189.32517269696,191.91986399964,189.0101173725,191.03991648516,44361274.928941
2024-05-21,191.09008453045,192.72957625071,190.91951317645,192.35030582828,42309400.087222
2024-05-22,192.26502015127,192.82288881496,190.27033867033,190.89944595833,34648546.49533
2024-05-23,190.9797148308,190.99978204892,186.62412513825,186.87998216926,51005923.888985
2024-05-24,188.82048216129,190.58037719025,188.04087073739,189.97936400761,36326974.456876
2024-05-28,191.51049275003,193.00048369531,189.09941649313,189.98939761667,52280050.668761
2024-05-29,189.61012719424,192.24695965497,189.50979110365,190.28940252754,53068015.393462
2024-05-30,190.75997879241,192.17973447427,190.63054523555,191.28975335073,49947940.671034
2024-05-31,191.44025748662,192.57004186667,189.9101321051,192.24996973768,75158276.105693
2024-06-03,192.90014760471,194.99014837172,192.51987382137,194.02993198477,50080538.023808
2024-06-04,194.63495861103,195.32025410977,193.0335946052,194.35000411375,47471444.940171
2024-06-05,195.40052298224,196.89954417567,194.86974506301,195.87009588621,54156784.144134
2024-06-06,195.68547747952,196.50020653512,194.1704025116,194.48044103152,41181752.006321
2024-06-07,194.65000902462,196.93967861191,194.14030168442,196.88951056661,53103911.749188
2024-06-10,196.89954417567,197.29988517713,192.14963364709,193.11988364311,97262076.312955
2024-06-11,193.64965820143,207.1599127995,193.62959098331,207.15088255135,172373295.57228
2024-06-12,207.36961522883,220.1995911327,206.90004232487,213.07071189621,198134292.28619
2024-06-13,214.74030444364,216.74903297728,211.59978480815,214.2396273516,97862728.577211
2024-06-14,213.8503233201,215.16974291137,211.29977989728,212.48976593169,70122747.04507
2024-06-17,213.36971344617,218.95040680484,212.71953557914,216.67077082661,93728299.005989
2024-06-18,217.58984941643,218.62933131495,213.0004766328,214.28979539689,79943253.24774
2024-06-20,213.93059219258,214.2396273516,208.85057592596,209.68035539514,86172450.501877
2024-06-21,210.38973155562,211.88975610996,207.11074811511,207.49001853754,246421352.02178
2024-06-24,207.719788185,212.70047172193,206.59000380494,208.14019640457,80727005.131402
2024-06-25,209.14957747592,211.38004876975,208.60976930854,209.06930860344,56713867.029154
2024-06-26,211.49944871756,214.86070775235,210.63956842119,213.24931013746,66213185.712855
2024-06-27,214.69013639835,215.73965190593,212.34929540486,214.09915682477,49772706.616205
2024-06-28,215.77075609401,216.06975764398,210.300432435,210.61950120307,82542717.692326
2024-07-01,212.09042829114,217.51058390486,211.91985693713,216.74903297728,60402928.440855
2024-07-02,216.15002651645,220.38019609576,215.09950764796,220.26982639611,58046177.259827
2024-07-03,219.99992231242,221.55011491205,219.03067567731,221.55011491205,37369800.616274
2024-07-05,221.65045100264,226.44952621561,221.65045100264,226.34015987686,60412407.582353
2024-07-08,227.08967047358,227.85021804026,223.24980828666,227.82011721308,59085860.980666
2024-07-09,227.92948355182,229.40041063989,226.37226742585,228.67999750944,48169821.761385
2024-07-10,229.3000745493,233.08073844276,229.249906504,232.98040235217,62627686.239224
2024-07-11,231.3890719554,232.38942277859,225.77025088231,227.57028034751,64710616.705909
2024-07-12,228.91980076596,232.64026300507,228.67999750944,230.5392252681,53046526.615223
2024-07-15,236.48012519198,237.23063914961,233.09077205182,234.40015803403,62631251.257533
2024-07-16,234.99916449486,236.27042276265,232.32922112424,234.82056625361,43234277.66072
2024-07-17,229.45057868518,231.45930721881,226.64016478773,228.87966632972,57345883.879985
2024-07-18,230.28035815437,230.43989253841,222.26952468159,224.17992384644,66034584.973136
2024-07-19,224.82006810441,226.79969917177,223.27489230931,224.31036076421,49151452.592524
2024-07-22,227.01040496201,227.77998277684,223.09027390262,223.96018780805,48201834.17069
2024-07-23,224.36554561403,226.9401696986,222.68090265301,225.00970331563,39960259.328281
2024-07-24,224.00032224428,224.80000088629,217.13031012152,218.54003219432,61777575.381828
2024-07-25,218.93033958672,220.85077236063,214.61990113494,217.49051668674,51391198.018885
2024-07-26,218.69956657836,219.48921161131,216.00955598962,217.96008959071,41601344.79444
2024-07-29,216.95973876752,219.2995764001,215.7506888759,218.24002728346,36311777.532309
2024-07-30,219.19021006135,220.32501124594,216.11992568927,218.79990266895,41643839.972146
2024-07-31,221.4397452124,223.81971728122,220.63003296133,222.07988947037,50036261.831923
2024-08-01,224.37056241856,224.47992875731,217.01994042187,218.36043059217,62500995.036436
2024-08-02,219.15007562512,225.5996795283,217.70924936423,219.8604551465,105568559.00618
2024-08-05,199.08988103327,213.50015036394,195.99952944307,209.26998078463,119548588.44264
2024-08-06,205.30068504085,209.98939055416,201.07051546153,207.23014806291,69660487.655384
2024-08-07,206.90004232487,213.63961752986,206.38933162376,209.81982256107,63516416.301107
2024-08-08,213.10984297154,214.19949291536,208.83050870784,213.30951179182,47161148.816247
2024-08-09,212.1004619002,216.77913380445,211.97002498243,216.24032899798,42201645.241121
2024-08-12,216.07050468803,219.5100581681,215.59947026622,217.52970919472,38028091.071087
2024-08-13,219.00995992027,221.89028529956,219.00995992027,221.26992294403,44155330.645094
2024-08-14,220.57038671761,223.02978771996,219.70047633861,221.71991114699,41960573.081433
2024-08-15,224.60023652628,225.34988279758,222.76019567855,224.71949843308,46414012.517905
2024-08-16,223.9197421169,226.82712692043,223.65015007549,226.0504212249,44340239.679271
2024-08-19,225.71969492874,225.99028917105,223.03980972894,225.8900690813,40687812.297405
2024-08-20,225.76980497361,227.16987962736,225.45010288732,226.51043143683,30299032.935479
2024-08-21,226.51945124491,227.9796579525,225.05022472924,226.40018933811,34765479.744058
2024-08-22,227.79024198288,228.33944807469,223.89969809896,224.53008246346,43695320.081174
2024-08-23,225.65856067399,228.22018616789,224.32964228396,226.84015553209,38677249.340304
2024-08-26,226.7599794603,227.28012172608,223.88967608998,227.17990163633,30602207.678957
2024-08-27,225.99530017554,228.84956833149,224.88987258564,228.02976799737,35934558.721111
2024-08-28,227.92052809955,229.85978683613,225.67960689284,226.49038741888,38052166.084451
2024-08-29,230.10031505152,232.91950617606,228.87963435842,229.78963277331,51906296.563918
2024-08-30,230.18951093139,230.39997311986,227.47955970467,228.99989846611,52990769.749641
2024-09-03,228.54991026315,228.99989846611,221.16970285428,222.77021768752,50190573.694018
2024-09-04,221.65977909314,221.78004320084,217.47959914985,220.850000768,43840195.225836
2024-09-05,221.62470206173,225.48016891424,221.52047316839,222.38036153841,36615397.265291
2024-09-06,223.94980814383,225.23964069885,219.76962820054,220.81993474107,48423010.918435
2024-09-09,220.81993474107,221.26992294403,216.7099088606,220.91013282184,67179964.786376
2024-09-10,218.91976183949,221.4803851325,216.72995287855,220.11037650567,51591032.427953
2024-09-11,221.45533011006,223.08991977381,217.89050151781,222.6599755888,44587071.427903
2024-09-12,222.49962344521,223.54992998574,219.81973824541,222.77021768752,37498224.253618
2024-09-13,223.57999601267,224.0400062246,221.9103293175,222.49962344521,36766618.442986
2024-09-16,216.53953470804,217.22002911741,213.91978156208,216.32005271149,59357426.391233
2024-09-17,215.74980040084,216.90032703112,214.50005588171,216.7900849324,45519338.603447
2024-09-18,217.54975321267,222.71008563367,217.5397312037,220.6896486244,59894927.406615
2024-09-19,224.99009267539,229.81969880023,224.6303025532,228.86961234944,66781314.175491
2024-09-20,229.97002893485,233.08988032863,227.61986783031,228.20014214994,318679887.24673
2024-09-23,227.34025377992,229.44988666907,225.80989300951,226.47034340093,54146022.157555
2024-09-24,228.64511934841,229.34966657932,225.72971693771,227.37031980685,43556067.56169
2024-09-25,224.92996062154,227.29014373505,224.01996220665,226.37012331119,42308714.857084
2024-09-26,227.30016574403,228.49980021828,225.41001485142,227.51964774057,36636706.366145
2024-09-27,228.45971218238,229.52004073189,227.30016574403,227.79024198288,34025966.337234
2024-09-30,230.04018299767,232.99968224786,229.65032684856,232.99968224786,54793390.366511
2024-10-01,229.52004073189,229.65032684856,223.74034815626,226.20977116759,63285047.100803
2024-10-02,225.8900690813,227.37031980685,223.01976571099,226.78002347825,32880604.161933
2024-10-03,225.14042281001,226.80507850068,223.32042598023,225.66958488386,34044157.300789
2024-10-04,227.9004840816,227.99970197045,224.13020430537,226.80006749619,37345097.270406
2024-10-07,224.50001643653,225.68962890181,221.33005499788,221.68984512006,39505353.767376
2024-10-08,224.29957625704,225.98026716208,223.2502719174,225.76980497361,31855692.886552
2024-10-09,225.22961868988,229.75054693831,224.8297405318,229.54008474984,33591090.454459
2024-10-10,227.78021997391,229.49999671394,227.16987962736,229.03998650201,28183543.909894
2024-10-11,229.29955653445,229.40979863317,227.34025377992,227.54971376749,31759187.285484
2024-10-14,228.70024039777,231.72989371078,228.60002030803,231.29994952577,39882084.621398
2024-10-15,233.61002259441,237.48954226847,232.37030008426,233.8495486089,64751366.881328
2024-10-16,231.59960759411,232.11974985989,229.83974281818,231.78000375566,34082239.485805
2024-10-17,233.42962643287,233.8495486089,230.52023722755,232.14981588682,32993809.009671
2024-10-18,236.17966569549,236.17966569549,234.0099007525,235.00007523918,46431471.09337
2024-10-21,234.44986694648,236.85013809589,234.44986694648,236.48032596473,36254469.630006
2024-10-22,233.88462564031,236.21975373139,232.59980408978,235.8599636092,38846577.666022
2024-10-23,234.08005481532,235.14439216842,227.76017595596,230.75976324205,52286978.721525
2024-10-24,229.98005094382,230.81989529589,228.40960213751,230.57034727243,31109502.175789
2024-10-25,229.74052492933,233.2201664453,229.57015077676,231.41019162449,38802303.10978
2024-10-28,233.32038653505,234.72948099687,232.5496940449,233.39956040595,36087133.918747
2024-10-29,233.09990233761,234.3245918343,232.32019003938,233.67015464826,35417246.272763
2024-10-30,232.60982609875,233.46971446877,229.55010675882,230.10031505152,47070906.761036
2024-10-31,229.33964457035,229.82972080921,225.36992681552,225.91011309925,64370085.043555
2024-11-01,220.9652538712,225.34988279758,220.26972644837,222.90952361227,65276740.587674
2024-11-04,220.99030889364,222.79026170547,219.71049834759,222.00954720635,44944467.835059
2024-11-05,221.7950762143,223.94980814383,221.13963682736,223.449709896,28111337.828076
2024-11-06,222.60986554393,226.06545423836,221.18974687223,222.72010764265,54561120.568518
2024-11-07,224.62529154871,227.87542905917,224.57017049935,227.47955970467,42137690.264675
2024-11-08,227.170495328,228.66013135573,226.40465422504,226.96026443699,38328823.187153
2024-11-11,225.00011165319,225.69988019041,221.50026786762,224.2302661523,42005601.639104
2024-11-12,224.54961688674,225.5897592475,223.35530520591,224.2302661523,40398298.837995
2024-11-13,224.01002426648,226.64992359788,222.75965101471,225.12024359091,48566216.367862
2024-11-14,225.02013364281,228.87036224674,225.00011165319,228.21964758409,44923940.980447
2024-11-15,226.39964872763,226.92022045775,224.27031013154,225.00011165319,47923695.80701
2024-11-18,225.25038652344,229.74031769573,225.17029856496,228.02042878737,44686019.570517
2024-11-19,226.98028642661,230.15977837827,226.65993459269,228.27971355295,36211773.842684
2024-11-20,228.06047276661,229.92952549764,225.8900890918,228.99950407979,35169565.730701
2024-11-21,228.88037324155,230.15477288086,225.70989118522,228.51997742839,42108326.694857
2024-11-22,228.06047276661,230.72039408763,228.06047276661,229.87046062826,38168251.732417
2024-11-25,231.46020660409,233.24516697871,229.74031769573,232.86975467333,90152831.674478
2024-11-26,233.33026043459,235.56971997359,233.33026043459,235.06016033776,45986188.059966
2024-11-27,234.46450614657,235.68985191131,233.80978708599,234.93001740523,33498438.103775
2024-11-29,234.80487997011,237.81018061207,233.96996300295,237.32965286119,28481376.26794
2024-12-02,237.26958689233,240.79045376701,237.1604670489,239.59013548929,48137102.170768
2024-12-03,239.81037737511,242.75961644613,238.90037794688,242.6504966027,38861016.051211
2024-12-04,242.86973738904,244.110099646,241.24995842879,243.00989131638,44383934.707084
2024-12-05,243.98996770828,244.53957132335,242.12992487258,243.03992430081,40033877.512319
2024-12-06,242.90477587088,244.62967027664,242.07986989853,242.83970440461,36870618.45555
2024-12-09,241.82959502828,247.23953662361,241.7495070698,246.7499989774,44649231.01883
2024-12-10,246.89015290474,248.2096020207,245.34045090815,247.77011934854,36914805.872325
2024-12-11,247.96032824993,250.80044747753,246.26046133119,246.48971311234,45205813.067443
2024-12-12,246.89015290474,248.74018474563,245.67982363221,247.96032824993,32777531.72664
2024-12-13,247.81516882518,249.2897883607,246.24043934157,248.12951406222,33155289.389267
2024-12-16,247.99036123436,251.38008407702,247.64998741082,251.03971025348,51694752.601715
2024-12-17,250.07965585121,253.82977450703,249.78032710639,253.48039078816,51356359.658326
2024-12-18,252.15994057272,254.28026927348,247.74008636411,248.05042720322,56774100.954708
2024-12-19,247.49982248867,251.99976465576,247.09537829834,249.7903381012,60882263.108475
2024-12-20,248.04041620841,255.00005980032,245.68983462702,254.49050016449,147495266.75661
2024-12-23,254.76980691969,255.64977336349,253.45035780373,255.27035666019,40858773.554793
2024-12-24,255.48959744653,258.20958473641,255.29037864981,258.1995737416,23234704.88344
2024-12-26,258.18956274679,260.09966055653,257.62994813691,259.02047531602,27262982.868333
2024-12-27,257.83016803311,258.7001234821,253.05992900614,255.58970739463,42355320.130268
2024-12-30,252.23001753639,253.50041277778,250.75039250347,252.19998455196,35557541.159089
2024-12-31,252.4402484274,253.28017089196,249.42994228804,250.42002967475,39480717.701021
2025-01-02,248.93039364702,249.09957945931,241.82058513296,243.84981378094,55740730.1263
2025-01-03,243.36027613473,244.18017660967,241.88966099714,243.36027613473,40244113.361997
2025-01-06,244.3103195422,247.3296355769,243.20010021777,245.00007708461,45045570.251374
2025-01-07,242.97985833195,245.54968069968,241.35006837689,242.21001283106,40855959.64863
2025-01-08,241.91969398157,243.71266315204,240.04964015107,242.69955047727,37628939.695754
2025-01-10,240.00959617183,240.15976109398,232.99989760586,236.85012620979,61710855.087338
2025-01-13,233.53048033079,234.66973154017,229.72029570611,234.40043577978,49630724.960889
2025-01-14,234.74981949865,236.12032468814,232.47231817938,233.28020546054,39435293.643909
2025-01-15,234.63469305834,238.96044391574,234.43046876421,237.87024658093,39831968.507433
2025-01-16,237.34967485081,238.01040050827,228.03043978218,228.25969156333,71759051.286532
2025-01-17,232.11492566466,232.29011807384,228.47993344915,229.97958047169,68488300.414971
2025-01-21,224.00001327167,224.42047505369,219.37993916686,222.639519077,98070428.427282
2025-01-22,219.79038995407,224.12014520939,219.79038995407,223.8298263599,64126499.132607
2025-01-23,224.73982578813,227.03034140066,222.30014635294,223.65963944813,60234759.02691
2025-01-24,224.77986976737,225.62980322674,221.41016891433,222.77967300433,54697906.690854
2025-01-27,224.02003526129,232.1499641465,223.97999128205,229.86044963345,94863417.474891
2025-01-28,230.84953592068,240.18979407841,230.81049304092,238.25967427904,75707568.966365
2025-01-29,234.1201279251,239.85542685175,234.01000698219,239.35988260866,45486099.897399
2025-01-30,238.66511956884,240.79045376701,237.20952092347,237.58993872625,55658278.779989
2025-01-31,247.19048274904,247.19048274904,233.4403813775,236.00019275042,101075127.81739
2025-02-03,229.9895914665,231.82961231257,225.69988019041,228.01041779256,73063300.289534
2025-02-04,227.249582187,233.13004053839,226.64992359788,232.79967770966,45067300.359533
2025-02-05,228.5299884232,232.66953477713,228.26970255814,232.47031598041,39664988.09922
2025-02-06,231.28501419491,233.79977609118,230.42506974073,233.22013949168,29925348.647743
2025-02-07,232.60045891295,233.99999598738,227.25959318181,227.62999998978,39707223.662021
2025-02-10,229.57,230.585,227.2,227.65,33115645
2025-02-11,228.2,235.23,228.13,232.62,53718362
2025-02-12,231.2,236.96,230.68,236.87,45243292
2025-02-13,236.91,242.339,235.57,241.53,53614054
2025-02-14,241.25,245.55,240.99,244.6,40896227
2025-02-18,243.91,245.18,241.84,244.47,48822491
2025-02-19,244.66,246.01,243.16,244.87,32204215
2025-02-20,244.94,246.78,244.29,245.83,32316907
2025-02-21,245.95,248.69,245.22,245.55,53197431
2025-02-24,244.925,248.86,244.42,247.172,51326396
2025-02-25,248,250,244.91,247.04,48013272
2025-02-26,244.33,244.98,239.13,240.36,44433564
2025-02-27,239.41,242.46,237.06,237.3,41153639
2025-02-28,236.95,242.09,230.2,241.84,56833360
2025-03-03,241.79,244.0272,236.112,238.03,47183985
2025-03-04,237.705,240.07,234.68,235.93,53798062
2025-03-05,235.42,236.55,229.23,235.74,47227643
2025-03-06,234.435,237.86,233.1581,235.33,45170419
2025-03-07,235.105,241.37,234.76,239.07,46273565
2025-03-10,235.54,236.16,224.22,227.48,72071197
2025-03-11,223.805,225.8399,217.45,220.84,76137410
2025-03-12,220.14,221.75,214.91,216.98,62547467
2025-03-13,215.95,216.8394,208.42,209.68,61368330
2025-03-14,211.25,213.95,209.58,213.49,60107582
2025-03-17,213.31,215.22,209.97,214,48073426
2025-03-18,214.16,215.15,211.49,212.69,42432426
2025-03-19,214.22,218.76,213.75,215.24,54385391
2025-03-20,213.99,217.4899,212.22,214.1,48862947
2025-03-21,211.56,218.84,211.28,218.27,94127768
2025-03-24,221,221.48,218.58,220.73,44299483
2025-03-25,220.77,224.1,220.08,223.75,34493583
2025-03-26,223.51,225.02,220.47,221.53,34532656
2025-03-27,221.39,224.99,220.5601,223.85,37094774
2025-03-28,221.67,223.81,217.68,217.9,39818617
2025-03-31,217.005,225.62,216.23,222.13,65299321
2025-04-01,219.805,223.68,218.9,223.19,36412740
2025-04-02,221.315,225.19,221.02,223.89,35905904
2025-04-03,205.54,207.49,201.25,203.19,103419006
2025-04-04,193.89,199.88,187.34,188.38,125910913
2025-04-07,177.2,194.15,174.62,181.46,160466286
2025-04-08,186.7,190.335,169.2101,172.42,120859491
2025-04-09,171.95,200.61,171.89,198.85,184395885
2025-04-10,189.065,194.7799,183,190.42,121879981
2025-04-11,186.1,199.54,186.06,198.15,87435915
2025-04-14,211.44,212.94,201.1621,202.52,101352911
2025-04-15,201.855,203.51,199.8,202.14,51343872
2025-04-16,198.36,200.7,192.37,194.27,59732423
2025-04-17,197.2,198.8335,194.42,196.98,52164675
2025-04-21,193.265,193.8,189.8112,193.16,46742537
2025-04-22,196.12,201.59,195.97,199.74,52976371
2025-04-23,206,208,202.799,204.6,52929165
2025-04-24,204.89,208.8299,202.94,208.37,47310989
2025-04-25,206.365,209.75,206.2,209.28,38222258
2025-04-28,210,211.5,207.46,210.14,38743074
2025-04-29,208.693,212.24,208.37,211.21,36827633
2025-04-30,209.3,213.58,206.6705,212.5,52286454
2025-05-01,209.08,214.56,208.9,213.32,57365675
2025-05-02,206.09,206.99,202.16,205.35,101010621
2025-05-05,203.1,204.1,198.21,198.89,69018452
2025-05-06,198.21,200.65,197.02,198.51,51216482
2025-05-07,199.17,199.44,193.25,196.25,68616943
2025-05-08,197.72,200.05,194.6796,197.49,50478872
2025-05-09,199,200.5399,197.535,198.53,36453923
2025-05-12,210.97,211.2679,206.75,210.79,63775814
2025-05-13,210.43,213.4,209,212.93,51909332
2025-05-14,212.43,213.94,210.5801,212.33,49325825
2025-05-15,210.95,212.96,209.54,211.45,45029473
2025-05-16,212.36,212.57,209.77,211.26,54737850
2025-05-19,207.91,209.48,204.26,208.78,46140527
2025-05-20,207.67,208.47,205.03,206.86,42496635
2025-05-21,205.17,207.04,200.71,202.09,59211774
2025-05-22,200.71,202.75,199.7,201.36,46742407
2025-05-23,193.665,197.7,193.46,195.27,78432918
2025-05-27,198.3,200.74,197.43,200.21,56288475
2025-05-28,200.59,202.73,199.9,200.42,45339678
2025-05-29,203.575,203.81,198.51,199.95,51477938
2025-05-30,199.37,201.96,196.78,200.85,70819942
2025-06-02,200.28,202.13,200.12,201.7,35423294
2025-06-03,201.35,203.77,200.955,203.27,46381567
2025-06-04,202.91,206.24,202.1,202.82,43603985
2025-06-05,203.5,204.75,200.15,200.63,55221235
2025-06-06,203,205.7,202.05,203.92,46607693
2025-06-09,204.39,206,200.02,201.45,72862557
2025-06-10,200.6,204.35,200.57,202.67,54672608
2025-06-11,203.5,204.5,198.41,198.78,60989857
2025-06-12,199.08,199.68,197.3601,199.2,43904635
2025-06-13,199.73,200.37,195.7,196.45,51447349
2025-06-16,197.3,198.685,196.5636,198.42,43020691
2025-06-17,197.2,198.39,195.21,195.64,38856152
2025-06-18,195.94,197.57,195.07,196.58,45394689
2025-06-20,198.235,201.7,196.855,201,96813542
2025-06-23,201.625,202.3,198.96,201.5,55814272
2025-06-24,202.59,203.44,200.2,200.3,54064033
2025-06-25,201.45,203.67,200.6201,201.56,39525730
2025-06-26,201.43,202.64,199.46,201,50799121
2025-06-27,201.89,203.22,200,201.08,73188571
2025-06-30,202.01,207.39,199.2607,205.17,91912816
2025-07-01,206.665,210.1865,206.1401,207.82,78788867
2025-07-02,208.91,213.34,208.14,212.44,67941811
2025-07-03,212.145,214.65,211.8101,213.55,34955836
2025-07-07,212.68,216.23,208.8,209.95,50228984
2025-07-08,210.1,211.43,208.45,210.01,42848928
2025-07-09,209.53,211.33,207.22,211.14,48749367
2025-07-10,210.505,213.48,210.03,212.41,44443635
2025-07-11,210.565,212.13,209.86,211.16,39765812
2025-07-14,209.925,210.91,207.54,208.62,38840111
2025-07-15,209.22,211.89,208.92,209.11,42296339
2025-07-16,210.295,212.4,208.64,210.16,47490532
2025-07-17,210.57,211.8,209.59,210.02,48068141
2025-07-18,210.87,211.79,209.7045,211.18,48974591
2025-07-21,212.1,215.78,211.63,212.48,51377434
2025-07-22,213.14,214.95,212.2301,214.4,46404072
2025-07-23,215,215.15,212.41,214.15,46989301
2025-07-24,213.9,215.69,213.53,213.76,46022620
2025-07-25,214.7,215.24,213.4,213.88,40268781
2025-07-28,214.03,214.845,213.06,214.05,37858017
2025-07-29,214.175,214.81,210.82,211.27,51411723
2025-07-30,211.895,212.39,207.72,209.05,45512514
2025-07-31,208.49,209.84,207.16,207.57,80698431
2025-08-01,210.865,213.58,201.5,202.38,104434473
2025-08-04,204.505,207.88,201.675,203.35,75109298
2025-08-05,203.4,205.34,202.16,202.92,44155079
2025-08-06,205.63,215.38,205.59,213.25,108483103
2025-08-07,218.875,220.85,216.58,220.03,90224834
2025-08-08,220.83,231,219.25,229.35,113853967
2025-08-11,227.92,229.56,224.76,227.18,61806132
2025-08-12,228.005,230.8,227.07,229.65,55672301
2025-08-13,231.07,235,230.43,233.33,69878546
2025-08-14,234.055,235.12,230.85,232.78,51916275
2025-08-15,234,234.28,229.335,231.59,56038657
2025-08-18,231.7,233.12,230.11,230.89,37476188
2025-08-19,231.275,232.87,229.35,230.56,39402564
2025-08-20,229.98,230.47,225.77,226.01,42263865
2025-08-21,226.27,226.52,223.7804,224.9,30621249
2025-08-22,226.17,229.09,225.41,227.76,42477811
2025-08-25,226.48,229.3,226.23,227.16,30983133
2025-08-26,226.87,229.49,224.69,229.31,54575107
2025-08-27,228.61,230.9,228.26,230.49,31259513
2025-08-28,230.82,233.41,229.335,232.56,38074700
2025-08-29,232.51,233.38,231.37,232.14,39418437
2025-09-02,229.25,230.85,226.97,229.72,44075638
2025-09-03,237.21,238.85,234.36,238.47,66427835
2025-09-04,238.45,239.8999,236.74,239.78,47549429
2025-09-05,239.995,241.32,238.4901,239.69,54870397
2025-09-08,239.3,240.15,236.34,237.88,48999495
2025-09-09,237,238.7805,233.36,234.35,66313918
2025-09-10,232.185,232.42,225.95,226.79,83440810
2025-09-11,226.875,230.45,226.65,230.03,50208578
2025-09-12,229.22,234.51,229.02,234.07,55824216
2025-09-15,237,238.19,235.03,236.7,42699524
2025-09-16,237.175,241.22,236.3235,238.15,63421099
2025-09-17,238.97,240.1,237.7301,238.99,46508017
2025-09-18,239.97,241.2,236.65,237.88,44249576
2025-09-19,241.225,246.3,240.2106,245.5,163741314
2025-09-22,248.3,256.64,248.12,256.08,105517416
2025-09-23,255.875,257.34,253.58,254.43,60275187
2025-09-24,255.22,255.74,251.04,252.31,42303710
2025-09-25,253.205,257.17,251.712,256.87,55202075
2025-09-26,254.095,257.6,253.78,255.46,46076258
2025-09-29,254.56,255,253.01,254.43,40127687
2025-09-30,254.855,255.919,253.11,254.63,37704259
2025-10-01,255.04,258.79,254.93,255.45,48713940
2025-10-02,256.575,258.18,254.15,257.13,42630239
2025-10-03,254.665,259.24,253.95,258.02,49155614
2025-10-06,257.99,259.07,255.05,256.69,44664118
2025-10-07,256.805,257.4,255.43,256.48,31955776
2025-10-08,256.52,258.52,256.11,258.06,36496895
2025-10-09,257.805,258,253.14,254.04,38322012
2025-10-10,254.94,256.38,244,245.27,61999098
2025-10-13,249.38,249.69,245.56,247.66,38142942
2025-10-14,246.6,248.845,244.7,247.77,35477986
2025-10-15,249.485,251.82,247.47,249.34,33893611
2025-10-16,248.25,249.04,245.13,247.45,39776974
2025-10-17,248.02,253.38,247.27,252.29,49146961
2025-10-20,255.885,264.375,255.63,262.24,90483029
2025-10-21,261.88,265.29,261.83,262.77,46695948
2025-10-22,262.65,262.85,255.43,258.45,45015254
2025-10-23,259.94,260.62,258.0101,259.58,32754941
2025-10-24,261.19,264.13,259.18,262.82,38253717
2025-10-27,264.88,269.12,264.6501,268.81,44888152
2025-10-28,268.985,269.89,268.15,269,41534759
2025-10-29,269.275,271.41,267.11,269.7,51086742
2025-10-30,271.99,274.14,268.48,271.4,69886534
2025-10-31,276.99,277.32,269.16,270.37,86167123
2025-11-03,270.42,270.85,266.25,269.05,50194583
2025-11-04,268.325,271.486,267.615,270.04,49274846
2025-11-05,268.61,271.7,266.93,270.14,43683072
2025-11-06,267.89,273.4,267.89,269.77,51204045
2025-11-07,269.795,272.29,266.77,268.47,48227365
2025-11-10,268.96,273.73,267.455,269.43,41312412
2025-11-11,269.81,275.91,269.8,275.25,46208318
2025-11-12,275,275.73,271.7,273.47,48397982
2025-11-13,274.11,276.699,272.09,272.95,49602794
2025-11-14,271.05,275.96,269.6,272.41,47431331
2025-11-17,268.815,270.49,265.73,267.46,45018260
2025-11-18,269.99,270.71,265.32,267.44,45677278
2025-11-19,265.525,272.21,265.5,268.56,40424492
2025-11-20,270.83,275.43,265.92,266.25,45823568
2025-11-21,265.95,273.33,265.67,271.49,59030832
2025-11-24,270.9,277,270.9,275.92,65585796
2025-11-25,275.27,280.38,275.25,276.97,46914220
2025-11-26,276.96,279.53,276.63,277.55,33431423
2025-11-28,277.26,279,275.9865,278.85,20135620
2025-12-01,278.01,283.42,276.14,283.1,46587722
2025-12-02,283,287.4,282.6301,286.19,53669532
2025-12-03,286.2,288.62,283.3,284.15,43538687
2025-12-04,284.095,284.73,278.59,280.7,43989056
2025-12-05,280.54,281.14,278.05,278.78,47265845
2025-12-08,278.13,279.6693,276.15,277.89,38211832
2025-12-09,278.16,280.03,276.92,277.18,32193256
2025-12-10,277.75,279.75,276.44,278.78,33038318
2025-12-11,279.095,279.59,273.81,278.03,33247986
2025-12-12,277.9,279.22,276.82,278.28,39532887
