,timestamp,side,quantity,price,commission,slippage
0,2019-11-18,BUY,11.673399237752148,267.12920275058013,1.5591529158849806,0.31179940323663086
1,2019-11-19,SELL,3.641942953412139,266.31500988373455,1.0,0.09698070929244389
2,2019-11-20,BUY,1.1310404074613523,263.2242990619764,1.0,0.02976875497099756
3,2019-11-21,SELL,0.3487046517670205,262.02800147578955,1.0,0.00913612468830289
4,2019-11-22,BUY,0.10549295601189002,261.7999779027323,1.0,0.0027615292023611374
5,2019-11-25,SELL,0.03340699645292844,266.39143082760484,1.0,0.0008898447739982657
6,2019-11-26,BUY,0.009221212134056245,264.3152596714688,1.0,0.00024370633733611586
7,2019-11-27,SELL,0.00401250578440937,267.8702793630213,1.0,0.00010747235730571556
8,2019-11-29,BUY,8.735326685282985e-05,267.27832686267027,1.0,2.3345300480371907e-06
9,2019-12-02,SELL,0.0011945945502489508,264.1859636961741,1.0,3.1556355612773055e-05
10,2019-12-03,SELL,0.0007989331492250784,259.48339058804436,1.0,2.0728915349890688e-05
11,2019-12-04,SELL,0.0009253388214407465,261.7718880422771,1.0,2.422034700204101e-05
12,2019-12-05,SELL,0.0008845778701651597,265.6020231317485,1.0,2.3492217971561578e-05
13,2019-12-06,SELL,0.000893078461009722,270.73916290446954,1.0,2.4176713822812773e-05
14,2019-12-09,SELL,0.0008850872686210209,266.9416616234626,1.0,2.3624304186306734e-05
15,2019-12-10,SELL,0.0008915364117001445,268.5047797402247,1.0,2.3935785206861872e-05
16,2019-12-11,SELL,0.0008879000057895325,270.8007127457482,1.0,2.4041991242368354e-05
17,2019-12-12,SELL,0.0008866600963575166,271.48850124057054,1.0,2.4069395127492092e-05
18,2019-12-13,SELL,0.0008863401678738114,275.18520949291235,1.0,2.4388331644684677e-05
19,2019-12-16,SELL,0.0008826167222721892,279.8952181523329,1.0,2.470154984755273e-05
20,2019-12-17,SELL,0.000878960035507248,280.4330563626961,1.0,2.464648026978882e-05
21,2019-12-18,SELL,0.0008796029489612778,279.7766624177849,1.0,2.46067770535987e-05
22,2019-12-19,SELL,0.0008800664668004998,280.0497123848014,1.0,2.464377171354568e-05
23,2019-12-20,SELL,0.0008796345701806985,279.4763487626922,1.0,2.45812476672064e-05
24,2019-12-23,SELL,0.0008803645113228953,284.03558096529474,1.0,2.5002984245058314e-05
25,2019-12-24,SELL,0.0008754409195645962,284.29623834681655,1.0,2.488596743595532e-05
26,2019-12-26,SELL,0.0008768070400950734,289.93445165960134,1.0,2.5419114926628047e-05
27,2019-12-27,SELL,0.0008705827742190309,289.8200267868882,1.0,2.522870942349354e-05
28,2019-12-30,SELL,0.0008728056759412794,291.5471401183319,1.0,2.544385548442167e-05
29,2019-12-31,SELL,0.0008702939389291231,293.6675114960481,1.0,2.555515001655521e-05
30,2020-01-02,SELL,0.0008689946235040935,300.3801619710258,1.0,2.6100264549531828e-05
31,2020-01-03,SELL,0.0008626306475960632,297.46955672507437,1.0,2.5658069828778164e-05
32,2020-01-06,SELL,0.0008677930793048461,299.8224956238672,1.0,2.601578709350136e-05
33,2020-01-07,SELL,0.0008636168852813597,298.42667741126274,1.0,2.577005475761491e-05
34,2020-01-08,SELL,0.0008664857037974372,303.2226079967568,1.0,2.6271178371914772e-05
35,2020-01-09,SELL,0.0008606353027982294,309.67418800402817,1.0,2.664898895726618e-05
36,2020-01-10,SELL,0.000856224527964855,310.3541278613652,1.0,2.6570624600561025e-05
37,2020-01-13,SELL,0.0008571393978673569,316.9982060299479,1.0,2.716844829930149e-05
38,2020-01-14,SELL,0.0008501600652923713,312.7116107081774,1.0,2.6582834054323572e-05
39,2020-01-15,SELL,0.0008569968577845088,311.36412357898797,1.0,2.6681139439460928e-05
40,2020-01-16,SELL,0.0008558491850205741,315.2677880090482,1.0,2.697946999605153e-05
41,2020-01-17,SELL,0.0008523663050770125,318.76497563496247,1.0,2.7167735673423766e-05
42,2020-01-21,SELL,0.0008501683848898267,316.60288255274304,1.0,2.6913884742673927e-05
43,2020-01-22,SELL,0.0008531319844831131,317.73102091871937,1.0,2.7103939246891886e-05
44,2020-01-23,SELL,0.0008509131805212178,319.257374365182,1.0,2.716331445114695e-05
45,2020-01-24,SELL,0.0008502200007445282,318.337844521662,1.0,2.7063013939218993e-05
46,2020-01-27,SELL,0.0008513909657494878,308.9863995092059,1.0,2.6304192488912597e-05
47,2020-01-28,SELL,0.0008602498772898315,317.72275919505955,1.0,2.7329363524599534e-05
48,2020-01-29,SELL,0.0008482814497821067,324.3701420531082,1.0,2.7512966140063128e-05
49,2020-01-30,SELL,0.0008461379688249338,323.8979845458486,1.0,2.7403497925235093e-05
50,2020-01-31,SELL,0.0008474159627862576,309.55604535566465,1.0,2.622965045609858e-05
51,2020-02-03,SELL,0.0008611201232167076,308.69723918105433,1.0,2.6579882475749963e-05
52,2020-02-04,SELL,0.0008570313161850862,318.88683605896637,1.0,2.7326867795375417e-05
53,2020-02-05,SELL,0.0008483105863383855,321.4719293926514,1.0,2.7268077283702337e-05
54,2020-02-06,SELL,0.000848996940082003,325.2458847612225,1.0,2.761051504214627e-05
55,2020-02-07,SELL,0.0008449991276702207,320.0654187064165,1.0,2.7042795680870116e-05
56,2020-02-10,SELL,0.000851627005152622,321.58074025832997,1.0,2.7383945879499368e-05
57,2020-02-11,SELL,0.0008476442244464977,319.65495902034206,1.0,2.709265871703751e-05
58,2020-02-12,SELL,0.0008510448758158873,327.2328031042896,1.0,2.784619540852282e-05
59,2020-02-13,SELL,0.0008422476615432828,324.90191958575423,1.0,2.736205199500036e-05
60,2020-02-14,SELL,0.0008478998260574855,324.9835169932291,1.0,2.7552591493860188e-05
61,2020-02-18,SELL,0.0008456753599919153,319.037208950632,1.0,2.6977492903737e-05
62,2020-02-19,SELL,0.0008523893867735666,323.6515835540632,1.0,2.7584958987507628e-05
63,2020-02-20,SELL,0.000845297483532903,320.3411190377329,1.0,2.707564661480372e-05
64,2020-02-21,SELL,0.00085124348473542,313.0797739888342,1.0,2.664804697632496e-05
65,2020-02-24,SELL,0.0008562355251857667,298.2109130714462,1.0,2.5531324644529504e-05
66,2020-02-25,SELL,0.0008692727743966344,288.1027251395848,1.0,2.504148137117853e-05
67,2020-02-26,SELL,0.0008749914823020788,292.6791857961204,1.0,2.5606618799999846e-05
68,2020-02-27,SELL,0.0008683937477655945,273.5466542841854,1.0,2.3752245205739918e-05
69,2020-02-28,SELL,0.0008900427557509971,273.3838715773624,1.0,2.4329900453623747e-05
70,2020-03-02,SELL,0.0008832988811029452,298.82825103303963,1.0,2.6392826695288445e-05
71,2020-03-03,SELL,0.0008592151113475666,289.3493521982156,1.0,2.4858847701980627e-05
72,2020-03-04,SELL,0.0008771236512341574,302.7721257275942,1.0,2.6554203820601632e-05
73,2020-03-05,SELL,0.0008573311033543973,292.9392260189225,1.0,2.5112079777856494e-05
74,2020-03-06,SELL,17.668495036749967,289.0522222447313,2.5535588770462914,0.5106607093383561
75,2020-03-09,SELL,5.958761578548593,266.18805171931757,1.0,0.15859925360009838
76,2020-03-10,SELL,1.8504102053993368,285.3692119892321,1.0,0.05279973024410026
77,2020-03-11,SELL,0.6152466260947627,275.46336914357613,1.0,0.01694609623821559
78,2020-03-12,SELL,0.1966709888408431,248.25722748108407,1.0,0.004882011240435754
79,2020-03-13,SELL,0.05582802533564646,277.9978340726769,1.0,0.0015518518272035354
80,2020-03-16,SELL,0.01694985755160161,242.2379763015026,1.0,0.00041054886430344603
81,2020-03-17,SELL,0.0036256401259251447,252.89468013916,1.0,9.168134186036484e-05
82,2020-03-18,BUY,9.699999429457762e-05,246.6936892792977,1.0,2.392689376321585e-06
83,2020-03-19,BUY,0.001195273535198993,244.8008766907851,1.0,2.9257475182680484e-05
84,2020-03-20,BUY,0.0015089082656913888,229.2619279726372,1.0,3.459006280634234e-05
85,2020-03-23,BUY,0.0015711639149351697,224.3957553087677,1.0,3.525272606798002e-05
86,2020-03-24,BUY,0.0015789002213004721,246.90056755480668,1.0,3.8979238151334205e-05
87,2020-03-25,BUY,0.0016224056347198257,245.55173768278644,1.0,3.9834468836309665e-05
88,2020-03-26,BUY,0.0016323900822925452,258.4626729289246,1.0,4.218697169598754e-05
89,2020-03-27,BUY,0.001659854533549776,247.7697035768384,1.0,4.1122054370391534e-05
90,2020-03-30,BUY,0.0016474220853339716,254.83570937754547,1.0,4.19779997760431e-05
91,2020-03-31,BUY,0.0016574148769592512,254.30779887767406,1.0,4.214513840482363e-05
92,2020-04-01,BUY,0.0016593661480079902,240.94189626865884,1.0,3.9977084922025345e-05
93,2020-04-02,BUY,0.0016340550632776285,244.95418091088422,1.0,4.002285967289673e-05
94,2020-04-03,BUY,0.0016345894636558,241.44219552458193,1.0,3.946194069457888e-05
95,2020-04-06,BUY,0.0016280409776996407,262.49968405826144,1.0,4.273175105289766e-05
96,2020-04-07,BUY,0.0016662145964225772,259.4546171702803,1.0,4.3226384385378354e-05
97,2020-04-08,BUY,0.0016719892261960467,266.0895578789784,1.0,4.4485438853816173e-05
98,2020-04-09,BUY,0.0016866881414081547,268.0239933874668,1.0,4.5202768849059124e-05
99,2020-04-13,BUY,0.001695062658200186,273.2791961152528,1.0,4.6317904269337785e-05
100,2020-04-14,BUY,0.0017080813809045026,287.08316965429077,1.0,4.903123856184949e-05
101,2020-04-15,BUY,0.0017397583827545304,284.459277263468,1.0,4.948409280782224e-05
102,2020-04-16,BUY,0.0017450452597955746,286.7258719154995,1.0,5.0029959368723743e-05
103,2020-04-17,BUY,0.0017514180153064274,282.8260927896408,1.0,4.952971843923951e-05
104,2020-04-20,BUY,0.0017455779192694365,276.94943101907455,1.0,4.8338847269408296e-05
105,2020-04-21,BUY,0.001731675014507772,268.40519339712614,1.0,4.647440927603026e-05
106,2020-04-22,BUY,0.0017099085090279686,276.1219179170286,1.0,4.7209600737439504e-05
107,2020-04-23,BUY,0.0017184915506902598,275.06197583610884,1.0,4.7264441694855347e-05
108,2020-04-24,BUY,0.0017191317950988605,283.0016508481413,1.0,4.8646848918965554e-05
109,2020-04-27,BUY,0.0017352708002711381,283.2044080424733,1.0,4.913872010635504e-05
110,2020-04-28,BUY,0.0017410131831994136,278.6106388449667,1.0,4.850162935789637e-05
111,2020-04-29,BUY,0.0017335754248399837,287.75325745506063,1.0,4.987920963321931e-05
112,2020-04-30,BUY,0.001749658077478955,293.8289674468788,1.0,5.140488214082078e-05
113,2020-05-01,BUY,34.96088855415955,289.0934330565904,5.053481647415421,1.0105952699566103
114,2020-05-04,SELL,11.804160893067817,293.1831940251037,1.7303907967079217,0.34604355498618805
115,2020-05-05,BUY,4.037888567199987,297.6018172722266,1.0,0.12015628192583727
116,2020-05-06,SELL,1.40393985299432,300.66872589049245,1.0,0.042207859896714085
117,2020-05-07,BUY,0.49159113054122194,303.76324575270655,1.0,0.01493123861579051
118,2020-05-08,SELL,0.17548307923089723,310.1565660763621,1.0,0.005442178708006224
119,2020-05-11,BUY,0.06236773773044213,315.0416592979382,1.0,0.001964647093416437
120,2020-05-12,SELL,0.02410374321750197,311.4359952534368,1.0,0.0007506022656007255
121,2020-05-13,BUY,0.007595616199338906,307.6856607719582,1.0,0.00023368285064114861
122,2020-05-14,SELL,0.00389548592164779,309.5647324705193,1.0,0.00012057844787300627
123,2020-05-15,BUY,0.00024036119375026033,307.74607711921885,1.0,7.396281818651607e-06
124,2020-05-18,SELL,0.0012536883082940875,314.9923398307846,1.0,3.948627273750955e-05
125,2020-05-19,SELL,0.0007063548037962164,313.1736844794942,1.0,2.2118961749270416e-05
126,2020-05-20,SELL,0.0009091106322038911,319.2613507084966,1.0,2.9021486689433487e-05
127,2020-05-21,SELL,0.0008285266452361384,316.8804534316555,1.0,2.6251764725790315e-05
128,2020-05-22,SELL,0.0008608619487038283,318.92556733629687,1.0,2.7452343304529712e-05
129,2020-05-26,SELL,0.0008468457141521668,316.7592097415688,1.0,2.6821935725213713e-05
130,2020-05-27,SELL,0.0008542054494089513,318.1479637375022,1.0,2.7173655068791233e-05
131,2020-05-28,SELL,0.0008500992785158701,318.29016820112673,1.0,2.7055118722795427e-05
132,2020-05-29,SELL,0.0008514831389785371,317.97452361134384,1.0,2.707228731924384e-05
133,2020-06-01,SELL,0.0008512827030564551,321.88268038772384,1.0,2.7398575965170422e-05
134,2020-06-02,SELL,0.0008474734245371707,323.37706024247694,1.0,2.740260620540205e-05
135,2020-06-03,SELL,0.0008474263732285436,325.1463961266138,1.0,2.755100802300688e-05
136,2020-06-04,SELL,0.0008456938463279329,322.3483383567646,1.0,2.7258074804759052e-05
137,2020-06-05,SELL,0.0008491137146879879,331.53491110526295,1.0,2.8148269164829875e-05
138,2020-06-08,SELL,0.0008387210813651791,333.4953599246223,1.0,2.7968162074393532e-05
139,2020-06-09,SELL,0.0008408237535828533,344.02177819747595,1.0,2.892327595821396e-05
140,2020-06-10,SELL,0.0008296732129551287,352.87174558265366,1.0,2.927389610225565e-05
141,2020-06-11,SELL,0.0008255798747409671,335.9374955398549,1.0,2.7731550393805042e-05
142,2020-06-12,SELL,0.000843586092400983,338.83419224402127,1.0,2.858072314836466e-05
143,2020-06-15,SELL,0.0008336723685413716,343.0255249609638,1.0,2.8594230763353932e-05
144,2020-06-16,SELL,0.0008335146729905318,352.11469176184136,1.0,2.9346341581753002e-05
145,2020-06-17,SELL,0.0008247341051674795,351.6243740592238,1.0,2.899676167330046e-05
146,2020-06-18,SELL,0.0008288152990836295,351.7661675272828,1.0,2.9152002934359798e-05
147,2020-06-19,SELL,0.0008270029246464361,349.75311127629624,1.0,2.892179241373356e-05
148,2020-06-22,SELL,0.0008296905326954374,358.90721537558426,1.0,2.977521434986983e-05
149,2020-06-23,SELL,0.0008197272014829338,366.5702275846027,1.0,3.004575410508155e-05
150,2020-06-24,SELL,0.0008165687670977917,360.0904715917145,1.0,2.940092315082748e-05
151,2020-06-25,SELL,0.0008240968890067535,364.8682949722391,1.0,3.0065676110772445e-05
152,2020-06-26,SELL,0.0008163361863164909,353.6698989594206,1.0,2.886846680646702e-05
153,2020-06-29,SELL,0.0008303130860483066,361.81870791989667,1.0,3.0039276868610773e-05
154,2020-06-30,SELL,0.0008166443860275763,364.82883939851627,1.0,2.97905632992441e-05
155,2020-07-01,SELL,0.00081954800915085,364.14001084059805,1.0,2.9840038089823266e-05
156,2020-07-02,SELL,0.0008189704124141883,364.14001084059805,1.0,2.981900758467885e-05
157,2020-07-06,SELL,0.000819215934447115,373.88553755017347,1.0,3.062623637838808e-05
158,2020-07-07,SELL,0.0008097918881517785,372.73064002765904,1.0,3.018040683532132e-05
159,2020-07-08,SELL,0.0008149967548352066,381.40305733108386,1.0,3.108111728916005e-05
160,2020-07-09,SELL,0.0008044813506735693,382.7720835401559,1.0,3.079022125453677e-05
161,2020-07-10,SELL,0.0008078774357986873,383.71490735392,1.0,3.099636190689418e-05
162,2020-07-13,SELL,0.0008054708330273996,381.9447494786523,1.0,3.076145940734726e-05
163,2020-07-14,SELL,0.0008082132178959256,388.26750516775996,1.0,3.137715526007152e-05
164,2020-07-15,SELL,0.0008010252356740466,390.9447302430879,1.0,3.131252821504393e-05
165,2020-07-16,SELL,0.000801779728412555,386.12868427552684,1.0,3.0955919569128605e-05
166,2020-07-17,SELL,0.000805942979793528,385.3514916722976,1.0,3.105402754385319e-05
167,2020-07-20,SELL,0.0008047976117087074,393.46824297912895,1.0,3.166306391690102e-05
168,2020-07-21,SELL,0.0007976873760249248,388.0377586499354,1.0,3.0950187130887866e-05
169,2020-07-22,SELL,0.0008060099035240853,389.126485887363,1.0,3.136084405048789e-05
170,2020-07-23,SELL,0.0008012156619763289,371.4138102546587,1.0,2.9755280656951115e-05
171,2020-07-24,SELL,0.0008199599187079798,370.4944131877951,1.0,3.0376019289977427e-05
172,2020-07-27,SELL,0.0008127130642101577,379.28026526567317,1.0,3.082152050581284e-05
173,2020-07-28,SELL,0.0008075120306045847,373.04628461744187,1.0,3.0120924187653587e-05
174,2020-07-29,SELL,0.0008156911889649621,380.2078822437257,1.0,3.101012094000526e-05
175,2020-07-30,SELL,0.0008053102022795855,384.8052785735693,1.0,3.098566310630762e-05
176,2020-07-31,SELL,0.0008055957368870992,425.1173670427957,1.0,3.4243849471696744e-05
177,2020-08-03,SELL,0.0007675578232415603,435.7744819036012,1.0,3.344486678871037e-05
178,2020-08-04,SELL,0.0007768855997696278,438.6966603324553,1.0,3.407830397751325e-05
179,2020-08-05,SELL,0.0007694904951343062,440.2748832813795,1.0,3.3875346258512636e-05
180,2020-08-06,SELL,0.000771859938538455,455.6625570333434,1.0,3.5167250601542126e-05
181,2020-08-07,SELL,0.000756777515274365,444.45888671298684,1.0,3.363228596423572e-05
182,2020-08-10,SELL,0.0007746975621270025,450.99836505760305,1.0,3.493523986935657e-05
183,2020-08-11,SELL,0.0007594861400139763,437.58710112501905,1.0,3.323081075425017e-05
184,2020-08-12,SELL,0.0007793846111940894,452.13887633727705,1.0,3.5235484685523356e-05
185,2020-08-13,SELL,0.0007559809119168648,460.0568143580477,1.0,3.477593941126751e-05
186,2020-08-14,SELL,0.0007613459038164905,459.6629687362936,1.0,3.499275256310386e-05
187,2020-08-17,SELL,0.0007588147042429938,458.4855344295761,1.0,3.4787077813022374e-05
188,2020-08-18,SELL,0.0007612158678043102,462.24758062907927,1.0,3.518350097277936e-05
189,2020-08-19,SELL,0.0007565877992323777,462.85065673739996,1.0,3.501521445395212e-05
190,2020-08-20,SELL,0.000758552471399554,473.15628384007425,1.0,3.588779806669659e-05
191,2020-08-21,SELL,0.0007483654359194958,497.49676377645744,1.0,3.7227215527659475e-05
192,2020-08-24,SELL,0.0007327283175975197,503.48649927403585,1.0,3.688819273534197e-05
193,2020-08-25,SELL,0.0007366862617566028,499.31829977709396,1.0,3.678041512743297e-05
194,2020-08-26,SELL,0.0007379445186135314,506.1490597794735,1.0,3.7347257700804116e-05
195,2020-08-27,SELL,0.0007313268772541903,500.04445264220965,1.0,3.6565938210065945e-05
196,2020-08-28,SELL,0.0007404484436666081,499.2772741914956,1.0,3.6965211542160826e-05
197,2020-08-31,SELL,0.0007357871005684302,129.05521026105305,1.0,9.49476642048866e-06
198,2020-09-01,SELL,0.0010564926410587816,134.18853665923473,1.0,1.4175502599224852e-05
199,2020-09-02,SELL,0.0010018470749102448,131.39982247809098,1.0,1.3162936485695632e-05
200,2020-09-03,SELL,0.001013668345414942,120.88804180777123,1.0,1.2252812850688677e-05
201,2020-09-04,SELL,0.001024293644386276,120.9680416996905,1.0,1.2389440684607957e-05
202,2020-09-08,SELL,17.206211705017687,112.83984755271962,1.0,0.1941352170536124
203,2020-09-09,SELL,2.2652771766411686,117.33830301374566,1.0,0.026577720204250997
204,2020-09-10,SELL,0.30911602408374605,113.50753895835393,1.0,0.0035083490797234
205,2020-09-11,SELL,0.039791114985211706,112.01318200288047,1.0,0.00044566837365644924
206,2020-09-14,SELL,0.004035645176038827,115.37010054458881,1.0,4.655462350983274e-05
207,2020-09-15,BUY,0.0006238348721101517,115.54138236446816,1.0,7.207153633715165e-06
208,2020-09-16,BUY,0.0012514803187091417,112.14446387680518,1.0,1.4033255613846734e-05
209,2020-09-17,BUY,0.0013311721007411847,110.35574834464732,1.0,1.4688780457225855e-05
210,2020-09-18,BUY,0.001338825069167271,106.85626589298349,1.0,1.4304754282092676e-05
211,2020-09-21,BUY,0.0013343417300184512,110.0921589571742,1.0,1.4688587325705886e-05
212,2020-09-22,BUY,0.001338822814439311,111.82343866948436,1.0,1.4969680119953335e-05
213,2020-09-23,BUY,0.0013421044509840385,107.12190655974402,1.0,1.437544121504144e-05
214,2020-09-24,BUY,0.0013351669693228985,108.22241789346339,1.0,1.4448054965671037e-05
215,2020-09-25,BUY,0.001336014703390731,112.29625854352405,1.0,1.5001445110475397e-05
216,2020-09-28,BUY,0.0013424752934803053,114.9649728867939,1.0,1.5432220349585113e-05
217,2020-09-29,BUY,0.0013475044076880494,114.09523047207898,1.0,1.5372845311195703e-05
218,2020-09-30,BUY,0.0013468112298475887,115.81317686907094,1.0,1.5596289088252473e-05
219,2020-10-01,BUY,0.0013494198391015289,116.80497040094718,1.0,1.5760318404626665e-05
220,2020-10-02,BUY,0.0013513348102733858,113.04497548072135,1.0,1.527463358600614e-05
221,2020-10-05,BUY,0.0013456646505254355,116.5095861846291,1.0,1.5676715486045194e-05
222,2020-10-06,BUY,0.0013503587824370555,113.18753939067685,1.0,1.528285050280967e-05
223,2020-10-07,BUY,0.0013457605794666705,115.08497272466781,1.0,1.5486133344849276e-05
224,2020-10-08,BUY,0.001348133818542152,114.975229283191,1.0,1.5498649624175934e-05
225,2020-10-09,BUY,0.0013482799406769885,116.98753425686732,1.0,1.5771617413029474e-05
226,2020-10-12,BUY,0.0013514667213012643,124.40393449367441,1.0,1.6811096637052807e-05
227,2020-10-13,BUY,0.001363602190709301,121.10957997001229,1.0,1.6512877568534856e-05
228,2020-10-14,BUY,0.0013601206123396992,121.20086189797236,1.0,1.648313073699301e-05
229,2020-10-15,BUY,0.001359773330971592,120.72496510501156,1.0,1.6414217371494593e-05
230,2020-10-16,BUY,0.0013589687972981324,119.03676225757717,1.0,1.617510705323891e-05
231,2020-10-19,BUY,0.0013561772879686629,115.98548432858398,1.0,1.572811514652772e-05
232,2020-10-20,BUY,0.0013509588511961823,117.5218925092995,1.0,1.5875136575812515e-05
233,2020-10-21,BUY,0.00135267526265892,116.88599593250017,1.0,1.5809298595047238e-05
234,2020-10-22,BUY,0.0013519066327702944,115.75266413031213,1.0,1.5647114728380467e-05
235,2020-10-23,BUY,0.0013500132064194759,115.04394713906947,1.0,1.5529531842459785e-05
236,2020-10-26,BUY,0.0013486404771896332,115.05420353547655,1.0,1.551512408345709e-05
237,2020-10-27,BUY,0.001348472272848511,116.61112450898625,1.0,1.5723114499149154e-05
238,2020-10-28,BUY,0.0013509004708041061,111.20497796656807,1.0,1.502118359071424e-05
239,2020-10-29,BUY,0.0013427057316803825,115.32907495899047,1.0,1.5483752622428424e-05
240,2020-10-30,BUY,0.001348106024638085,108.87062214593723,1.0,1.467544661744557e-05
241,2020-11-02,BUY,0.0013386694023687085,108.77831457833345,1.0,1.456036410031637e-05
242,2020-11-03,BUY,0.0013373258638598173,110.45626102937078,1.0,1.4770124457540044e-05
243,2020-11-04,BUY,0.0013397747251175929,114.95471649039682,1.0,1.5399802388452173e-05
244,2020-11-05,BUY,0.0013471259420416715,119.03676225757717,1.0,1.6034147634619352e-05
245,2020-11-06,BUY,0.0013545316478538183,118.70069483496523,1.0,1.6076777099910625e-05
246,2020-11-09,BUY,0.0013550293283817183,116.32838056782929,1.0,1.5761260613185153e-05
247,2020-11-10,BUY,0.0013513458101517273,115.97821592416622,1.0,1.5671100505742854e-05
248,2020-11-11,BUY,22.331427041043415,119.5085308111353,1.3343980182955786,0.26685291836720504
249,2020-11-12,SELL,3.116949858006878,119.22901342014109,1.0,0.0371593697080308
250,2020-11-13,BUY,0.4326521957173295,119.27815933504118,1.0,0.005160079745769182
251,2020-11-16,SELL,0.061409034461863854,120.31739066052245,1.0,0.0007387836005830023
252,2020-11-17,BUY,0.007457638407730727,119.40716736165389,1.0,8.904064368311987e-05
253,2020-11-18,SELL,0.0022068508465729053,118.03517723736998,1.0,2.6045998481306027e-05
254,2020-11-19,SELL,0.0008632641804222629,118.65052504683808,1.0,1.0241650661060998e-05
255,2020-11-20,SELL,0.0010477730912672456,117.35020604845013,1.0,1.2294409374291372e-05
256,2020-11-23,SELL,0.0010238080230013935,113.85982221733737,1.0,1.1655894358926833e-05
257,2020-11-24,SELL,0.0010312624090591527,115.17140382122325,1.0,1.1876006335307192e-05
258,2020-11-25,SELL,0.0010286926971367905,116.03862444456425,1.0,1.1935614993697935e-05
259,2020-11-27,SELL,0.0010279967918869204,116.60380246591517,1.0,1.1985634922190312e-05
260,2020-11-30,SELL,0.001027412830900687,119.06621757703459,1.0,1.2231792787271529e-05
261,2020-12-01,SELL,0.0010245390445149383,122.72758823707053,1.0,1.2572663332465036e-05
262,2020-12-02,SELL,0.0010205595286425506,123.0920871059128,1.0,1.2561024137227741e-05
263,2020-12-03,SELL,0.001020695411201089,122.95079260057507,1.0,1.2548276153473123e-05
264,2020-12-04,SELL,0.0010208442383863314,122.26377366520104,1.0,1.2479978893062546e-05
265,2020-12-07,SELL,0.0010216415792996258,123.7678434357889,1.0,1.264337316611089e-05
266,2020-12-08,SELL,0.0010197340219821882,124.38319124525698,1.0,1.2682508936656012e-05
267,2020-12-09,SELL,0.0010192771288224378,121.7886964878436,1.0,1.241240204770487e-05
268,2020-12-10,SELL,0.0010224305096802055,123.25181132933805,1.0,1.2600381189524662e-05
269,2020-12-11,SELL,0.0010202359346731527,122.42554563508047,1.0,1.248904519337351e-05
270,2020-12-14,SELL,0.0010215357341731846,121.7886964878436,1.0,1.2439906557408678e-05
271,2020-12-15,SELL,0.0010221094064508662,127.88278993541351,1.0,1.3069713280290631e-05
272,2020-12-16,SELL,0.00101475668593487,127.81419042919882,1.0,1.2968733556178401e-05
273,2020-12-17,SELL,0.0010159355804457704,128.71212724935236,1.0,1.3075015469199461e-05
274,2020-12-18,SELL,0.0010146947851747967,126.68281051327989,1.0,1.2853153404564698e-05
275,2020-12-21,SELL,0.001017284928620299,128.23807394521202,1.0,1.3044161573825007e-05
276,2020-12-22,SELL,0.0010150549910328266,131.8902297462042,1.0,1.3386244972737024e-05
277,2020-12-23,SELL,0.001011061315615791,130.9615767292381,1.0,1.3239694436852951e-05
278,2020-12-24,SELL,0.0010127722296040531,131.98135446341476,1.0,1.3365368525747604e-05
279,2020-12-28,SELL,0.0010113050390856415,136.71267264574456,1.0,1.3824439031450785e-05
280,2020-12-29,SELL,0.0010059455899043002,134.87686794959112,1.0,1.3566522397146442e-05
281,2020-12-30,SELL,0.0010089566548217022,133.73627317462845,1.0,1.3492061074952935e-05
282,2020-12-31,SELL,0.001009825958485422,132.70728058140804,1.0,1.3399785702549898e-05
283,2021-01-04,SELL,0.0010109032334639778,129.42781463507478,1.0,1.308259137234074e-05
284,2021-01-05,SELL,0.0010146063397886707,131.01174651736525,1.0,1.32912057397507e-05
285,2021-01-06,SELL,0.0010121708574679644,126.62240199288188,1.0,1.2815069013076363e-05
286,2021-01-07,SELL,0.0010177295473852155,130.9216456733818,1.0,1.3322950424355096e-05
287,2021-01-08,SELL,0.0010118002520336233,132.0612165751274,1.0,1.3360621159327407e-05
288,2021-01-11,SELL,0.0010113604625328065,128.99471626002781,1.0,1.3044711118996463e-05
289,2021-01-12,SELL,0.0010150485753293026,128.8124668256067,1.0,1.307378371521674e-05
290,2021-01-13,SELL,0.0010147091653696094,130.89092947656926,1.0,1.3280294550910995e-05
291,2021-01-14,SELL,0.0010122982408713455,128.92509288058605,1.0,1.3049759496767334e-05
292,2021-01-15,SELL,0.0010149896377065204,127.1466250851494,1.0,1.290396029704941e-05
293,2021-01-19,SELL,0.0010166917801726072,127.83262014728633,1.0,1.2995337880371146e-05
294,2021-01-20,SELL,0.0010156249864898825,132.0407391105857,1.0,1.3409046482868346e-05
295,2021-01-21,SELL,0.0010107951178675023,136.89594595339275,1.0,1.3835991783381748e-05
296,2021-01-22,SELL,0.001005810716533162,139.07372430739255,1.0,1.3986785551094904e-05
297,2021-01-25,SELL,0.001004050264651113,142.93884573961842,1.0,1.4350343555010348e-05
298,2021-01-26,SELL,0.0009998058825289036,143.18150369442756,1.0,1.4313939572329494e-05
299,2021-01-27,SELL,0.0010002308832479656,142.06957736982326,1.0,1.4208817003836524e-05
300,2021-01-28,SELL,0.0010014581436745829,137.1171025704431,1.0,1.3730330867524275e-05
301,2021-01-29,SELL,0.001007044261928769,131.97111573114393,1.0,1.3288746609085254e-05
302,2021-02-01,SELL,0.00101219956675358,134.1509418315979,1.0,1.3577394780673884e-05
303,2021-02-02,SELL,0.0010088297244568167,134.99870886361424,1.0,1.361770925555762e-05
304,2021-02-03,SELL,0.0010083590704361711,133.94719105940797,1.0,1.3505335972820515e-05
305,2021-02-04,SELL,0.0010096709798066428,137.40788256693526,1.0,1.3872287913665647e-05
306,2021-02-05,SELL,0.001005386974942013,136.78164953307356,1.0,1.3750473837775146e-05
307,2021-02-08,SELL,0.0010068091014812097,136.93091197650543,1.0,1.3784950350165524e-05
308,2021-02-09,SELL,0.0010064066031425511,136.0261362063853,1.0,1.3688391328680989e-05
309,2021-02-10,SELL,0.0010075338878685614,135.40046075856662,1.0,1.3640691195594846e-05
310,2021-02-11,SELL,0.0010080907662466387,135.139762655313,1.0,1.362195249329476e-05
311,2021-02-12,SELL,0.0010083095324731062,135.3800138485101,1.0,1.3649130933894624e-05
312,2021-02-16,SELL,0.0010079922359604865,133.2044626181904,1.0,1.342556385506807e-05
313,2021-02-17,SELL,0.0010106022847065077,130.84693388835032,1.0,1.3222098823550632e-05
314,2021-02-18,SELL,0.001012977650763247,129.72644321709697,1.0,1.3139684800697752e-05
315,2021-02-19,SELL,0.0010139397987600773,129.89001849756946,1.0,1.3168749046743602e-05
316,2021-02-22,SELL,0.0010136004862850712,126.01941842333416,1.0,1.2772057173811745e-05
317,2021-02-23,SELL,0.0010182316919653545,125.87935708942125,1.0,1.2816153459924815e-05
318,2021-02-24,SELL,0.0010177168869383024,125.36511730143432,1.0,1.2757343956671867e-05
319,2021-02-25,SELL,0.0010184034623978988,120.99254558524406,1.0,1.2320690665773968e-05
320,2021-02-26,SELL,0.0010235012003150246,121.26653418003391,1.0,1.2410403288802096e-05
321,2021-03-01,SELL,16.712468282438667,127.79421021648733,1.067878342461172,0.2135543130609238
322,2021-03-02,SELL,2.4919074687567644,125.13406721776623,1.0,0.03117913375621888
323,2021-03-03,SELL,0.3628355329473667,122.07214243637428,1.0,0.004428768209071761
324,2021-03-04,SELL,0.050536609390130494,120.14808819978924,1.0,0.0006071269875338725
325,2021-03-05,SELL,0.005920604513288907,121.42602007849906,1.0,7.188435581517507e-05
326,2021-03-08,BUY,0.00032812122591785453,116.36847687531912,1.0,3.817914937556407e-06
327,2021-03-09,BUY,0.001211912425899797,121.09478013553684,1.0,1.467415945983675e-05
328,2021-03-10,BUY,0.0013386543753615143,120.00598217487766,1.0,1.6063047006084353e-05
329,2021-03-11,BUY,0.0013548690354880932,121.97297492258447,1.0,1.6524088280066935e-05
330,2021-03-12,BUY,0.0013602514925352693,121.03343940535717,1.0,1.6461945465242383e-05
331,2021-03-15,BUY,0.001359526002106648,123.99517432745499,1.0,1.685578078531654e-05
332,2021-03-16,BUY,0.0013641238587709381,125.58901096658212,1.0,1.713018360753249e-05
333,2021-03-17,BUY,0.0013673273927903296,124.77215690971417,1.0,1.705873292673006e-05
334,2021-03-18,BUY,0.0013664932370591742,120.5396465274268,1.0,1.6470014176299132e-05
335,2021-03-19,BUY,0.0013596202008105962,120.00598217487766,1.0,1.631462429586762e-05
336,2021-03-22,BUY,0.0013578060913062018,123.4011915902305,1.0,1.6753813580206308e-05
337,2021-03-23,BUY,0.001362933435848035,122.54446605874374,1.0,1.670032498445775e-05
338,2021-03-24,BUY,0.0013623089796759302,120.10719437966611,1.0,1.6360674875211714e-05
339,2021-03-25,BUY,0.001358343711860499,120.59996491210214,1.0,1.6379982400648657e-05
340,2021-03-26,BUY,0.0013585691188531257,121.21541690488752,1.0,1.6466305583026763e-05
341,2021-03-29,BUY,0.0013595769045942063,121.39534971340923,1.0,1.6502981081448475e-05
342,2021-03-30,BUY,0.0013600050751403359,119.92521688014575,1.0,1.6308259533475918e-05
343,2021-03-31,BUY,0.0013577317854664983,122.16108649513079,1.0,1.6584540554097695e-05
344,2021-04-01,BUY,0.0013609572466322106,123.00758857159427,1.0,1.6739132992421634e-05
345,2021-04-05,BUY,0.0013627620463481094,125.91922856404003,1.0,1.7158078751370734e-05
346,2021-04-06,BUY,0.0013676530565049916,126.23308863344867,1.0,1.7262580692088593e-05
347,2021-04-07,BUY,0.0013688730713674602,127.90462353080473,1.0,1.750676880858588e-05
348,2021-04-08,BUY,0.0013717238617907412,130.37461026597086,1.0,1.7882008186525835e-05
349,2021-04-09,BUY,0.0013761046188900394,133.01328400913107,1.0,1.830218923093797e-05
350,2021-04-12,BUY,0.0013810100504692002,131.24973801651552,1.0,1.8123908341400685e-05
351,2021-04-13,BUY,0.0013789286983563187,134.43229956725816,1.0,1.853540204572294e-05
352,2021-04-14,BUY,0.001383732709001606,132.0451228178226,1.0,1.826968858186122e-05
353,2021-04-15,BUY,0.0013806306194794615,134.50284140695675,1.0,1.8568017323591986e-05
354,2021-04-16,BUY,0.0013841134782346387,134.17160146399453,1.0,1.8569015296728905e-05
355,2021-04-19,BUY,0.0013841251291406564,134.84737184145527,1.0,1.866269732669782e-05
356,2021-04-20,BUY,22.45288346311181,133.1236973234585,1.4945054310910915,0.2988711990980775
357,2021-04-21,SELL,3.4909363078790507,133.51730034209473,1.0,0.046605378611584
358,2021-04-22,BUY,0.5429302555546736,131.9541340680574,1.0,0.007163472825827766
359,2021-04-23,SELL,0.08479778035622942,134.32393094393942,1.0,0.0011389232269552747
360,2021-04-26,BUY,0.012129095116163668,134.72673507211456,1.0,0.00016339499893805516
361,2021-04-27,SELL,0.003074905717337373,134.39242809263936,1.0,4.1320272523605e-05
362,2021-04-28,SELL,0.0006849436511906504,133.59602094582795,1.0,9.149659671141786e-06
363,2021-04-29,SELL,0.001060521612780363,133.49685343203817,1.0,1.415621420886385e-05
364,2021-04-30,SELL,0.001002072258506459,131.472609336159,1.0,1.3173188138120897e-05
365,2021-05-03,SELL,0.0010135486618167988,132.5593626058195,1.0,1.3434193038728254e-05
366,2021-05-04,SELL,0.0010105015427281927,127.85452860116267,1.0,1.2918427996826157e-05
367,2021-05-05,SELL,0.0010165228760463663,128.10704794039165,1.0,1.30210723741758e-05
368,2021-05-06,SELL,0.0010153245474295858,129.75711358218683,1.0,1.3173240938261837e-05
369,2021-05-07,SELL,0.001013548045397883,130.2208945402553,1.0,1.3197193593773247e-05
370,2021-05-10,SELL,0.0010132684085260024,126.8630813478108,1.0,1.2853349918800143e-05
371,2021-05-11,SELL,0.0010172826344021502,125.9271802239565,1.0,1.2809072456852185e-05
372,2021-05-12,SELL,0.001017799554578147,122.77961308550519,1.0,1.2495254025570821e-05
373,2021-05-13,SELL,0.0010214632487492992,124.98107298098233,1.0,1.2765080775851747e-05
374,2021-05-14,SELL,0.0010183131383882937,127.4550362571128,1.0,1.2977616035837974e-05
375,2021-05-17,SELL,0.001015831881346685,126.2894974529266,1.0,1.282760701849683e-05
376,2021-05-18,SELL,0.001017583171604386,124.86166138720696,1.0,1.270444209641123e-05
377,2021-05-19,SELL,0.0010190210686893408,124.70142531693213,1.0,1.2706067362618664e-05
378,2021-05-20,SELL,0.0010190020944094158,127.31623303699867,1.0,1.2972253586338818e-05
379,2021-05-21,SELL,0.0010158944856186736,125.44545140121105,1.0,1.2742659966445222e-05
380,2021-05-24,SELL,0.001018574891620716,127.1161931021354,1.0,1.2946441617067912e-05
381,2021-05-25,SELL,0.0010161958291714512,126.91411194344012,1.0,1.2895669555029964e-05
382,2021-05-26,SELL,0.0010167885709915225,126.8630813478108,1.0,1.2898003319182156e-05
383,2021-05-27,SELL,16.360894192048725,125.29542145005607,1.0249725665462597,0.20497401590752812
384,2021-05-28,SELL,2.391786304009889,124.62079697583422,1.0,0.029803651175055
385,2021-06-01,SELL,0.3467773699770831,124.28909810423373,1.0,0.00430963369237348
386,2021-06-02,SELL,0.049145765543213926,125.0729280531111,1.0,0.0006146190178886069
387,2021-06-03,SELL,0.00600807072046905,123.55527813908468,1.0,7.422546234845763e-05
388,2021-06-04,BUY,0.0003007898218303495,125.9067679857068,1.0,3.786768754090956e-06
389,2021-06-07,BUY,0.0012115488077082404,125.91697410482665,1.0,1.5253930591631323e-05
390,2021-06-08,BUY,0.001345422952038433,126.75183464933332,1.0,1.7051777577260443e-05
391,2021-06-09,BUY,0.0013664120363685583,127.144770235683,1.0,1.7371477293400326e-05
392,2021-06-10,BUY,0.0013701443919895695,126.13028199456275,1.0,1.7279941859296127e-05
393,2021-06-11,BUY,0.0013690757554680744,127.35705751350812,1.0,1.7434402532698864e-05
394,2021-06-14,BUY,0.0013708790168855955,130.4842124137097,1.0,1.7886018281453616e-05
395,2021-06-15,BUY,0.0013761514350107973,129.65955798832292,1.0,1.7841334545408114e-05
396,2021-06-16,BUY,0.0013756297717613108,130.1616990493281,1.0,1.7903640471470206e-05
397,2021-06-17,BUY,0.0013763571664426877,131.80080178096188,1.0,1.813868393901309e-05
398,2021-06-18,BUY,0.0013791011970507583,130.46380017545,1.0,1.799047925142914e-05
399,2021-06-21,BUY,0.0013773709715607652,132.3151901849089,1.0,1.8222887916925687e-05
400,2021-06-22,BUY,0.0013800842419993131,133.9951173930421,1.0,1.8490605941315008e-05
401,2021-06-23,BUY,0.0013832097338983829,133.71342850516993,1.0,1.849352223390945e-05
402,2021-06-24,BUY,0.001383243780351151,133.43071900537677,1.0,1.845487572961977e-05
403,2021-06-25,BUY,0.0013827925991645174,133.12963849115584,1.0,1.840722716079755e-05
404,2021-06-28,BUY,0.001382236322774233,134.78915346103935,1.0,1.8629183464641463e-05
405,2021-06-29,BUY,21.9016667236537,136.3486484634962,1.4931313284340557,0.2985964060462385
406,2021-06-30,SELL,3.4877266140523115,136.98040723738663,1.0,0.04777024416814771
407,2021-07-01,BUY,0.5565295560489965,137.2845495873405,1.0,0.007639526990725256
408,2021-07-02,SELL,0.09035550639893142,139.977944424693,1.0,0.0012646513401845744
409,2021-07-06,BUY,0.013596916344743804,142.03243620474814,1.0,0.00019310100523105175
410,2021-07-07,SELL,0.0034217104655622776,144.58498659815453,1.0,4.9467849395690555e-05
411,2021-07-08,SELL,0.0005898242225503836,143.25717049987153,1.0,8.448810040480232e-06
412,2021-07-09,SELL,0.0010687037284551337,145.12999335948112,1.0,1.5508545646833253e-05
413,2021-07-12,SELL,0.0009862843750987338,144.51354376427548,1.0,1.4251719848501728e-05
414,2021-07-13,SELL,0.0010009572715574677,145.66173216594493,1.0,1.4578659134010813e-05
415,2021-07-14,SELL,0.000997140397102747,149.16141041424646,1.0,1.4871999601327883e-05
416,2021-07-15,SELL,0.0009937157742863079,148.4878065519256,1.0,1.47539921667568e-05
417,2021-07-16,SELL,0.0009950934599372019,146.40677886214482,1.0,1.4567386075006598e-05
418,2021-07-19,SELL,0.000997272005180072,142.4641550437753,1.0,1.420613074361231e-05
419,2021-07-20,SELL,0.0010014895045973304,146.1638732269401,1.0,1.4636694829315846e-05
420,2021-07-21,SELL,0.000996462855512803,145.4188265307502,1.0,1.4488997013317646e-05
421,2021-07-22,SELL,0.000998187163499864,146.81910607483323,1.0,1.4653829321101569e-05
422,2021-07-23,SELL,0.000996262817747784,148.5694555049345,1.0,1.4799942443020131e-05
423,2021-07-26,SELL,0.0009945570103786494,149.00117434397163,1.0,1.4817534496380687e-05
424,2021-07-27,SELL,0.0009943516307799882,146.78848771745365,1.0,1.4594477766374812e-05
425,2021-07-28,SELL,0.0009969557214244418,145.00037564658587,1.0,1.4454449965944138e-05
426,2021-07-29,SELL,0.0009985904853042626,145.66173216594493,1.0,1.454418756263709e-05
427,2021-07-30,SELL,0.0009975428377568818,145.875040055681,1.0,1.4550205120981811e-05
428,2021-08-02,SELL,0.0009974725853716393,145.54129996025856,1.0,1.4515894085558e-05
429,2021-08-03,SELL,0.0009978731518387463,147.37227773145773,1.0,1.4704413485995679e-05
430,2021-08-04,SELL,0.0009956722695463327,146.9681154140672,1.0,1.4631744528069287e-05
431,2021-08-05,SELL,0.0009965206481341582,147.0803827244557,1.0,1.4655398292216112e-05
432,2021-08-06,SELL,0.0009962445006905796,146.15718351540585,1.0,1.4559373094060208e-05
433,2021-08-09,SELL,0.000997365553259577,146.1062292609299,1.0,1.4570674950652778e-05
434,2021-08-10,SELL,0.0009972336089827394,145.62725926893992,1.0,1.4520987633938292e-05
435,2021-08-11,SELL,0.0009978136868689091,145.87489694565144,1.0,1.4554141460148542e-05
436,2021-08-12,SELL,0.0009974266303176549,148.89852240576423,1.0,1.4850050141220777e-05
437,2021-08-13,SELL,0.0009939720247196249,149.108453934178,1.0,1.4819481237865057e-05
438,2021-08-16,SELL,0.0009943289034177738,151.1374523470813,1.0,1.5026531072646415e-05
439,2021-08-17,SELL,0.0009919116863361666,150.20600857540765,1.0,1.489761976441036e-05
440,2021-08-18,SELL,0.0009934166699858693,146.3793440648794,1.0,1.4540114042147592e-05
441,2021-08-19,SELL,0.0009975903943431064,146.71768031455136,1.0,1.4634951361078367e-05
442,2021-08-20,SELL,0.0009964832097493215,148.19535369411406,1.0,1.4765941577748194e-05
443,2021-08-23,SELL,0.0009949539557441156,149.72092407287775,1.0,1.4895053061100383e-05
444,2021-08-24,SELL,0.0009934466351353421,149.63226367010398,1.0,1.4863680517020613e-05
445,2021-08-25,SELL,0.0009938128959898762,148.36655998912167,1.0,1.4743385726515564e-05
446,2021-08-26,SELL,0.0009952172855305363,147.54313923692982,1.0,1.468228002499379e-05
447,2021-08-27,SELL,0.0009959306681111002,148.60910224039162,1.0,1.4798956352530396e-05
448,2021-08-30,SELL,0.0009945685225574152,153.14606905819826,1.0,1.5229902973582946e-05
449,2021-08-31,SELL,0.0009895374075385988,151.85081190963467,1.0,1.5024703404613426e-05
450,2021-09-01,SELL,0.000991933023568592,152.53257983441014,1.0,1.5128697441039015e-05
451,2021-09-02,SELL,0.0009907189382660775,153.66987879413426,1.0,1.5222843631872808e-05
452,2021-09-03,SELL,0.0009896198222936192,154.3119024004253,1.0,1.5269484794647198e-05
453,2021-09-07,SELL,0.0009890753069328184,156.70369510514024,1.0,1.5497625770779057e-05
454,2021-09-08,SELL,0.0009864118599178795,155.1159605359291,1.0,1.529929238429056e-05
455,2021-09-09,SELL,0.000988727316244109,154.0805700851469,1.0,1.523284357020493e-05
456,2021-09-10,SELL,0.0009895030773474645,148.97903012783144,1.0,1.4740046872485498e-05
457,2021-09-13,SELL,0.0009952562652042474,149.56092771385167,1.0,1.4883656668033602e-05
458,2021-09-14,SELL,0.0009935796830848886,148.12401773786172,1.0,1.4715829877144038e-05
459,2021-09-15,SELL,0.0009955389881284304,149.03813706301395,1.0,1.4835844032030275e-05
460,2021-09-16,SELL,0.0009941378748870022,148.79661389683233,1.0,1.4790955857393688e-05
461,2021-09-17,SELL,0.0009946619248708544,146.07565670825034,1.0,1.452813657416747e-05
462,2021-09-20,SELL,0.0009977302260910648,142.9531799944706,1.0,1.4261444715155483e-05
463,2021-09-21,SELL,0.0010008437379545043,143.44641717771702,1.0,1.4355309305489079e-05
464,2021-09-22,SELL,0.0009997479095442685,145.86470609475825,1.0,1.4581335365906805e-05
465,2021-09-23,SELL,0.0009971091532543497,146.85016137616282,1.0,1.4641099896500749e-05
466,2021-09-24,SELL,0.0009964114282636771,146.94085994911325,1.0,1.4639891224100864e-05
467,2021-09-27,SELL,0.0009964255389895982,145.39388878347484,1.0,1.4485969802699106e-05
468,2021-09-28,SELL,0.000998222504871471,141.9177895436784,1.0,1.4165136622760677e-05
469,2021-09-29,SELL,0.0010019680931909747,142.8420997197238,1.0,1.4310891539193555e-05
470,2021-09-30,SELL,0.001000266467714006,141.50709825267577,1.0,1.4153065226053213e-05
471,2021-10-01,SELL,0.0010021090215159845,142.66274074399962,1.0,1.4294932460118194e-05
472,2021-10-04,SELL,15.755742361623152,139.15708803661192,1.0962616134492844,0.21923039964994875
473,2021-10-05,SELL,2.5581401866148816,141.1147504932729,1.0,0.03609552186387811
474,2021-10-06,SELL,0.42023223323241155,142.00848811663877,1.0,0.005967057704151497
475,2021-10-07,SELL,0.06849547251616883,143.305783435379,1.0,0.000981481586912407
476,2021-10-08,SELL,0.01029103220738925,142.91343567598616,1.0,0.00014705797114403422
477,2021-10-11,SELL,0.0005494981511233732,142.82171801793743,1.0,7.84724227488714e-06
478,2021-10-12,BUY,0.0010757267713863428,141.51728910356897,1.0,1.5221871463114174e-05
479,2021-10-13,BUY,0.0013450486756081403,140.91602890084067,1.0,1.8951996604828284e-05
480,2021-10-14,BUY,0.001388596269917386,143.77558166157408,1.0,1.9962627377291712e-05
481,2021-10-15,BUY,0.0014003949461560694,144.86294545192058,1.0,2.02845052190889e-05
482,2021-10-18,BUY,0.001404152730451358,146.56889389149677,1.0,2.0578453410352173e-05
483,2021-10-19,BUY,0.0014075844481791222,148.76807951432937,1.0,2.093826968399797e-05
484,2021-10-20,BUY,0.0014117851472228438,149.271507548469,1.0,2.1071822543775336e-05
485,2021-10-21,BUY,0.0014133443189763284,149.49162992777593,1.0,2.112620196907992e-05
486,2021-10-22,BUY,0.0014139791751972552,148.6987817282537,1.0,2.1023595714524457e-05
487,2021-10-25,BUY,0.0014127812916466809,148.64782747378774,1.0,2.099858711116743e-05
488,2021-10-26,BUY,0.0014124893270412997,149.33265265383818,1.0,2.1090968708360963e-05
489,2021-10-27,BUY,0.001413567842147856,148.85775900219147,1.0,2.103995012294052e-05
490,2021-10-28,BUY,0.0014129722222762098,152.59372493976932,1.0,2.155891357201459e-05
491,2021-10-29,BUY,0.00141903089561346,149.81162264582815,1.0,2.1256606444996716e-05
492,2021-11-01,BUY,0.001415501590933843,148.96883927693824,1.0,2.108445445415137e-05
493,2021-11-02,BUY,0.0014134917910553213,150.03480228040004,1.0,2.1205175622031198e-05
494,2021-11-03,BUY,0.0014149011583661775,151.51247565996275,1.0,2.1435374194394814e-05
495,2021-11-04,BUY,0.0014175886269249816,150.9764369029669,1.0,2.14001079779261e-05
496,2021-11-05,BUY,21.818755702916718,151.30082891940492,1.6505979119206464,0.33008657372664657
497,2021-11-08,SELL,3.855544490210635,150.45622097233547,1.0,0.058003265052321125
498,2021-11-09,BUY,0.6759956396515916,150.82662734911946,1.0,0.010194794763660881
499,2021-11-10,SELL,0.12018715013786174,147.92850273072597,1.0,0.0017777327434637356
500,2021-11-11,BUY,0.019586919347090337,147.87762273390504,1.0,0.00028961774519854457
501,2021-11-12,SELL,0.00454850157216935,150.00644180051563,1.0,6.822363127341337e-05
502,2021-11-15,SELL,0.00037085859830288115,150.01560019994398,1.0,5.562901231247061e-06
503,2021-11-16,SELL,0.0011023954629862942,151.01895373707515,1.0,1.6646596282824792e-05
504,2021-11-17,SELL,0.0009729981271791033,153.50698558117176,1.0,1.493470747719653e-05
505,2021-11-18,SELL,0.0009929836870146147,157.88877090661083,1.0,1.5676529734340984e-05
506,2021-11-19,SELL,0.000984323233685025,160.56607633884366,1.0,1.5803311617032997e-05
507,2021-11-22,SELL,0.0009828431101546187,161.03620750938987,1.0,1.5825750128578822e-05
508,2021-11-23,SELL,0.000982581150257289,161.41882508541167,1.0,1.585912357018846e-05
509,2021-11-24,SELL,0.0009821915297907324,161.95001225212704,1.0,1.590500252811267e-05
510,2021-11-26,SELL,0.000981655912842605,156.8233437733707,1.0,1.53931169569895e-05
511,2021-11-29,SELL,0.0009876319550228274,160.26486675771736,1.0,1.5826687698962308e-05
512,2021-11-30,SELL,0.0009825702045294094,165.31826804106672,1.0,1.6242056238523774e-05
513,2021-12-01,SELL,0.0009777209568602174,164.7870808743514,1.0,1.6109967242336824e-05
514,2021-12-02,SELL,0.0009792630386407097,163.77456893780186,1.0,1.603623457956427e-05
515,2021-12-03,SELL,0.0009801238355207076,161.8502874583748,1.0,1.586174627776503e-05
516,2021-12-06,SELL,0.0009821609108167095,165.3386200397931,1.0,1.6237289236225774e-05
517,2021-12-07,SELL,0.0009777766095462326,171.1959252727692,1.0,1.6737463391784416e-05
518,2021-12-08,SELL,0.0009719372930669934,175.09638582836408,1.0,1.701656906988687e-05
519,2021-12-09,SELL,0.0009686788552452086,174.57639226094673,1.0,1.6909155065315708e-05
520,2021-12-10,SELL,0.0009699328671937124,179.46901275437475,1.0,1.740554885643731e-05
521,2021-12-13,SELL,0.0009641376848295025,175.75986098679581,1.0,1.694397614816189e-05
522,2021-12-14,SELL,0.0009695263461440007,174.3443794754881,1.0,1.690145677469477e-05
523,2021-12-15,SELL,0.0009700227413995677,179.3173903638818,1.0,1.7392455412602915e-05
524,2021-12-16,SELL,0.0009642905451121564,172.28170440473568,1.0,1.661130073524114e-05
525,2021-12-17,SELL,0.0009734101873997147,171.15522127532645,1.0,1.665875772582657e-05
526,2021-12-20,SELL,0.0009728561476043396,169.76110936267492,1.0,1.651366252051219e-05
527,2021-12-21,SELL,0.0009745500712377009,173.0133587588953,1.0,1.685933217713771e-05
528,2021-12-22,SELL,0.0009705145278173788,175.65810099317395,1.0,1.704616927733853e-05
529,2021-12-23,SELL,0.0009683332856527116,176.29918895299969,1.0,1.7069930296650023e-05
530,2021-12-27,SELL,0.000968055886050756,180.35330709896715,1.0,1.7457462304343728e-05
531,2021-12-28,SELL,0.000963531617825808,179.30721436451358,1.0,1.7275089525495388e-05
532,2021-12-29,SELL,0.0009656607409747053,179.39778075883746,1.0,1.7322007188970926e-05
533,2021-12-30,SELL,0.0009651129975889461,178.2153296329282,1.0,1.7198073292505884e-05
534,2021-12-31,SELL,0.0009665598721140256,177.58543527240045,1.0,1.7162979262682736e-05
535,2022-01-03,SELL,0.0009669695797018818,182.026241394139,1.0,1.7599623851173586e-05
536,2022-01-04,SELL,0.0009618719433825973,179.72137753855978,1.0,1.7285166551386897e-05
537,2022-01-05,SELL,0.0009655430960640032,174.93764023831235,1.0,1.688929414797126e-05
538,2022-01-06,SELL,0.0009701647347943876,172.01712842131286,1.0,1.6686826494846682e-05
539,2022-01-07,SELL,0.0009725284568915527,172.190120410472,1.0,1.6744304778987375e-05
540,2022-01-10,SELL,0.0009718574228356758,172.2104724091984,1.0,1.673472911718005e-05
541,2022-01-11,SELL,0.0009719692145377934,175.09638582836408,1.0,1.7017127947415856e-05
542,2022-01-12,SELL,0.0009686723305932787,175.54718260012373,1.0,1.700306954288383e-05
543,2022-01-13,SELL,0.0009688364563720242,172.2104724091984,1.0,1.66827101128967e-05
544,2022-01-14,SELL,0.0009725765138668407,173.0947667537908,1.0,1.683310717107371e-05
545,2022-01-18,SELL,0.0009708206933973784,169.81198935948586,1.0,1.648405092062889e-05
546,2022-01-19,SELL,0.0009748957738331399,166.25140718260045,1.0,1.6206158809742704e-05
547,2022-01-20,SELL,0.0009781400437818277,164.52657529067784,1.0,1.6091394016419415e-05
548,2022-01-21,SELL,0.0009794798730036192,162.42014342266324,1.0,1.5907135431745183e-05
549,2022-01-24,SELL,0.0009816310121175675,161.6264154724047,1.0,1.5864163764127282e-05
550,2022-01-25,SELL,0.0009821326877119674,159.8028763866697,1.0,1.569319352962732e-05
551,2022-01-26,SELL,0.0009841286910976521,159.71332759227565,1.0,1.571627517591699e-05
552,2022-01-27,SELL,0.0009838592228801346,159.24217882179963,1.0,1.5665622068334032e-05
553,2022-01-28,SELL,0.0009844505759586397,170.34215892627134,1.0,1.6767666879800013e-05
554,2022-01-31,SELL,0.0009715846804345674,174.79517624723775,1.0,1.698113343222945e-05
555,2022-02-01,SELL,15.14463566162533,174.62523705788803,1.3223177962833341,0.26443711554518967
556,2022-02-02,SELL,3.0856451166844767,175.85958578054803,1.0,0.05425860134846047
557,2022-02-03,SELL,0.6322783139303425,172.92177476463164,1.0,0.010932375581446389
558,2022-02-04,SELL,0.12646340665395428,172.40803487439948,1.0,0.0021801127311981854
559,2022-02-07,SELL,0.024284531303457868,171.67731148588715,1.0,0.0004168686176257196
560,2022-02-08,SELL,0.0036994205068374697,174.84411827117077,1.0,6.467572409085311e-05
561,2022-02-09,BUY,0.0004122788769169716,176.2964183020323,1.0,7.267602173985243e-06
562,2022-02-10,BUY,0.0012521860292160625,172.1417629303275,1.0,2.1553195739005565e-05
563,2022-02-11,BUY,0.001418964142391843,168.65278741881264,1.0,2.392883290287037e-05
564,2022-02-14,BUY,0.0014466986766255019,168.89466803976617,1.0,2.4431526121590315e-05
565,2022-02-15,BUY,0.0014525674020777757,172.8135406212995,1.0,2.5099821592238397e-05
566,2022-02-16,BUY,0.0014603694620429764,172.5696273900853,1.0,2.519902148952428e-05
567,2022-02-17,BUY,0.0014615275778453451,168.89466803976617,1.0,2.4681953313762877e-05
568,2022-02-18,BUY,0.0014554910310042857,167.3122809522597,1.0,2.434971745853176e-05
569,2022-02-22,BUY,0.0014516123213930143,164.33755583656242,1.0,2.3853056786330805e-05
570,2022-02-23,BUY,0.0014458140233060135,160.09143300315606,1.0,2.3143929491745408e-05
571,2022-02-24,BUY,0.0014375352694973031,162.7561850541763,1.0,2.3394436190816122e-05
572,2022-02-25,BUY,0.0014404598266324342,164.86908341958596,1.0,2.3746354496496288e-05
573,2022-02-28,BUY,0.0014445683203199167,165.13840427904898,1.0,2.3852985430422993e-05
574,2022-03-01,BUY,0.0014458131902586047,163.2145386678446,1.0,2.3595413743416274e-05
575,2022-03-02,BUY,0.0014428061524505154,166.58054125861702,1.0,2.403193978665997e-05
576,2022-03-03,BUY,0.0014479024048057454,166.2492257862126,1.0,2.4068858495452543e-05
577,2022-03-04,BUY,0.0014483334147286087,163.18506581906442,1.0,2.363227513352681e-05
578,2022-03-07,BUY,0.00144323649320377,159.31904110429932,1.0,2.2991206297777818e-05
579,2022-03-08,BUY,0.001435752292398007,157.45615380089598,1.0,2.2604542922883763e-05
580,2022-03-09,BUY,0.0014312381650860573,162.96452760584825,1.0,2.332177296917593e-05
581,2022-03-10,BUY,0.0014396115150141497,158.5364861541491,1.0,2.2820813020453005e-05
582,2022-03-11,BUY,0.0014337630247389654,154.7426191036189,1.0,2.2184206141576834e-05
583,2022-03-14,BUY,0.001426330915348828,150.63471376790028,1.0,2.148334658254082e-05
584,2022-03-15,BUY,0.0014181486837632207,155.10239111966314,1.0,2.1993625818889743e-05
585,2022-03-16,BUY,0.001424105972683165,159.60970437149967,1.0,2.2727840545291475e-05
586,2022-03-17,BUY,0.0014326776113904316,160.63210733234277,1.0,2.3011101274412732e-05
587,2022-03-18,BUY,0.0014359845576290553,163.99709361798483,1.0,2.3547374655675834e-05
588,2022-03-21,BUY,0.001442245316923163,165.3995946974792,1.0,2.3852293857962047e-05
589,2022-03-22,BUY,0.001445805116450316,168.8336897319651,1.0,2.4407620482313928e-05
590,2022-03-23,BUY,0.0014522883141001586,170.22704406528632,1.0,2.4719402743722613e-05
591,2022-03-24,BUY,0.0014559282368669102,174.0829057287479,1.0,2.5342687531894832e-05
592,2022-03-25,BUY,0.0014632048166234313,174.73435731712286,1.0,2.5564658859727228e-05
593,2022-03-28,BUY,0.0014657962356690035,175.61651017001748,1.0,2.5739228030036072e-05
594,2022-03-29,BUY,0.0014678342550684675,178.9784475402685,1.0,2.6268442777559307e-05
595,2022-03-30,BUY,0.0014740126078756077,177.78835423296752,1.0,2.620360720656246e-05
596,2022-03-31,BUY,0.0014732556806826835,174.6235800579446,1.0,2.5723945735556475e-05
597,2022-04-01,BUY,0.0014676558409050244,174.32377004457106,1.0,2.5582171714295798e-05
598,2022-04-04,BUY,0.001466000690655278,178.45911561880916,1.0,2.6159502724831055e-05
599,2022-04-05,BUY,0.0014727407799774994,175.07583584082076,1.0,2.5781554147707928e-05
600,2022-04-06,BUY,22.77647472834923,171.84906705286645,1.9570579664100023,0.3913724560362135
601,2022-04-07,SELL,4.571388346562788,172.16005642266384,1.0,0.07869317824961297
602,2022-04-08,BUY,0.917541408759992,170.1050874496742,1.0,0.01560628552903398
603,2022-04-11,SELL,0.18336395936264083,165.76851345969658,1.0,0.0030392931672454217
604,2022-04-12,BUY,0.03431509050631565,167.67306927343432,1.0,0.000575314123347021
605,2022-04-13,SELL,0.007883882959862198,170.41709312460193,1.0,0.00013434140751477166
606,2022-04-14,BUY,0.0004010377823924216,165.30812723576759,1.0,6.628817594045688e-06
607,2022-04-18,SELL,0.0012447284961085714,165.08758902255144,1.0,2.05468679542244e-05
608,2022-04-19,SELL,0.0009274641458807409,167.4139114652648,1.0,1.5525487491811717e-05
609,2022-04-20,SELL,0.0009860865864013135,167.24113959315514,1.0,1.6489775467169154e-05
610,2022-04-21,SELL,0.0009748289422324419,166.44029115066857,1.0,1.6223458950830594e-05
611,2022-04-22,SELL,0.0009779380721326447,161.80289084217708,1.0,1.5821738539709708e-05
612,2022-04-25,SELL,0.0009826279838192065,162.8954188569944,1.0,1.6004959204574718e-05
613,2022-04-26,SELL,0.0009804889619680068,156.81486526382452,1.0,1.537398704765094e-05
614,2022-04-27,SELL,0.0009878552884234892,156.58314769416452,1.0,1.5466602392539148e-05
615,2022-04-28,SELL,0.0009867740444127193,163.65764770454763,1.0,1.61476971227401e-05
616,2022-04-29,SELL,0.0009788225586406796,157.66754526794898,1.0,1.543131187618604e-05
617,2022-05-02,SELL,0.0009871860458954274,157.97751833261603,1.0,1.5593760790223918e-05
618,2022-05-03,SELL,0.0009852895252322469,159.4999434174518,1.0,1.5713790973323847e-05
619,2022-05-04,SELL,15.129265026754732,166.0398669294203,1.256030575891144,0.25118099707838526
620,2022-05-05,SELL,2.9309630588034947,156.78539241505433,1.0,0.045948624470366635
621,2022-05-06,SELL,0.5352629356086123,157.2961841236578,1.0,0.008418639863417851
622,2022-05-09,SELL,0.09711663165519546,152.07496562484488,1.0,0.0014767531667385257
623,2022-05-10,SELL,0.016073113240121728,154.5257416549026,1.0,0.0002483461397991817
624,2022-05-11,SELL,0.0017319936196198427,146.516828847783,1.0,2.5374083864744577e-05
625,2022-05-12,BUY,0.0008711084923493928,142.57427610378016,1.0,1.2418524418010136e-05
626,2022-05-13,BUY,0.0013123208138896558,147.1257173024502,1.0,1.9305683539099907e-05
627,2022-05-16,BUY,0.001392725411580642,145.55478508939663,1.0,2.0269757821330352e-05
628,2022-05-17,BUY,0.001403980560972684,149.25378245153658,1.0,2.095284563680679e-05
629,2022-05-18,BUY,0.0014119553151541453,140.8328551234146,1.0,1.9882981535817105e-05
630,2022-05-19,BUY,0.0013994651154778381,137.3632057458799,1.0,1.922157930122966e-05
631,2022-05-20,BUY,0.0013917435310553117,137.60371668546895,1.0,1.9148993355277223e-05
632,2022-05-23,BUY,0.0013908961215971516,143.12227571298166,1.0,1.9904831337211393e-05
633,2022-05-24,BUY,0.0013997202024391697,140.3761887824167,1.0,1.964677406060088e-05
634,2022-05-25,BUY,0.0013967074955836267,140.5334849665323,1.0,1.9626454537866582e-05
635,2022-05-26,BUY,0.0013964702739617252,143.79306782721582,1.0,2.007826665556219e-05
636,2022-05-27,BUY,0.0014017449846104313,149.6556488316163,1.0,2.0975807936024545e-05
637,2022-05-31,BUY,0.0014122233900462078,148.8549605137206,1.0,2.1019543741814757e-05
638,2022-06-01,BUY,0.0014127339866210065,148.7270939382416,1.0,2.100908112569662e-05
639,2022-06-02,BUY,0.0014126118401129872,151.22353660239608,1.0,2.1359879842840135e-05
640,2022-06-03,BUY,0.00141670726309151,145.39342964891597,1.0,2.0595933185635003e-05
641,2022-06-06,BUY,0.0014077885169800908,146.15352540316118,1.0,2.0573268151035906e-05
642,2022-06-07,BUY,0.001407523912524411,148.7270939382416,1.0,2.0931600955754598e-05
643,2022-06-08,BUY,0.0014117072927106733,147.9761315108177,1.0,2.0887809619112808e-05
644,2022-06-09,BUY,0.0014111960478349062,142.65444641697988,1.0,2.0129326166370713e-05
645,2022-06-10,BUY,0.0014023410822687765,137.14299108810602,1.0,1.9230202034585436e-05
646,2022-06-13,BUY,0.0013918441977303075,131.89335779473777,1.0,1.835566491009009e-05
647,2022-06-14,BUY,0.0013816343558463728,132.77218679765065,1.0,1.8342427235307416e-05
648,2022-06-15,BUY,0.0013814798117284255,135.44216267138094,1.0,1.8709190419689534e-05
649,2022-06-16,BUY,0.0013857616129460126,130.07379612935503,1.0,1.8023325020124618e-05
650,2022-06-17,BUY,0.0013777544316742052,131.57369135603025,1.0,1.812581105464862e-05
651,2022-06-21,BUY,0.0013789509117057008,135.88462161511117,1.0,1.8735948691414136e-05
652,2022-06-22,BUY,0.0013860740041700126,135.36199235819126,1.0,1.876029784626145e-05
653,2022-06-23,BUY,0.0013863582699968902,138.2836421265245,1.0,1.9169150171738152e-05
654,2022-06-24,BUY,0.0013911314436931832,141.67413600495078,1.0,1.970676385905939e-05
655,2022-06-27,BUY,0.0013974078504777054,141.67413600495078,1.0,1.979567541874466e-05
656,2022-06-28,BUY,0.001398445854402297,137.4535241999822,1.0,1.922020908814926e-05
657,2022-06-29,BUY,0.0013917275344113023,139.24365625671834,1.0,1.9376985341917107e-05
658,2022-06-30,BUY,0.0013935578292247897,136.73402100937744,1.0,1.9052771272761064e-05
659,2022-07-01,BUY,0.0013897727704890173,138.94327128575478,1.0,1.9308026704877386e-05
660,2022-07-05,BUY,0.0013927527670247741,141.57366940993586,1.0,1.9715740406809034e-05
661,2022-07-06,BUY,0.0013975126477809852,142.93352029203692,1.0,1.997314292570287e-05
662,2022-07-07,BUY,0.001400517710628435,146.36562154820496,1.0,2.049671484905935e-05
663,2022-07-08,BUY,0.0014066301859045893,147.05569513016312,1.0,2.0683229654971796e-05
664,2022-07-11,BUY,0.00140880766542395,144.8850077892637,1.0,2.0409470010850678e-05
665,2022-07-12,BUY,0.0014056116402318963,145.87343671401288,1.0,2.050208985558114e-05
666,2022-07-13,BUY,0.0014066929367757552,145.50404438484352,1.0,2.0465904560382423e-05
667,2022-07-14,BUY,0.0014062704891379951,148.4835385563687,1.0,2.0878713968045613e-05
668,2022-07-15,BUY,0.0014110898600527833,150.18639660127633,1.0,2.1190531083080415e-05
669,2022-07-18,BUY,0.0014147301897207143,147.0851247388097,1.0,2.0806495993073365e-05
670,2022-07-19,BUY,0.0014102467464951474,151.01448489962613,1.0,2.1294639136431486e-05
671,2022-07-20,BUY,0.0014159456061211273,153.0562908509652,1.0,2.1669771274816236e-05
672,2022-07-21,BUY,22.158811517323393,155.36600772234752,1.7213630406592548,0.3442381843136751
673,2022-07-22,SELL,4.020841017145967,154.10459380708883,1.0,0.06195681148980622
674,2022-07-25,BUY,0.7221515807551953,152.96597239685292,1.0,0.01104535734108708
675,2022-07-26,SELL,0.13011709957643713,151.61626965566447,1.0,0.0019725896666524215
676,2022-07-27,BUY,0.021861789469998172,156.80704373173953,1.0,0.000342773980349819
677,2022-07-28,SELL,0.005169077578461412,157.36620629595487,1.0,8.133567928923855e-05
678,2022-07-29,SELL,0.00021778112077175393,162.52755076339335,1.0,3.5391892972228666e-06
679,2022-08-01,SELL,0.0011260214226940235,161.52592925544775,1.0,1.8186347031501675e-05
680,2022-08-02,SELL,0.0009550222045513479,160.02603402877253,1.0,1.52813134490198e-05
681,2022-08-03,SELL,0.0009889372125195806,166.14739262641484,1.0,1.6429291004033822e-05
682,2022-08-04,SELL,0.000975535072124778,165.82671137361604,1.0,1.6175359748020565e-05
683,2022-08-05,SELL,0.0009784996094790444,165.36664494535344,1.0,1.617950179980939e-05
684,2022-08-08,SELL,0.0009784512528208111,164.88629030594257,1.0,1.613170656162412e-05
685,2022-08-09,SELL,0.0009790092415098428,164.93696062655798,1.0,1.6145866285358506e-05
686,2022-08-10,SELL,0.0009788439328728415,169.25711216200432,1.0,1.656597313621104e-05
687,2022-08-11,SELL,0.000973939367471921,168.50820482334876,1.0,1.6410036438302652e-05
688,2022-08-12,SELL,0.0009757598608350904,172.1169450573884,1.0,1.6792801355518467e-05
689,2022-08-15,SELL,0.0009712912463237799,173.2073703569752,1.0,1.682179808284893e-05
690,2022-08-16,SELL,0.0009709527221017922,173.0482655502454,1.0,1.6800488400259724e-05
691,2022-08-17,SELL,0.0009712015034084587,174.56837516862765,1.0,1.695241159996389e-05
692,2022-08-18,SELL,0.000969427865899597,174.1680796357869,1.0,1.6882650709831323e-05
693,2022-08-19,SELL,0.0009702422940556232,171.53930340239873,1.0,1.6641804544929764e-05
694,2022-08-22,SELL,0.0009730540686430089,167.58600498819635,1.0,1.630539386075837e-05
695,2022-08-23,SELL,0.0009769815175717511,167.2465138400861,1.0,1.633804148585591e-05
696,2022-08-24,SELL,0.0009766003707003534,167.54648213811652,1.0,1.6360959560607393e-05
697,2022-08-25,SELL,0.000976332812109959,170.0475691635607,1.0,1.660064207518003e-05
698,2022-08-26,SELL,0.0009735346226369401,163.63574679322545,1.0,1.5928913609050992e-05
699,2022-08-29,SELL,0.0009813767613353619,161.3961186221424,1.0,1.5837456272933106e-05
700,2022-08-30,SELL,0.000982444486096412,158.926447195474,1.0,1.5612079966217396e-05
701,2022-08-31,SELL,0.0009850756567928443,157.23608529983633,1.0,1.5487395260288095e-05
702,2022-09-01,SELL,0.0009865312966939044,157.97587198077733,1.0,1.5583255857567388e-05
703,2022-09-02,SELL,0.000985412165769084,155.82643698038947,1.0,1.535379129575728e-05
704,2022-09-06,SELL,0.000988091065074137,154.54447786888664,1.0,1.5268874886385554e-05
705,2022-09-07,SELL,0.0009890824273472987,155.97642112940468,1.0,1.5425811140843704e-05
706,2022-09-08,SELL,0.000987250264596895,154.47556623285206,1.0,1.5249079455753094e-05
707,2022-09-09,SELL,0.0009893135304208656,157.38505604243105,1.0,1.5568759666913732e-05
708,2022-09-12,SELL,0.0009855814025119258,163.44623979413046,1.0,1.61073466904988e-05
709,2022-09-13,SELL,0.000979293632447309,153.85434810214056,1.0,1.5065351806882416e-05
710,2022-09-14,SELL,0.0009914584710886132,155.32480080631794,1.0,1.5398269126047257e-05
711,2022-09-15,SELL,0.000987571805682208,152.3849088043737,1.0,1.5047599194737727e-05
712,2022-09-16,SELL,0.0009916657251416439,150.71481503697623,1.0,1.4944377196603327e-05
713,2022-09-19,SELL,0.0009928707972317596,154.49583436109225,1.0,1.5337906432476548e-05
714,2022-09-20,SELL,15.262854389928172,156.91382206073476,1.197476408940047,0.2394713346545802
715,2022-09-21,SELL,2.794326177849448,153.73577955190112,1.0,0.04295449587781559
716,2022-09-22,SELL,0.5003077820122126,152.7558155512497,1.0,0.00764172815397065
717,2022-09-23,SELL,0.08804652417831527,150.44524893131106,1.0,0.0013244856761861178
718,2022-09-26,SELL,0.01429545628404405,150.7847400794213,1.0,0.00021553211279937116
719,2022-09-27,SELL,0.0013489040767282745,151.77483814418778,1.0,2.0470922699457237e-05
720,2022-09-28,BUY,0.000928350773813591,149.8544329929648,1.0,1.3910356847150196e-05
721,2022-09-29,BUY,0.0013297373109057986,142.49507562717446,1.0,1.894620724746415e-05
722,2022-09-30,BUY,0.0013885286816801568,138.2134335353974,1.0,1.91894127244597e-05
723,2022-10-03,BUY,0.0013913680002133333,142.4646734348092,1.0,1.9820096768140274e-05
724,2022-10-04,BUY,0.0013987309630696387,146.11496333174964,1.0,2.0435508787107412e-05
725,2022-10-05,BUY,0.0014059156316612587,146.41391822335956,1.0,2.0582503381975653e-05
726,2022-10-06,BUY,0.0014076317298421515,145.44611509965426,1.0,2.047140951871382e-05
727,2022-10-07,BUY,0.0014063347571404705,140.10546330707618,1.0,1.9701548116591757e-05
728,2022-10-10,BUY,0.0013973469589458887,140.4327935782303,1.0,1.9621371567125766e-05
729,2022-10-11,BUY,0.0013964109324806628,138.9927430664182,1.0,1.940715787956956e-05
730,2022-10-12,BUY,0.001393910080523142,138.35429702669802,1.0,1.928341658924722e-05
731,2022-10-13,BUY,0.001392465454591374,143.00380564612954,1.0,1.991079484424267e-05
732,2022-10-14,BUY,0.0013997898238002904,138.39381987677785,1.0,1.9370289045123373e-05
733,2022-10-17,BUY,0.001393479652861629,142.42413717831886,1.0,1.9844529270488597e-05
734,2022-10-18,BUY,0.0013990162019474894,143.76386045532067,1.0,2.011078592456523e-05
735,2022-10-19,BUY,0.0014021246329800618,143.87533516066657,1.0,2.0171098040890412e-05
736,2022-10-20,BUY,0.001402828750798335,143.40511458538077,1.0,2.0115270248150738e-05
737,2022-10-21,BUY,0.0014021769855148136,147.28342092507557,1.0,2.0649677349164067e-05
738,2022-10-24,BUY,0.0014084159567939736,149.46528493065966,1.0,2.1048824345887906e-05
739,2022-10-25,BUY,0.0014130758249830677,152.35450661199846,1.0,2.1526694342623186e-05
740,2022-10-26,BUY,0.001418654750075632,149.36597110225986,1.0,2.1187755664824005e-05
741,2022-10-27,BUY,0.0014146977879168077,144.81678971764867,1.0,2.0485150691598856e-05
742,2022-10-28,BUY,0.0014064951793795188,155.7565119379444,1.0,2.190488783097531e-05
743,2022-10-31,BUY,0.0014230699951340853,153.35473874090005,1.0,2.1821270604327774e-05
744,2022-11-01,BUY,0.0014220938002562633,150.66718493559236,1.0,2.1424144545454104e-05
745,2022-11-02,BUY,0.00141745752563871,145.0437927539925,1.0,2.0557285830040903e-05
746,2022-11-03,BUY,0.001407337325856517,138.8934292380184,1.0,1.9545036224670185e-05
747,2022-11-04,BUY,0.0013955197504422756,138.3942873259681,1.0,1.93112650046614e-05
748,2022-11-07,BUY,0.0013927905727726397,138.93353840532407,1.0,1.9348597393557157e-05
749,2022-11-08,BUY,0.0013932264122313853,139.5122468807251,1.0,1.943527119127211e-05
750,2022-11-09,BUY,0.0013942382912528473,134.8825790774968,1.0,1.8803965260745648e-05
751,2022-11-10,BUY,0.001386868068136593,146.88470957349713,1.0,2.036893444704879e-05
752,2022-11-11,BUY,0.0014051384050937088,149.71552480807526,1.0,2.1034999874670997e-05
753,2022-11-14,BUY,0.001412914430273915,148.29607027836542,1.0,2.0950870677870734e-05
754,2022-11-15,BUY,0.0014119322583638905,150.0544537228678,1.0,2.1184553916861576e-05
755,2022-11-16,BUY,0.0014146604088978165,148.80395778650785,1.0,2.1048601916596043e-05
756,2022-11-17,BUY,0.0014130732282175984,150.73433500865823,1.0,2.1297735563819465e-05
757,2022-11-18,BUY,0.0014159817555690069,151.30494965922773,1.0,2.142236258822511e-05
758,2022-11-21,BUY,0.0014174367220611828,148.0239154184307,1.0,2.0979355410186633e-05
759,2022-11-22,BUY,21.9486610858662,150.19508392930229,1.6482904969637426,0.3296251368790638
760,2022-11-23,SELL,18.097094099587714,151.08742811689848,1.3671217019481032,0.2733970006893161
761,2022-11-25,BUY,17.437134969058235,148.1250882288201,1.2914385778747977,0.2582618893858448
762,2022-11-28,SELL,3.0166031699245313,144.23398194139853,1.0,0.043505318181674094
763,2022-11-29,SELL,15.100862613824457,141.18362170828576,1.0659972373694937,0.21317812966072125
764,2022-11-30,SELL,2.4875178864971748,148.0441499805146,1.0,0.03682256485031889
765,2022-12-01,SELL,0.428720144981785,148.32541039338355,1.0,0.006358373307504236
766,2022-12-02,SELL,0.07306391258038047,147.82460498196997,1.0,0.0010799564059235057
767,2022-12-05,BUY,21.59764557865284,146.64493001287863,1.5835926121622517,0.3166868537472883
768,2022-12-06,SELL,3.6990303492241248,142.92480577501235,1.0,0.052863033118566445
769,2022-12-07,BUY,0.6159856597167579,140.95294770061153,1.0,0.008681631284712351
770,2022-12-08,SELL,0.1025216223599541,142.66377992422727,1.0,0.001462465970385918
771,2022-12-09,BUY,0.01590631641508722,142.1741035219633,1.0,0.0002261240152634204
772,2022-12-12,SELL,0.003807239794782369,144.50613680134327,1.0,5.5011450317024066e-05
773,2022-12-13,SELL,0.0005251050845149763,145.48346614965575,1.0,7.638646914106943e-06
774,2022-12-14,SELL,0.0010781620318125462,143.22326556565713,1.0,1.5440244676041754e-05
775,2022-12-15,SELL,0.0009870817593284897,136.51247305279705,1.0,1.347354985214461e-05
776,2022-12-16,SELL,0.0010100420689891365,134.5244273287331,1.0,1.3586174473429323e-05
777,2022-12-19,SELL,0.0010087272253489488,132.38259893287966,1.0,1.335245792480503e-05
778,2022-12-20,SELL,15.25192209909222,132.31278969371377,1.009012180561047,0.2017822578863644
779,2022-12-21,SELL,2.354542543686849,135.46533446530864,1.0,0.031892700049328405
780,2022-12-22,SELL,0.37116611014396383,132.24196872643518,1.0,0.004907882924703445
781,2022-12-23,SELL,0.056130066036127246,131.87369969663453,1.0,0.0007401339338467159
782,2022-12-27,SELL,0.007473402963315223,130.04348355677087,1.0,9.717701783555058e-05
783,2022-12-28,BUY,3.2840359235564165e-05,126.05221618707257,1.0,4.139186143406807e-07
784,2022-12-29,BUY,0.0011721722441961901,129.62260466557012,1.0,1.5192482692657223e-05
785,2022-12-30,BUY,0.0013447055744517655,129.94332247448418,1.0,1.7471803829055882e-05
786,2023-01-03,BUY,0.001371315660808392,125.08298066358162,1.0,1.715110991746636e-05
787,2023-01-04,BUY,0.0013675716983883035,126.37192226788393,1.0,1.728053838261239e-05
788,2023-01-05,BUY,0.0013690827196217725,125.0334059864896,1.0,1.7116395911554802e-05
789,2023-01-06,BUY,0.0013671664274141904,129.63272194660706,1.0,1.7721178416126357e-05
790,2023-01-09,BUY,0.0013742270010279611,130.1628674730188,1.0,1.7885544146864434e-05
791,2023-01-10,BUY,0.0013761458996963682,130.7435994046352,1.0,1.7990427780454572e-05
792,2023-01-11,BUY,0.0013773703706601026,133.50359367194477,1.0,1.83865507749758e-05
793,2023-01-12,BUY,0.0013819949349311855,133.4246788798446,1.0,1.8437379302759736e-05
794,2023-01-13,BUY,0.0013825883359643854,134.77331244227585,1.0,1.8631737804414692e-05
795,2023-01-17,BUY,0.0013848573872294878,135.95399913946991,1.0,1.882580742243283e-05
796,2023-01-18,BUY,0.0013871230659052713,135.22454317659745,1.0,1.8755432748414664e-05
797,2023-01-19,BUY,0.001386301472090068,135.2842351347264,1.0,1.8752598171964943e-05
798,2023-01-20,BUY,0.0013862683796368458,137.88437636162027,1.0,1.911256384321231e-05
799,2023-01-23,BUY,0.0013904708228320573,141.12291802205414,1.0,1.962076791745845e-05
800,2023-01-24,BUY,0.0013964038851330685,142.54338427986667,1.0,1.9902823278494304e-05
801,2023-01-25,BUY,0.0013996967592238008,141.87362027511318,1.0,1.9856019049949112e-05
802,2023-01-26,BUY,0.0013991503401413752,143.97396781871615,1.0,2.014210839364668e-05
803,2023-01-27,BUY,0.0014024903092320073,145.945825893117,1.0,2.0466713977414022e-05
804,2023-01-30,BUY,0.0014062799387311031,143.01586130436482,1.0,2.0110022664985762e-05
805,2023-01-31,BUY,0.0014021157222572356,144.3048029086671,1.0,2.0231180177514496e-05
806,2023-02-01,BUY,0.0014035301837029834,145.44299702550802,1.0,2.041132250111845e-05
807,2023-02-02,BUY,0.001405633267252071,150.83449609093495,1.0,2.1199678587617824e-05
808,2023-02-03,BUY,0.0014148369828692609,154.51516293274614,1.0,2.1859190774040816e-05
809,2023-02-06,BUY,20.759147673000903,151.74606311250236,1.575059466474476,0.3149803952555778
810,2023-02-07,SELL,3.6790982248690236,154.66591042022756,1.0,0.056897417905670995
811,2023-02-08,BUY,0.6630853535140595,151.93525626792615,1.0,0.010073596951679293
812,2023-02-09,SELL,0.11877221821273753,150.88508249612966,1.0,0.001791916402686751
813,2023-02-10,BUY,0.019752507421029186,151.02579766796984,1.0,0.000298283990521366
814,2023-02-13,SELL,0.004649676230171096,153.86542976394594,1.0,7.15352896128781e-05
815,2023-02-14,SELL,0.00033219642253623505,153.21588033751814,1.0,5.0892678056043814e-06
816,2023-02-15,SELL,0.0011079249279468684,155.34636204879658,1.0,1.7209489748987923e-05
817,2023-02-16,SELL,0.0009664265899331781,153.7250139470383,1.0,1.485490861077587e-05
818,2023-02-17,SELL,0.000993915304193571,152.56532072534188,1.0,1.5162184497347992e-05
819,2023-02-21,SELL,0.0009903279913974217,148.49427222061783,1.0,1.4704333000928256e-05
820,2023-02-22,SELL,0.000995673209175152,148.9246113429571,1.0,1.4826541915896458e-05
821,2023-02-23,SELL,0.0009942464730610112,149.41455142354624,1.0,1.4854003677317628e-05
822,2023-02-24,SELL,0.0009939258689000141,146.72341663034558,1.0,1.4581761760062354e-05
823,2023-02-27,SELL,0.000997104175286978,147.93563951017254,1.0,1.474924945798368e-05
824,2023-02-28,SELL,0.0009951488290074195,147.42448552917546,1.0,1.4669463467782915e-05
825,2023-03-01,SELL,0.0009960802958612902,145.3243093898912,1.0,1.447402070720634e-05
826,2023-03-02,SELL,0.0009983620053821696,145.92435971540385,1.0,1.4567076932259443e-05
827,2023-03-03,SELL,0.0009972756142868633,151.04600138263928,1.0,1.506194318711237e-05
828,2023-03-06,SELL,0.0009914982652485804,153.84623623501497,1.0,1.5252302403959388e-05
829,2023-03-07,SELL,0.000989275903896747,151.6167563218862,1.0,1.4997580607550249e-05
830,2023-03-08,SELL,0.0009922496704692918,152.88453941702917,1.0,1.516844654097881e-05
831,2023-03-09,SELL,0.0009902548847531278,150.6045502172368,1.0,1.491219793205909e-05
832,2023-03-10,SELL,0.0009932464761979176,148.51447593528727,1.0,1.4749673021392769e-05
833,2023-03-13,SELL,0.0009951438840873905,150.4843381149886,1.0,1.4973859486668337e-05
834,2023-03-14,SELL,0.0009925266042740688,152.60572815467077,1.0,1.5145010014820102e-05
835,2023-03-15,SELL,0.000990528496037868,153.0047515192774,1.0,1.5154041236777159e-05
836,2023-03-16,SELL,0.000990423060435397,155.86559751565144,1.0,1.5435744636352596e-05
837,2023-03-17,SELL,0.0009871342953422513,155.0150211283076,1.0,1.5300534311453625e-05
838,2023-03-20,SELL,0.000988712817282078,157.4152224303582,1.0,1.556228857636238e-05
839,2023-03-21,SELL,0.0009856569496902168,159.29618826554395,1.0,1.5699569545345774e-05
840,2023-03-22,SELL,0.0009840542538768204,157.84556155268746,1.0,1.5531306499486433e-05
841,2023-03-23,SELL,0.0009860186520080916,158.94464363039555,1.0,1.567067125851349e-05
842,2023-03-24,SELL,0.0009843916288510002,160.266976755126,1.0,1.5774969532937405e-05
843,2023-03-27,SELL,0.0009831739917025573,158.29509420395775,1.0,1.556160580296653e-05
844,2023-03-28,SELL,0.0009856649207726775,157.66574849217938,1.0,1.5539005849011594e-05
845,2023-03-29,SELL,0.000985928765440569,160.78520203625237,1.0,1.5850690505421896e-05
846,2023-03-30,SELL,0.00098228998216765,162.3762445660165,1.0,1.594846099181396e-05
847,2023-03-31,SELL,0.00098114855411513,164.91787187070327,1.0,1.6179275225846283e-05
848,2023-04-03,SELL,0.0009784538979724644,166.1856549658462,1.0,1.625887430141906e-05
849,2023-04-04,SELL,0.0009775246132655013,165.6472259700604,1.0,1.6190804970002343e-05
850,2023-04-05,SELL,0.0009783192932060203,163.77535180647087,1.0,1.6020856556720293e-05
851,2023-04-06,SELL,0.0009803033672719508,164.6764374804683,1.0,1.6141672449984605e-05
852,2023-04-10,SELL,0.0009788928940830388,162.045913831266,1.0,1.5860973259134743e-05
853,2023-04-11,SELL,0.0009821699354750635,160.81550760824655,1.0,1.5793236349453463e-05
854,2023-04-12,SELL,0.000982960734536853,160.1154488951451,1.0,1.5737146211034635e-05
855,2023-04-13,SELL,0.000983615562590856,165.5765129687373,1.0,1.6284735022054193e-05
856,2023-04-14,SELL,0.0009772227005599987,165.22597851931735,1.0,1.6144643228802466e-05
857,2023-04-17,SELL,0.0009788582115275446,165.24517204824832,1.0,1.617354200326684e-05
858,2023-04-18,SELL,0.0009785208308610294,166.48770050006948,1.0,1.62895393482122e-05
859,2023-04-19,SELL,0.000977166612134539,167.64537335028893,1.0,1.638010814086657e-05
860,2023-04-20,SELL,0.000976109260735214,166.6665033748391,1.0,1.6266845055340797e-05
861,2023-04-21,SELL,0.00097743155816854,165.03606360148453,1.0,1.6129532726713875e-05
862,2023-04-24,SELL,0.0009790346200899691,165.34619062156557,1.0,1.6186345857262633e-05
863,2023-04-25,SELL,0.0009783713514153192,163.7854536638056,1.0,1.6022697294587383e-05
864,2023-04-26,SELL,0.000980281877455802,163.77535180647087,1.0,1.6052995635408182e-05
865,2023-04-27,SELL,0.0009799281574585095,168.42624692203813,1.0,1.6502911890207027e-05
866,2023-04-28,SELL,0.0009746755801876006,169.69605038864805,1.0,1.6538205816222795e-05
867,2023-05-01,SELL,0.000974263538897624,169.60715404413244,1.0,1.6522554356691884e-05
868,2023-05-02,SELL,0.0009744462629051043,168.5565608816211,1.0,1.642328875505645e-05
869,2023-05-03,SELL,0.0009756051457801007,167.46556028978083,1.0,1.63363925967126e-05
870,2023-05-04,SELL,0.0009766196207650069,165.8078455016375,1.0,1.619150036933954e-05
871,2023-05-05,SELL,0.000978311174721469,173.58728583287402,1.0,1.6980540097981967e-05
872,2023-05-08,SELL,0.0009690994778761564,173.51657283155092,1.0,1.6813800633321088e-05
873,2023-05-09,SELL,0.0009710460888578965,171.789155227803,1.0,1.6679850744135543e-05
874,2023-05-10,SELL,0.0009726098957569818,173.57213304687693,1.0,1.688010941197277e-05
875,2023-05-11,SELL,0.0009702719626076828,173.7670988933821,1.0,1.6858448563141865e-05
876,2023-05-12,SELL,0.0009705248436278069,172.58789143785742,1.0,1.6748408794083714e-05
877,2023-05-15,SELL,0.0009718095102382307,172.0865226246093,1.0,1.6721859741055313e-05
878,2023-05-16,SELL,0.0009721194589253912,172.0865226246093,1.0,1.6727193006905276e-05
879,2023-05-17,SELL,0.0009720571953577561,172.70692870136352,1.0,1.6786422630956478e-05
880,2023-05-18,SELL,0.0009713657151690924,175.06850695447542,1.0,1.700385416071437e-05
881,2023-05-19,SELL,0.0009688272962984357,175.17846510466097,1.0,1.697007086461299e-05
882,2023-05-22,SELL,0.0009692217016379345,174.2180966736706,1.0,1.6883907620649736e-05
883,2023-05-23,SELL,0.0009702276201659643,171.57910106915745,1.0,1.664541374866831e-05
884,2023-05-24,SELL,0.0009730119327535647,171.8565184205487,1.0,1.672017229723411e-05
885,2023-05-25,SELL,0.0009721391591011042,173.00754823123063,1.0,1.6817059539598595e-05
886,2023-05-26,SELL,0.0009710080425389123,175.44579455237272,1.0,1.7034224331556674e-05
887,2023-05-30,SELL,0.0009684727377168301,177.31810947666386,1.0,1.717105838731667e-05
888,2023-05-31,SELL,0.0009668752594231833,177.26766995823638,1.0,1.7137858651958247e-05
889,2023-06-01,SELL,0.0009672628519439286,180.10741484611057,1.0,1.7419379236115686e-05
890,2023-06-02,SELL,0.0009639762211426373,180.96791303060488,1.0,1.744313218189813e-05
891,2023-06-05,SELL,0.0009636989157941755,179.5979757099208,1.0,1.7306106836357208e-05
892,2023-06-06,SELL,0.0009652986273138708,179.22774964460618,1.0,1.7299100160831816e-05
893,2023-06-07,SELL,0.0009653804272131694,177.83763651654309,1.0,1.7166380713410167e-05
894,2023-06-08,SELL,0.0009669298692376316,180.5865902712418,1.0,1.745971084061985e-05
895,2023-06-09,SELL,0.0009635053671397387,180.97800093429439,1.0,1.7435583965038447e-05
896,2023-06-12,SELL,0.0009637870379544111,183.80866670884802,1.0,1.7713469696798956e-05
897,2023-06-13,SELL,0.0009605428424777074,183.32848249335782,1.0,1.7607725395591267e-05
898,2023-06-14,SELL,0.0009617773613630476,183.96704679673317,1.0,1.7691764908105135e-05
899,2023-06-15,SELL,0.0009607962364786005,186.0290143103469,1.0,1.7871810501457757e-05
900,2023-06-16,SELL,0.0009586942822128464,184.93851192179199,1.0,1.7728176576373064e-05
901,2023-06-20,SELL,0.0009603711460330899,185.02829426460855,1.0,1.776780672048063e-05
902,2023-06-21,SELL,0.0009599084812785819,183.97713470042265,1.0,1.765835536047641e-05
903,2023-06-22,SELL,0.0009611862784666414,187.01863766203684,1.0,1.7974177416089105e-05
904,2023-06-23,SELL,0.0009574991928520404,186.69885111515967,1.0,1.787461246366817e-05
905,2023-06-26,SELL,0.00095866157051816,185.28957097009658,1.0,1.7761222988390978e-05
906,2023-06-27,SELL,0.0009599853434965055,188.07887633954326,1.0,1.8053491121610575e-05
907,2023-06-28,SELL,0.0009565732397165405,189.26824018423528,1.0,1.810308306054756e-05
908,2023-06-29,SELL,0.0009559942753236683,189.6082025384814,1.0,1.81246231558059e-05
909,2023-06-30,SELL,0.0009557428040469773,193.9883703193522,1.0,1.85384450556499e-05
910,2023-07-03,SELL,0.0009509116127253137,192.4782111374241,1.0,1.830114650207393e-05
911,2023-07-05,SELL,0.000953681970488951,191.34937471484906,1.0,1.824682019096667e-05
912,2023-07-06,SELL,0.0009543162066254496,191.82855013998028,1.0,1.8304678961295934e-05
913,2023-07-07,SELL,0.0009536407305583694,190.6997137174053,1.0,1.8184083022376338e-05
914,2023-07-10,SELL,0.0009550486358769206,188.62866709048097,1.0,1.8013153803818414e-05
915,2023-07-11,SELL,0.0009570441604189739,188.09905214691224,1.0,1.8000109932749404e-05
916,2023-07-12,SELL,0.0009571964419592405,189.7897848048424,1.0,1.8164794194116e-05
917,2023-07-13,SELL,0.0009552738245872661,190.55949185616123,1.0,1.8201829276757165e-05
918,2023-07-14,SELL,0.0009548414560480722,190.70980162109478,1.0,1.820794167207133e-05
919,2023-07-17,SELL,0.0009547700964818162,194.0085461267312,1.0,1.8521503679996638e-05
920,2023-07-18,SELL,0.0009511093959444494,193.74928700197106,1.0,1.8425834149081948e-05
921,2023-07-19,SELL,0.0009522262962518013,195.12023311303406,1.0,1.85780038896982e-05
922,2023-07-20,SELL,0.0009504497804853074,193.14905673260583,1.0,1.8356012256018407e-05
923,2023-07-21,SELL,0.0009530414365910289,191.95868409754488,1.0,1.8292628742979722e-05
924,2023-07-24,SELL,0.0009537814116349352,192.76975155397065,1.0,1.838418215755576e-05
925,2023-07-25,SELL,0.0009527125652004642,193.64033764215444,1.0,1.8446513628760803e-05
926,2023-07-26,SELL,0.0009519848722900903,194.52000284365883,1.0,1.8516158390660136e-05
927,2023-07-27,SELL,0.0009511717998806901,193.23783028504343,1.0,1.8378399643767392e-05
928,2023-07-28,SELL,0.00095278007354338,195.85059733996385,1.0,1.8658388814821265e-05
929,2023-07-31,SELL,0.000949511321324259,196.4689858359802,1.0,1.8653087325309e-05
930,2023-08-01,SELL,0.0009495732139175317,195.62361950701012,1.0,1.8574037505597364e-05
931,2023-08-02,SELL,0.0009504960862996015,192.59926598165808,1.0,1.8304654388538548e-05
932,2023-08-03,SELL,0.0009536410174355581,191.18897704622603,1.0,1.8230741985087605e-05
933,2023-08-04,SELL,0.0009545039127090149,182.00898469110126,1.0,1.737109169441444e-05
934,2023-08-07,SELL,0.0009645399572626445,178.86862027335,1.0,1.7250868048598224e-05
935,2023-08-08,SELL,0.0009659435162188146,179.8178920102919,1.0,1.7367655923158295e-05
936,2023-08-09,SELL,0.0009645800684019434,178.2088713722267,1.0,1.718795373842448e-05
937,2023-08-10,SELL,0.0009666780135209052,177.98794628147667,1.0,1.720398303590277e-05
938,2023-08-11,SELL,0.0009664908784214887,177.80836788031215,1.0,1.7183298236521492e-05
939,2023-08-14,SELL,0.0009667323644890757,179.4786867749401,1.0,1.734905061908007e-05
940,2023-08-15,SELL,0.0009647972772635072,177.46785654955383,1.0,1.7120338446230445e-05
941,2023-08-16,SELL,0.0009674673927531074,176.58736275346828,1.0,1.7082543289293406e-05
942,2023-08-17,SELL,14.271620281863886,174.01841632325218,1.2417623799083797,0.2483276432174871
943,2023-08-18,SELL,2.897668045016446,174.5070198599803,1.0,0.05056128537941075
944,2023-08-21,SELL,0.5891137524908281,175.85798345328135,1.0,0.010358999753791573
945,2023-08-22,SELL,0.11976949237994994,177.2482368155264,1.0,0.0021226808667760733
946,2023-08-23,SELL,0.023614039178571744,181.13691650989296,1.0,0.0004276946548497903
947,2023-08-24,SELL,0.0038258097991814566,176.39796591861858,1.0,6.747975868078777e-05
948,2023-08-25,BUY,0.00037954298841036405,178.62841587803226,1.0,6.779038373899106e-06
949,2023-08-28,BUY,0.00124648225860291,180.20806607512705,1.0,2.2460369685010853e-05
950,2023-08-29,BUY,0.0014295550050231753,184.13905782835639,1.0,2.6321059067975694e-05
951,2023-08-30,BUY,0.001474626880257901,187.66808502249904,1.0,2.7671273146754973e-05
952,2023-08-31,BUY,0.0014903900444149798,187.88971961647232,1.0,2.80000967467446e-05
953,2023-09-01,BUY,0.0014942289174282308,189.47944411329635,1.0,2.830973549167683e-05
954,2023-09-05,BUY,0.0014978438155708318,189.72021987675518,1.0,2.841428437466305e-05
955,2023-09-06,BUY,0.001499064378462478,182.92711957126883,1.0,2.7419210959285915e-05
956,2023-09-07,BUY,0.0014874473276282885,177.57766641657255,1.0,2.641110142563083e-05
957,2023-09-08,BUY,0.0014756780857592133,178.19824327971372,1.0,2.6293694883371185e-05
958,2023-09-11,BUY,0.001474307415264775,179.3779437776777,1.0,2.6443178946750468e-05
959,2023-09-12,BUY,0.0014760525769137445,176.3183789507776,1.0,2.602291746901205e-05
960,2023-09-13,BUY,0.0014711462063115022,174.22796175756037,1.0,2.562891760554899e-05
961,2023-09-14,BUY,0.0014665464286736096,175.75824788599186,1.0,2.577318575615417e-05
962,2023-09-15,BUY,0.0014682306968047953,175.027861155832,1.0,2.5695558298693874e-05
963,2023-09-18,BUY,0.0014673244298837318,177.9876904154326,1.0,2.611395724077673e-05
964,2023-09-19,BUY,0.0014722090561889445,179.08780394555558,1.0,2.636283239890799e-05
965,2023-09-20,BUY,0.0014751145657925235,175.5073978228038,1.0,2.5886763216970078e-05
966,2023-09-21,BUY,0.001469556664432048,173.94789622516748,1.0,2.5560073008854936e-05
967,2023-09-22,BUY,0.0014657426978477162,174.80824142179458,1.0,2.561982835593739e-05
968,2023-09-25,BUY,0.0014664403156245953,176.09674435680432,1.0,2.5820954442076544e-05
969,2023-09-26,BUY,0.0014687883755062359,171.9773631986882,1.0,2.52573094607062e-05
970,2023-09-27,BUY,0.0014622080646482516,170.4480845002296,1.0,2.4920564319588084e-05
971,2023-09-28,BUY,0.0014582767110784545,170.70598657322813,1.0,2.4891167349387385e-05
972,2023-09-29,BUY,0.0014579335141924332,171.22783529905277,1.0,2.496138382613009e-05
973,2023-10-02,BUY,0.0014587532611241016,173.76655883009116,1.0,2.5345718864883722e-05
974,2023-10-03,BUY,0.0014632402061227623,172.41660266676305,1.0,2.5226167905731665e-05
975,2023-10-04,BUY,0.0014618445004899172,173.67689756253094,1.0,2.5386323124096386e-05
976,2023-10-05,BUY,0.0014637142432487593,174.92812558854249,1.0,2.5601918704986642e-05
977,2023-10-06,BUY,0.0014662312282123224,177.50714631848788,1.0,2.602404971134553e-05
978,2023-10-09,BUY,0.0014711594247529547,179.00720954774167,1.0,2.6332181124372954e-05
979,2023-10-10,BUY,0.0014747567254449478,178.4077887140219,1.0,2.6308177809982568e-05
980,2023-10-11,BUY,0.001474476497156374,179.81718324574254,1.0,2.6510969951089192e-05
981,2023-10-12,BUY,0.0014768440075076938,180.7278999410058,1.0,2.6688022799446924e-05
982,2023-10-13,BUY,0.0014789110227724223,178.86717678154525,1.0,2.6450218913560042e-05
983,2023-10-16,BUY,0.0014761347654754786,178.7392331750239,1.0,2.638168143628189e-05
984,2023-10-17,BUY,0.001475334620133495,177.16864984768543,1.0,2.6135690703204165e-05
985,2023-10-18,BUY,0.0014724627849425076,175.85798345328135,1.0,2.5891844422566196e-05
986,2023-10-19,BUY,0.0014696159853055946,175.47717492362605,1.0,2.5785827549636332e-05
987,2023-10-20,BUY,0.001468378284263494,172.89714676370778,1.0,2.538530304157424e-05
988,2023-10-23,BUY,0.001463702334229211,173.01703093045572,1.0,2.532201100232475e-05
989,2023-10-24,BUY,0.0014629634271017267,173.45727782849352,1.0,2.537362799998376e-05
990,2023-10-25,BUY,0.0014635660331787648,171.11701800206112,1.0,2.5041601364516245e-05
991,2023-10-26,BUY,0.0014596897661167674,166.90797557638476,1.0,2.4360950288178118e-05
992,2023-10-27,BUY,0.0014517434598104728,168.23677571029148,1.0,2.4421221761517954e-05
993,2023-10-30,BUY,0.0014524471031389652,170.30704430406027,1.0,2.4733723941976904e-05
994,2023-10-31,BUY,0.0014560954306475082,170.78658097103207,1.0,2.4865669449849908e-05
995,2023-11-01,BUY,0.0014576358372657694,173.98819342407444,1.0,2.5358606738918825e-05
996,2023-11-02,BUY,0.0014633906664673901,177.5877407163018,1.0,2.5985425681760646e-05
997,2023-11-03,BUY,0.0014707085059448843,176.6679571512822,1.0,2.5980108720141897e-05
998,2023-11-06,BUY,0.0014706464327236546,179.2479853112005,1.0,2.635840517655335e-05
999,2023-11-07,BUY,0.0014750628798907428,181.83909520082096,1.0,2.68197279715838e-05
1000,2023-11-08,BUY,0.0014804486235746595,182.90697097182036,1.0,2.707572976876929e-05
1001,2023-11-09,BUY,0.0014834373335990136,182.4294491647844,1.0,2.7059559607922125e-05
1002,2023-11-10,BUY,0.0014832485539812978,186.41808070885648,1.0,2.7647670097735758e-05
1003,2023-11-13,BUY,0.0014901144890480111,184.8183745863097,1.0,2.753730005132054e-05
1004,2023-11-14,BUY,0.0014888259665930548,187.4583927407476,1.0,2.7906501626658916e-05
1005,2023-11-15,BUY,21.372100871082072,188.02885398066755,2.009285816974394,0.40181698169692576
1006,2023-11-16,SELL,4.693384624411449,189.72816444669274,1.0,0.08903782120109577
1007,2023-11-17,BUY,1.0383106316193373,189.70804235709497,1.0,0.019695618166484404
1008,2023-11-20,SELL,0.23110514549694283,191.46872519637384,1.0,0.00442449830963335
1009,2023-11-21,BUY,0.05048676016483,190.65881109030158,1.0,0.0009624783190514725
1010,2023-11-22,SELL,0.012403857139104524,191.3288766737099,1.0,0.00023729787549711236
1011,2023-11-24,BUY,0.001603009922455989,189.9887455069032,1.0,3.04523391863186e-05
1012,2023-11-27,SELL,0.001522857785052345,189.80865280505375,1.0,2.8902268232612664e-05
1013,2023-11-28,SELL,0.0008299184690470085,190.41835211968885,1.0,1.580159056791336e-05
1014,2023-11-29,SELL,0.0009828632026573914,189.3901133415524,1.0,1.8612596075437843e-05
1015,2023-11-30,SELL,0.0009500459317095533,189.96862341730545,1.0,1.8046087174297894e-05
1016,2023-12-01,SELL,0.0009566596775920644,191.25844936013274,1.0,1.829509514064398e-05
1017,2023-12-04,SELL,0.0009537526175105171,189.45047961032566,1.0,1.806708237345711e-05
1018,2023-12-05,SELL,0.0009564145677423141,193.43968387187377,1.0,1.8499003263136374e-05
1019,2023-12-06,SELL,0.0009513720785587765,192.33900557120938,1.0,1.82967662752044e-05
1020,2023-12-07,SELL,0.0009537331077398292,194.28883605265116,1.0,1.8528116729078483e-05
1021,2023-12-08,SELL,0.0009510321914625308,195.72957766741666,1.0,1.8612651653140622e-05
1022,2023-12-11,SELL,0.0009500452828632433,193.19922490126106,1.0,1.8352965930441708e-05
1023,2023-12-12,SELL,0.0009530770011227929,194.7295098147011,1.0,1.85573659878297e-05
1024,2023-12-13,SELL,0.0009506907190433012,197.98023338824447,1.0,1.881991505212555e-05
1025,2023-12-14,SELL,0.0009476255725129334,198.13014295570224,1.0,1.8773441670869875e-05
1026,2023-12-15,SELL,0.0009481681290974819,197.58986485016393,1.0,1.873296795156147e-05
1027,2023-12-18,SELL,0.0009486406422274385,195.9096703692561,1.0,1.8582929258836515e-05
1028,2023-12-19,SELL,0.0009503922789342312,196.9600434459411,1.0,1.871705874907914e-05
1029,2023-12-20,SELL,0.0009488263752706061,194.84923624777724,1.0,1.8485960859227853e-05
1030,2023-12-21,SELL,0.0009515243429722986,194.70033278479983,1.0,1.852435818713141e-05
1031,2023-12-22,SELL,0.0009510760708097976,193.6187704692428,1.0,1.8412776667617968e-05
1032,2023-12-26,SELL,0.0009523787366898517,193.06943742339104,1.0,1.8385684122266836e-05
1033,2023-12-27,SELL,0.0009526950304135084,193.17004787134982,1.0,1.8401374325750666e-05
1034,2023-12-28,SELL,0.0009525118540887334,193.59864837965506,1.0,1.8438656886039092e-05
1035,2023-12-29,SELL,0.0009520765963566546,192.55028751192083,1.0,1.8330429193249797e-05
1036,2024-01-02,SELL,0.0009533401077614911,185.65847182676362,1.0,1.769779697412515e-05
1037,2024-01-03,SELL,0.0009607258147221742,184.2690415404579,1.0,1.770143236297459e-05
1038,2024-01-04,SELL,0.0009606833731341524,181.9278364164652,1.0,1.747575717984467e-05
1039,2024-01-05,SELL,0.0009633180330848035,181.19841066876396,1.0,1.745342431391674e-05
1040,2024-01-08,SELL,0.0009635787596131706,185.57898957288296,1.0,1.7880209237372256e-05
1041,2024-01-09,SELL,0.0009585962306113416,185.15944400489118,1.0,1.7747539754535356e-05
1042,2024-01-10,SELL,0.0009601450893210739,186.2088109770958,1.0,1.7876959848818557e-05
1043,2024-01-11,SELL,0.0009586341658129882,185.60816660278422,1.0,1.779125387055447e-05
1044,2024-01-12,SELL,0.0009596347459632781,185.93816887209144,1.0,1.784148859617285e-05
1045,2024-01-16,SELL,0.0009590482773145226,183.64827507655855,1.0,1.7610995084885953e-05
1046,2024-01-17,SELL,0.0009617391891572069,182.69750634335196,1.0,1.7568978263353145e-05
1047,2024-01-18,SELL,13.60890341035208,188.6486143400965,1.2836503855255668,0.25670440666450034
1048,2024-01-19,SELL,2.9954142300436883,191.5793966891265,1.0,0.0573802270798231
1049,2024-01-22,SELL,0.668721941362346,193.9095346638449,1.0,0.012965859460957466
1050,2024-01-23,SELL,0.15020344959000909,195.19936060667226,1.0,0.002931668565233582
1051,2024-01-24,SELL,0.0330586199247076,194.51923397847003,1.0,0.0006429894434699876
1052,2024-01-25,SELL,0.00633928314275245,194.18923170917276,1.0,0.00012308974333348607
1053,2024-01-26,SELL,0.00026967947980161,192.4396160191682,1.0,5.189182635865949e-06
1054,2024-01-29,BUY,0.0011067584656085927,191.74942834617207,1.0,2.1219908318947314e-05
1055,2024-01-30,BUY,0.0014150731562168062,188.0580310105788,1.0,2.66089262567962e-05
1056,2024-01-31,BUY,0.0014779876049217933,184.4179450034353,1.0,2.725401828219968e-05
1057,2024-02-01,BUY,0.001485518774718031,186.87887656050415,1.0,2.7758432129669475e-05
1058,2024-02-02,BUY,0.0014914075877641153,185.86975376748507,1.0,2.7717984312046115e-05
1059,2024-02-05,BUY,0.001490935377026048,187.6998578158407,1.0,2.7982037624260347e-05
1060,2024-02-06,BUY,0.0014940180849993823,189.31968602797522,1.0,2.828187528966674e-05
1061,2024-02-07,BUY,0.0014975185597858598,189.4303575207279,1.0,2.836471114628193e-05
1062,2024-02-08,BUY,0.0014984856325082063,188.33873416037702,1.0,2.821946677174486e-05
1063,2024-02-09,BUY,0.0014967899673887786,188.8684041546803,1.0,2.8266806568901617e-05
1064,2024-02-12,BUY,0.0014973426390021416,187.1692496903437,1.0,2.8022847542394008e-05
1065,2024-02-13,BUY,0.0014944945231061268,185.05811809390323,1.0,2.7654068987861688e-05
1066,2024-02-14,BUY,0.0014901891933192246,184.16784555966166,1.0,2.7441749146070306e-05
1067,2024-02-15,BUY,0.0014877104511867856,183.8784567449238,1.0,2.7353054879266283e-05
1068,2024-02-16,BUY,0.0014866749840667381,182.32801597704983,1.0,2.7103539670776306e-05
1069,2024-02-20,BUY,0.001483762002152389,181.57741373881132,1.0,2.693907278821392e-05
1070,2024-02-21,BUY,0.0014818419225832713,182.33806419978166,1.0,2.7016917069681022e-05
1071,2024-02-22,BUY,0.0014827507208288182,184.3879016375391,1.0,2.733739566695335e-05
1072,2024-02-23,BUY,0.001486492169549436,182.53802383219548,1.0,2.7131421165019382e-05
1073,2024-02-26,BUY,0.0014840875065136316,181.1784992962758,1.0,2.688578614682131e-05
1074,2024-02-27,BUY,0.0014812198241394015,182.6485542822653,1.0,2.7051560789240947e-05
1075,2024-02-28,BUY,0.0014831551712397584,181.43774344280826,1.0,2.6907342010311465e-05
1076,2024-02-29,BUY,0.0014814714795026163,180.76752698644412,1.0,2.6777515813476057e-05
1077,2024-03-01,BUY,0.0014799558149238834,179.67829964207087,1.0,2.6588935543526824e-05
1078,2024-03-04,BUY,0.0014777542220070217,175.1174113430653,1.0,2.587546184973361e-05
1079,2024-03-05,BUY,0.001469424725868862,170.13851697831277,1.0,2.4998074559584862e-05
1080,2024-03-06,BUY,0.0014591816095332888,169.1377139940014,1.0,2.467779639422723e-05
1081,2024-03-07,BUY,0.001455442500770232,169.01713532118976,1.0,2.4597012509225862e-05
1082,2024-03-08,BUY,0.0014544993839269438,170.74743927600394,1.0,2.4832721251284488e-05
1083,2024-03-11,BUY,0.0014572511813266686,172.76813686782816,1.0,2.517413974064283e-05
1084,2024-03-12,BUY,0.00146123709421353,173.24643226997588,1.0,2.5312880039277577e-05
1085,2024-03-13,BUY,0.0014628568270680375,171.14635371854945,1.0,2.5033757820707905e-05
1086,2024-03-14,BUY,0.0014595981961420534,173.01733279163884,1.0,2.5251053579058083e-05
1087,2024-03-15,BUY,0.0014621350299393043,172.63750997228473,1.0,2.5239411140079494e-05
1088,2024-03-18,BUY,0.0014619991095123908,173.73779036167198,1.0,2.5397909688760983e-05
1089,2024-03-19,BUY,0.0014638495113725725,176.09711305964092,1.0,2.577538975168481e-05
1090,2024-03-20,BUY,0.0014682564274952625,178.68754488049126,1.0,2.6233290299373808e-05
1091,2024-03-21,BUY,0.0014736022179260289,171.3865062418905,1.0,2.525302826921988e-05
1092,2024-03-22,BUY,0.001462158083592513,172.2968752216057,1.0,2.5190007887516403e-05
1093,2024-03-25,BUY,0.0014614223479512134,170.86801794881555,1.0,2.4968537144325833e-05
1094,2024-03-26,BUY,0.0014588367730130614,169.72653984621894,1.0,2.475785598280536e-05
1095,2024-03-27,BUY,0.001456377161767719,173.3268180518503,1.0,2.524039789346277e-05
1096,2024-03-28,BUY,0.0014620106294298552,171.4970366919703,1.0,2.5070542001732384e-05
1097,2024-04-01,BUY,0.0014600276355114516,170.04808297370656,1.0,2.4825007549974772e-05
1098,2024-04-02,BUY,0.00145716112720784,168.85636375744093,1.0,2.460263267163017e-05
1099,2024-04-03,BUY,0.001454564996887342,169.6662505098181,1.0,2.4676591255321482e-05
1100,2024-04-04,BUY,0.0014554284312957577,168.83626731197737,1.0,2.4570453322650238e-05
1101,2024-04-05,BUY,0.0014541893169326414,169.59591295067554,1.0,2.4659990481797674e-05
1102,2024-04-08,BUY,0.0014552346244602887,168.46749753763723,1.0,2.4513522199053822e-05
1103,2024-04-09,BUY,0.001453524670740336,169.68634695528172,1.0,2.4661862972435797e-05
1104,2024-04-10,BUY,0.001455256484977241,167.79627625900093,1.0,2.4416220296075535e-05
1105,2024-04-11,BUY,0.0014523887131954183,175.05712200665448,1.0,2.542255656104996e-05
1106,2024-04-12,BUY,0.0014641372529222707,176.5673698835912,1.0,2.584930145954233e-05
1107,2024-04-15,BUY,0.0014691193146507686,172.70784753142735,1.0,2.5370306429374726e-05
1108,2024-04-16,BUY,0.0014635272552823153,169.39695814054386,1.0,2.478922759730936e-05
1109,2024-04-17,BUY,0.0014567434117687128,168.01633233687838,1.0,2.4473221198026717e-05
1110,2024-04-18,BUY,0.0014530541740196412,167.05672706576635,1.0,2.4271820274062106e-05
1111,2024-04-19,BUY,0.001450702905525958,164.9476051138803,1.0,2.3926604339403388e-05
1112,2024-04-22,BUY,0.0014466726591138013,165.8569692713133,1.0,2.3991675109335336e-05
1113,2024-04-23,BUY,0.0014474323321476135,166.91605194749113,1.0,2.4157553278978987e-05
1114,2024-04-24,BUY,0.0014493688878847166,169.03723176666338,1.0,2.4497280733614072e-05
1115,2024-04-25,BUY,0.0014533350586720672,169.90740785543136,1.0,2.4690770179407035e-05
1116,2024-04-26,BUY,0.0014555939640903404,169.31757718094164,1.0,2.4643300005907738e-05
1117,2024-04-29,BUY,0.001455039770387856,173.5177342837945,1.0,2.52449959254405e-05
1118,2024-04-30,BUY,0.0014620643094591657,170.34651518891405,1.0,2.4903265683258304e-05
1119,2024-05-01,BUY,0.0014580747569965524,169.31757718094164,1.0,2.4685299990346063e-05
1120,2024-05-02,BUY,0.0014555301020031663,173.04747745983425,1.0,2.5185062745589994e-05
1121,2024-05-03,BUY,0.0014613646155616777,183.3981516982317,1.0,2.6798477097391596e-05
1122,2024-05-06,BUY,0.0014802005288299114,181.72813707982831,1.0,2.689671878900031e-05
1123,2024-05-07,BUY,0.0014813474579984387,182.41744515938387,1.0,2.7019659902146667e-05
1124,2024-05-08,BUY,0.001482782742208144,182.75807991007295,1.0,2.7096343054653945e-05
1125,2024-05-09,BUY,21.106697105443295,184.58886609222515,1.9480306428229144,0.38956717184742395
1126,2024-05-10,SELL,4.550301898151473,183.06745514552304,1.0,0.08329288957482868
1127,2024-05-13,BUY,0.9712410448652378,186.29960380600085,1.0,0.018092372948567984
1128,2024-05-14,SELL,0.21238795245984754,187.44856692809458,1.0,0.003980783653773824
1129,2024-05-15,BUY,0.04530658387352915,189.73946894357937,1.0,0.0008595587605047149
1130,2024-05-16,SELL,0.011202315900715298,189.85988429262028,1.0,0.00021266577349466153
1131,2024-05-17,BUY,0.0013154408076792024,189.8889846686369,1.0,2.497627430876918e-05
1132,2024-05-20,SELL,0.0014589271010549965,191.0590204768085,1.0,2.7871331154334794e-05
1133,2024-05-21,SELL,0.0008419542126043567,192.36954085886282,1.0,1.6195015028778887e-05
1134,2024-05-22,SELL,0.0009782701425953277,190.91853590292584,1.0,1.8675122821903127e-05
1135,2024-05-23,SELL,0.0009493159590450162,186.89867016747692,1.0,1.7740814949939315e-05
1136,2024-05-24,SELL,0.0009602235984997876,189.99836194401075,1.0,1.8242266854799528e-05
1137,2024-05-28,SELL,0.0009543693648508267,190.00839655643168,1.0,1.8132006073186762e-05
1138,2024-05-29,SELL,0.0009556566116879495,190.30843146779276,1.0,1.8185132565957973e-05
1139,2024-05-30,SELL,0.0009550363829093911,191.30888232606506,1.0,1.826886741276298e-05
1140,2024-05-31,SELL,0.0009540588148659879,192.26919473465378,1.0,1.8341777828602826e-05
1141,2024-06-03,SELL,0.0009532076173623949,194.04933497796847,1.0,1.8495080916411123e-05
1142,2024-06-04,SELL,0.0009514178702572096,194.36943911416137,1.0,1.8490806699827012e-05
1143,2024-06-05,SELL,0.0009514677698829743,195.88968289579861,1.0,1.8636408331946474e-05
1144,2024-06-06,SELL,0.0009497679339354193,194.49988907562314,1.0,1.8471128666927085e-05
1145,2024-06-07,SELL,0.0009516975023888818,196.90919951766665,1.0,1.8737925545271402e-05
1146,2024-06-10,SELL,0.0009485827644697409,193.1391956314743,1.0,1.831901931002257e-05
1147,2024-06-11,SELL,0.0009534733132019468,207.17159763960515,1.0,1.9751283831903423e-05
1148,2024-06-12,SELL,0.0009367522456855681,213.09201896739964,1.0,1.9959446785863534e-05
1149,2024-06-13,SELL,0.000934322033420365,214.26105131433516,1.0,2.0016880426633087e-05
1150,2024-06-14,SELL,0.0009336515205564666,212.51101490828316,1.0,1.98391393064826e-05
1151,2024-06-17,SELL,0.0009357265710976392,216.69243790369268,1.0,2.027445974427329e-05
1152,2024-06-18,SELL,0.00093064439366497,214.3112243764297,1.0,1.9942759670562716e-05
1153,2024-06-20,SELL,0.0009345168482575161,209.7013234306795,1.0,1.9594982486535188e-05
1154,2024-06-21,SELL,0.0009385769961482993,207.51076753939375,1.0,1.94745358329627e-05
1155,2024-06-24,SELL,0.0009399831586236473,208.16101042421045,1.0,1.956482792528883e-05
1156,2024-06-25,SELL,0.0009389290375798609,209.09021553430034,1.0,1.963012447145608e-05
1157,2024-06-26,SELL,0.0009381667287051698,213.27063506847372,1.0,2.000634076902117e-05
1158,2024-06-27,SELL,0.0009337745664916852,214.1205667404525,1.0,1.999203473503406e-05
1159,2024-06-28,SELL,0.0009339415832378961,210.6405631531903,1.0,1.9670631041429116e-05
1160,2024-07-01,SELL,0.0009376938320571071,216.77070788057773,1.0,2.0324423132721428e-05
1161,2024-07-02,SELL,0.0009300610927596153,220.2918533787496,1.0,2.0486439543985322e-05
1162,2024-07-03,SELL,0.0009281696213792046,221.5722699235412,1.0,2.0563608627446167e-05
1163,2024-07-05,SELL,0.0009272687057775286,226.3627938928477,1.0,2.0987814711441147e-05
1164,2024-07-08,SELL,0.0009223162836056176,227.84289922480133,1.0,2.101222038386604e-05
1165,2024-07-09,SELL,0.0009220313579589856,228.70286550919093,1.0,2.108501286415472e-05
1166,2024-07-10,SELL,0.0009211815373024734,233.0037003924052,1.0,2.146172452000019e-05
1167,2024-07-11,SELL,0.0009167835919949852,227.59303737554475,1.0,2.086326990483845e-05
1168,2024-07-12,SELL,0.0009237702902424871,230.5622791906268,1.0,2.129652870380887e-05
1169,2024-07-15,SELL,0.0009187121815497079,234.4235980498334,1.0,2.1534628054303125e-05
1170,2024-07-16,SELL,0.0009159324748297948,234.84404831023537,1.0,2.150797823896746e-05
1171,2024-07-17,SELL,0.000916243599873745,228.90255429635297,1.0,2.0970952941577703e-05
1172,2024-07-18,SELL,0.0009225131374606121,224.20234183882465,1.0,2.0680892490328232e-05
1173,2024-07-19,SELL,0.0009258994675107601,224.33279180028643,1.0,2.0768884358877838e-05
1174,2024-07-22,SELL,0.0009248722005841259,223.9825838268308,1.0,2.0713455174118313e-05
1175,2024-07-23,SELL,0.000925519312290568,225.03220428596154,1.0,2.0825082587125982e-05
1176,2024-07-24,SELL,0.000924216110625764,218.56188619753942,1.0,2.0197821857065635e-05
1177,2024-07-25,SELL,0.0009315391077810986,217.51226573840867,1.0,2.0260092186525336e-05
1178,2024-07-26,SELL,0.0009308121286730753,217.98188559966906,1.0,2.0287989495757867e-05
1179,2024-07-29,SELL,0.0009304864396799672,218.26185128618835,1.0,2.0306938598269573e-05
1180,2024-07-30,SELL,0.0009302652171214731,218.8217826592169,1.0,2.0354193896236732e-05
1181,2024-07-31,SELL,0.0009297135319989991,222.10209745931704,1.0,2.0647067842538737e-05
1182,2024-08-01,SELL,0.0009262943556134218,218.3822666352292,1.0,2.0226603434677805e-05
1183,2024-08-02,SELL,0.0009312030953365635,219.88244119201462,1.0,2.0473473637440966e-05
1184,2024-08-05,SELL,0.0009283209927186675,209.29090778270847,1.0,1.9426971630822678e-05
1185,2024-08-06,SELL,0.0009405384500684733,207.25087107771628,1.0,1.9490792226657168e-05
1186,2024-08-07,SELL,0.0009397933722734564,209.8408045433261,1.0,1.97187278614449e-05
1187,2024-08-08,SELL,0.0009371323225293438,213.33084274299918,1.0,1.998992382030556e-05
1188,2024-08-09,SELL,0.0009339662272518368,216.2619530308798,1.0,2.0196116425403553e-05
1189,2024-08-12,SELL,0.0009315590179568289,217.55146216563946,1.0,2.0264176227380312e-05
1190,2024-08-13,SELL,0.0009307644492668743,221.2920499363244,1.0,2.059501779683255e-05
1191,2024-08-14,SELL,0.0009269020173379161,221.7420831381047,1.0,2.0551263292616896e-05
1192,2024-08-15,SELL,0.000927412832210095,224.74197038292328,1.0,2.08407746494518e-05
1193,2024-08-16,SELL,0.0009240329125992375,226.07302626702247,1.0,2.0887802911862148e-05
1194,2024-08-19,SELL,0.0009234838780187715,225.91265808820813,1.0,2.086058370011685e-05
1195,2024-08-20,SELL,0.000923801650519529,226.53308247997367,1.0,2.0925071042109512e-05
1196,2024-08-21,SELL,13.471676945858906,226.4228293570438,1.5251476051327162,0.3049990211242747
1197,2024-08-22,SELL,3.558951012554033,224.55253547170634,1.0,0.07990915643321199
1198,2024-08-23,SELL,0.9317374270217371,226.8628395476432,1.0,0.02113554628606914
1199,2024-08-26,SELL,0.24558100234847835,227.20261962649363,1.0,0.005579106795730036
1200,2024-08-27,SELL,0.06396631380691531,228.05257097416973,1.0,0.001458622369703877
1201,2024-08-28,SELL,0.015861444043016704,226.5130364576219,1.0,0.00035924646063259253
1202,2024-08-29,SELL,0.003026706798674894,229.81261173658731,1.0,6.955058437797952e-05
1203,2024-08-30,BUY,23.108646343219924,229.02279845595663,2.6462034270266184,0.5291877666288995
1204,2024-09-03,SELL,6.1811268325047255,222.79249470928875,1.0,0.13769709700316338
1205,2024-09-04,BUY,1.6063865865919063,220.8720857680768,1.0,0.03547704788825208
1206,2024-09-05,SELL,0.4153464974745784,222.40259957456385,1.0,0.009236490427215152
1207,2024-09-06,BUY,0.10666468251276484,220.8420167345441,1.0,0.002355368823164142
1208,2024-09-09,SELL,0.028665250064792147,220.9322238351222,1.0,0.0006332444199187002
1209,2024-09-10,BUY,0.006225514216504635,220.13238754332056,1.0,0.00013703002781365197
1210,2024-09-11,SELL,0.002767106106626116,222.68224158635888,1.0,6.161237781532586e-05
1211,2024-09-12,SELL,0.000448042116961922,222.79249470928875,1.0,9.981043992881257e-06
1212,2024-09-13,SELL,0.0010508155611654857,222.52187340755452,1.0,2.3380606666964948e-05
1213,2024-09-16,SELL,0.0008943814746151801,216.34168471676116,1.0,1.9347264773301685e-05
1214,2024-09-17,SELL,0.0009414689930826725,216.81176394089323,1.0,2.041011429715855e-05
1215,2024-09-18,SELL,0.0009290606855545391,220.71171758926243,1.0,2.050340762456571e-05
1216,2024-09-19,SELL,0.0009279715263925681,228.89249931067494,1.0,2.1238448351680007e-05
1217,2024-09-20,SELL,0.0009193902444870616,228.222962164155,1.0,2.098049844832719e-05
1218,2024-09-23,SELL,0.0009224016978066629,226.4929904352701,1.0,2.088966292557741e-05
1219,2024-09-24,SELL,0.0009234621631657447,227.3930568388307,1.0,2.0996788736849623e-05
1220,2024-09-25,SELL,0.0009222115157490052,226.39276032352112,1.0,2.0876113453895257e-05
1221,2024-09-26,SELL,0.0009236203473745874,227.54239970534405,1.0,2.1014177608057878e-05
1222,2024-09-27,SELL,0.0009220085082146667,227.81302100707828,1.0,2.10024541196474e-05
1223,2024-09-30,SELL,0.0009221453748606834,233.02298221608478,1.0,2.1485957932891672e-05
1224,2024-10-01,SELL,0.0009165006774027873,226.23239214470675,1.0,2.0732140851022503e-05
1225,2024-10-02,SELL,0.0009253011651120246,226.80270148059782,1.0,2.0983981994848327e-05
1226,2024-10-03,SELL,0.0009223610289117445,225.6921518423484,1.0,2.081488305076686e-05
1227,2024-10-04,SELL,0.0009243351857923798,226.82274750293962,1.0,2.0963928252686338e-05
1228,2024-10-07,SELL,0.0009225951476592442,221.712014104572,1.0,2.0452997539310388e-05
1229,2024-10-08,SELL,0.0009285600422899165,225.79238195410736,1.0,2.0964081965396202e-05
1230,2024-10-09,SELL,0.0009225933531302744,229.56303875831497,1.0,2.117721564671517e-05
1231,2024-10-10,SELL,0.0009201051097775803,229.06289050066022,1.0,2.1074086192394552e-05
1232,2024-10-11,SELL,0.0009213091014581565,227.57246873886675,1.0,2.096436223281192e-05
1233,2024-10-14,SELL,0.0009225900811289378,231.32307952072256,1.0,2.133950391980272e-05
1234,2024-10-15,SELL,0.0009182104645288902,233.87293356376088,1.0,2.1472310265802474e-05
1235,2024-10-16,SELL,0.0009166600080012799,231.80318175603557,1.0,2.1246346009719946e-05
1236,2024-10-17,SELL,0.000919298042751926,232.17303086840866,1.0,2.1341487136982422e-05
1237,2024-10-18,SELL,0.0009181873113277561,235.02357524670393,1.0,2.1577408724571373e-05
1238,2024-10-21,SELL,0.0009154330290463975,236.50397399732648,1.0,2.1648190110773735e-05
1239,2024-10-22,SELL,0.0009146066870409086,235.88354960556092,1.0,2.1571909992208354e-05
1240,2024-10-23,SELL,0.0009154972243630155,230.78283921837422,1.0,2.1125992274278774e-05
1241,2024-10-24,SELL,0.000920703120449673,230.59340430715724,1.0,2.122868382167762e-05
1242,2024-10-25,SELL,0.0009195042411418441,231.43333264365245,1.0,2.1278265264206165e-05
1243,2024-10-28,SELL,0.0009189253992909485,233.4229003619906,1.0,2.1447678424029723e-05
1244,2024-10-29,SELL,0.0009169475740780086,233.69352166372482,1.0,2.1426328143917347e-05
1245,2024-10-30,SELL,0.0009171968293433252,230.12332508302515,1.0,2.1104727939615046e-05
1246,2024-10-31,SELL,0.000920951372340717,225.9327041105599,1.0,2.0805222868429273e-05
1247,2024-11-01,SELL,0.0009244479642340764,222.93181456463122,1.0,2.0606825531179307e-05
1248,2024-11-04,SELL,0.0009267641671568683,222.03174816107062,1.0,2.0575049311753132e-05
1249,2024-11-05,SELL,0.0009271351407464934,223.4720548669896,1.0,2.0716807823412705e-05
1250,2024-11-06,SELL,0.0009254801715634642,222.74237965341425,1.0,2.0612304343165526e-05
1251,2024-11-07,SELL,0.0009267002044017758,227.50230766064047,1.0,2.1080535447547034e-05
1252,2024-11-08,SELL,0.0009212338091995065,226.9829604634337,1.0,2.0908346894419565e-05
1253,2024-11-11,SELL,0.000923244035927695,224.25268917891523,1.0,2.0701925589958137e-05
1254,2024-11-12,SELL,0.000925653915189173,224.25268917891523,1.0,2.0755962376777743e-05
1255,2024-11-13,SELL,0.0009250230591240083,225.1427556152691,1.0,2.0824141639717722e-05
1256,2024-11-14,SELL,0.0009242270957798837,228.24246954884842,1.0,2.1092678208653284e-05
1257,2024-11-15,SELL,0.0009210920477267237,225.0226116643553,1.0,2.072458135812583e-05
1258,2024-11-18,SELL,0.000925389418915401,228.04323083024875,1.0,2.1100769209638898e-05
1259,2024-11-19,SELL,0.0009209975887971567,228.3025415243053,1.0,2.102450657535993e-05
1260,2024-11-20,SELL,13.20046580059377,229.02240403019798,1.5116012059851986,0.3022900121957701
1261,2024-11-21,SELL,3.527340320709998,228.54282942613284,1.0,0.08060677304707017
1262,2024-11-22,SELL,0.9398817986260877,229.89344767432283,1.0,0.021605106198640565
1263,2024-11-25,SELL,0.25106291080988363,232.89304164879732,1.0,0.005846495844785926
1264,2024-11-26,SELL,0.06708796506229575,235.08366635379377,1.0,0.0015769707824269162
1265,2024-11-27,SELL,0.017243110466726108,234.9535104069705,1.0,0.00040509242420675866
1266,2024-11-29,SELL,0.003561938552739008,237.3533858264761,1.0,8.453536402342924e-05
1267,2024-12-02,BUY,0.00018042618831515256,239.61409450283892,1.0,4.322833490424944e-06
1268,2024-12-03,BUY,0.0012178071311641503,242.67476165236027,1.0,2.9550150514331603e-05
1269,2024-12-04,BUY,22.807591209364936,243.03419230551162,2.771512254001147,0.5542470260974811
1270,2024-12-05,SELL,6.473829103558871,243.06422829324006,1.0,0.15733989352650965
1271,2024-12-06,BUY,1.8357077223761733,242.86398837505044,1.0,0.044578272067489294
1272,2024-12-09,SELL,0.5215993450936596,246.77467397729774,1.0,0.01287046378684766
1273,2024-12-10,BUY,0.14908974644134076,247.79489636047484,1.0,0.0036939984269400397
1274,2024-12-11,SELL,0.04429317049693271,246.51436208365124,1.0,0.0010917810888619842
1275,2024-12-12,BUY,0.011578731086397731,247.98512428275498,1.0,0.0002871065960899383
1276,2024-12-13,SELL,0.004519184994719261,248.15432701362624,1.0,0.00011213431766974519
1277,2024-12-16,BUY,0.0001417796335028143,251.06481422450534,1.0,3.5592318114387004e-06
1278,2024-12-17,SELL,0.0012088924125235323,253.50573882723882,1.0,3.064305211471978e-05
1279,2024-12-18,SELL,0.0008095955717184466,248.07523224594033,1.0,2.008205274265538e-05
1280,2024-12-19,SELL,0.0009328906620149624,249.81531713501013,1.0,2.330270738762289e-05
1281,2024-12-20,SELL,0.0008952909149391175,254.51594921450643,1.0,2.278430327355703e-05
1282,2024-12-23,SELL,0.0009013430582811566,255.29588369585602,1.0,2.300861639605922e-05
1283,2024-12-24,SELL,0.00089872429979998,258.22539369897413,1.0,2.3205023111951476e-05
1284,2024-12-26,SELL,0.0008964313365176224,259.0463773635516,1.0,2.3219407087284295e-05
1285,2024-12-27,SELL,0.0008962634098406141,255.61526636536948,1.0,2.2907570266971777e-05
1286,2024-12-30,SELL,0.0008999039695600786,252.22520455041519,1.0,2.2695576722120102e-05
1287,2024-12-31,SELL,0.0009023789023148154,250.44507167771746,1.0,2.2597375149547377e-05
1288,2025-01-02,SELL,0.0009035253631113349,243.8741987623181,1.0,2.2032449154102988e-05
1289,2025-01-03,SELL,0.0009101206292561059,243.38461216234344,1.0,2.2148720765154455e-05
1290,2025-01-06,SELL,0.0009087632085913455,245.02457709231848,1.0,2.226470561566033e-05
1291,2025-01-07,SELL,0.0009074091357330616,242.2342338323431,1.0,2.1978357840895718e-05
1292,2025-01-08,SELL,0.000910752121893843,242.72382043231772,1.0,2.210391305797382e-05
1293,2025-01-10,SELL,0.000909286319153324,236.87381122241098,1.0,2.1536457945224664e-05
1294,2025-01-13,SELL,0.0009159111116456842,234.42387582335797,1.0,2.146899637052872e-05
1295,2025-01-14,SELL,0.0009166986962911849,233.30353348108605,1.0,2.1384766021614335e-05
1296,2025-01-15,SELL,0.0009176820491081372,237.89403360558808,1.0,2.182892553040981e-05
1297,2025-01-16,SELL,0.0009124966793514488,228.28251753248634,1.0,2.0828621058142235e-05
1298,2025-01-17,SELL,0.0009241748005104355,230.00257842973718,1.0,2.1254133290391294e-05
1299,2025-01-21,SELL,0.0009192071296251214,222.66178302890768,1.0,2.046518332717879e-05
1300,2025-01-22,SELL,0.0009284177784980585,223.85220934253599,1.0,2.078075901505226e-05
1301,2025-01-23,SELL,0.0009247335691187075,223.68200541207483,1.0,2.06825576654751e-05
1302,2025-01-24,SELL,0.0009258800273137524,222.80195097163042,1.0,2.0626724972612767e-05
1303,2025-01-27,SELL,0.0009265318498030695,229.88343567841335,1.0,2.1297302759545803e-05
1304,2025-01-28,SELL,12.66190792187025,238.28350024646792,1.508561869710862,0.30168220572168447
1305,2025-01-29,SELL,3.520247991498949,239.38381859692086,1.0,0.08426061459983354
1306,2025-01-30,SELL,0.9825388150981347,237.61369772012264,1.0,0.023344133687540698
1307,2025-01-31,SELL,0.271365303009496,236.02379276969506,1.0,0.006404226381604148
1308,2025-02-03,SELL,0.07359922734674207,228.03321883433924,1.0,0.0016781390576533005
1309,2025-02-04,SELL,0.018424206231404838,232.82295767743096,1.0,0.00042891492727290074
1310,2025-02-05,SELL,0.0038400559508282583,232.49356301200802,1.0,8.926990202711614e-05
1311,2025-02-06,BUY,0.00012515250917566334,233.24346150562914,1.0,2.9188085647665704e-06
1312,2025-02-07,BUY,0.0012014157486923693,227.65276298977898,1.0,2.7347826686252308e-05
1313,2025-02-10,BUY,0.0014866139471774176,227.672765,1.0,3.3842766507482905e-05
1314,2025-02-11,BUY,0.0015624395545401626,232.643262,1.0,3.634546891769506e-05
1315,2025-02-12,BUY,0.0015916575204517613,236.893687,1.0,3.770159168693347e-05
1316,2025-02-13,BUY,0.0016074896660072113,241.55415299999999,1.0,3.882569790304662e-05
1317,2025-02-14,BUY,0.0016206131188702955,244.62446,1.0,3.964019688757523e-05
1318,2025-02-18,BUY,0.0016301220414920436,244.494447,1.0,3.9851593548371004e-05
1319,2025-02-19,BUY,0.0016325900058813403,244.894487,1.0,3.997723147400575e-05
1320,2025-02-20,BUY,0.0016340567742094692,245.85458300000002,1.0,4.0170017680402664e-05
1321,2025-02-21,BUY,0.001636307469611964,245.574555,1.0,4.017952991630923e-05
1322,2025-02-24,BUY,0.0016364185208423976,247.1967172,1.0,4.0447683863362065e-05
1323,2025-02-25,BUY,0.0016395491019505215,247.06470399999998,1.0,4.0503421014562116e-05
1324,2025-02-26,BUY,0.0016401998090334047,240.384036,1.0,3.942384260991918e-05
1325,2025-02-27,BUY,0.0016275961990732668,237.32373,1.0,3.8622857804009394e-05
1326,2025-02-28,BUY,0.001618245048627287,241.864184,1.0,3.913563825598791e-05
1327,2025-03-03,BUY,0.0016242315381553851,238.053803,1.0,3.866158330269102e-05
1328,2025-03-04,BUY,0.001618697152039772,235.953593,1.0,3.8189921908082924e-05
1329,2025-03-05,BUY,0.0016131907096887943,235.763574,1.0,3.802935779019788e-05
1330,2025-03-06,BUY,0.0016113161932018727,235.353533,1.0,3.791910397459753e-05
1331,2025-03-07,BUY,22.33869458271144,239.093907,2.6705228825301064,0.5340511713890687
1332,2025-03-10,SELL,6.2379333642434585,227.502748,1.0,0.14190050816985444
1333,2025-03-11,BUY,1.6554595901107207,220.862084,1.0,0.03655916958801617
1334,2025-03-12,SELL,0.42797979930348706,217.00169799999998,1.0,0.009286305685281264
1335,2025-03-13,BUY,0.10724625405975896,209.70096800000002,1.0,0.0022487394551261555
1336,2025-03-14,SELL,0.027420398408478874,213.511349,1.0,0.0005853980856222458
1337,2025-03-17,BUY,0.005666929001270304,214.0214,1.0,0.00012127228062718374
1338,2025-03-18,SELL,12.484579834878415,212.711269,1.327805409804399,0.2655345285078985
1339,2025-03-19,SELL,3.0984505314729,215.261524,1.0,0.06669104923942094
1340,2025-03-20,SELL,0.7774217545569293,214.12141,1.0,0.016644599765066218
1341,2025-03-21,SELL,0.1931511481922321,218.291827,1.0,0.004215910111592201
1342,2025-03-24,SELL,0.048051583359502104,220.752073,1.0,0.0010606425994945784
1343,2025-03-25,SELL,0.011215202719139228,223.772375,1.0,0.0002509401608408626
1344,2025-03-26,SELL,0.001762277690971814,221.552153,1.0,3.903973768810384e-05
1345,2025-03-27,BUY,0.000711567906959587,223.87238499999998,1.0,1.5928447597280157e-05
1346,2025-03-28,BUY,0.0013532976457284462,217.92179000000002,1.0,2.9488355700436332e-05
1347,2025-03-31,BUY,0.001511603695666608,222.152213,1.0,3.3577252891832686e-05
1348,2025-04-01,BUY,0.0015593397981561452,223.212319,1.0,3.4802904955062895e-05
1349,2025-04-02,BUY,0.001573648754771284,223.912389,1.0,3.523242197058056e-05
1350,2025-04-03,BUY,0.0015786631797638506,203.210319,1.0,3.207685714962269e-05
1351,2025-04-04,BUY,0.0015418233281696558,188.39883799999998,1.0,2.9044867856041695e-05
1352,2025-04-07,BUY,0.0015064261673014556,181.478146,1.0,2.733560923185455e-05
1353,2025-04-08,BUY,0.0014864713136937269,172.437242,1.0,2.562973839072239e-05
1354,2025-04-09,BUY,0.0014665560109872189,198.86988499999998,1.0,2.916246627846316e-05
1355,2025-04-10,BUY,0.0015077990779115424,190.43904199999997,1.0,2.8711510041568496e-05
1356,2025-04-11,BUY,0.001502534359300256,198.169815,1.0,2.9772718329525774e-05
1357,2025-04-14,BUY,0.0015149235061127087,202.540252,1.0,3.0680230845793474e-05
1358,2025-04-15,BUY,0.0015255183214009094,202.160214,1.0,3.083682734881316e-05
1359,2025-04-16,BUY,0.0015273465177045864,194.28942700000002,1.0,2.967176079945832e-05
1360,2025-04-17,BUY,0.0015137448707047696,196.999698,1.0,2.981774646315061e-05
1361,2025-04-21,BUY,0.0015154491900553069,193.179316,1.0,2.9272416555113523e-05
1362,2025-04-22,BUY,0.001509082699737263,199.759974,1.0,3.014241784453792e-05
1363,2025-04-23,BUY,0.0015192395877132725,204.62045999999998,1.0,3.108364196459185e-05
1364,2025-04-24,BUY,0.00153022797136515,208.390837,1.0,3.1885360239335965e-05
1365,2025-04-25,BUY,0.001539587684742827,209.300928,1.0,3.2220491066294555e-05
1366,2025-04-28,BUY,0.0015435001918948643,210.161014,1.0,3.243511303249115e-05
1367,2025-04-29,BUY,0.0015460058103275998,211.231121,1.0,3.265318871991954e-05
1368,2025-04-30,BUY,0.0015485517494600032,212.52125,1.0,3.2906724676039154e-05
1369,2025-05-01,BUY,0.0015515116718578525,213.341332,1.0,3.309684698407329e-05
1370,2025-05-02,BUY,0.0015537312674034354,205.370535,1.0,3.1905871576122256e-05
1371,2025-05-05,BUY,0.0015398271457094381,198.909889,1.0,3.062562210102466e-05
1372,2025-05-06,BUY,0.0015248807879775228,198.52985099999998,1.0,3.0270408522124295e-05
1373,2025-05-07,BUY,0.001520733823399567,196.269625,1.0,2.9844401284202327e-05
1374,2025-05-08,BUY,0.0015157603735396208,197.509749,1.0,2.9934751617019188e-05
1375,2025-05-09,BUY,0.0015168151745132974,198.549853,1.0,3.0113331659630526e-05
1376,2025-05-12,BUY,0.0015189000191107027,210.81107899999998,1.0,3.201689350281336e-05
1377,2025-05-13,BUY,0.0015411232785851325,212.951293,1.0,3.2815137970891334e-05
1378,2025-05-14,BUY,0.001550442436771604,212.351233,1.0,3.2920544259963984e-05
1379,2025-05-15,BUY,0.0015516730095104236,211.47114499999998,1.0,3.2810125786082355e-05
1380,2025-05-16,BUY,0.0015503839216872706,211.281126,1.0,3.275341072958005e-05
1381,2025-05-19,BUY,0.0015497217979820732,208.800878,1.0,3.2355091698285823e-05
1382,2025-05-20,BUY,0.0015450715959328676,206.880686,1.0,3.1961351033441885e-05
1383,2025-05-21,BUY,0.0015404748443277327,202.110209,1.0,3.1131456129010136e-05
1384,2025-05-22,BUY,0.0015307861810143208,201.38013600000002,1.0,3.0823910540916496e-05
1385,2025-05-23,BUY,0.001527195719567942,195.28952700000002,1.0,2.982155081601959e-05
1386,2025-05-27,BUY,0.0015154936042254263,200.230021,1.0,3.034169745017549e-05
1387,2025-05-28,BUY,0.0015215660907355044,200.44004199999998,1.0,3.049522759050494e-05
1388,2025-05-29,BUY,0.0015233584885834262,199.96999499999998,1.0,3.0459552979217125e-05
1389,2025-05-30,BUY,0.0015229420029569951,200.870085,1.0,3.0588290129382994e-05
1390,2025-06-02,BUY,0.0015244449533895477,201.72017,1.0,3.0748054709878376e-05
1391,2025-06-03,BUY,0.0015263101356186581,203.29032700000002,1.0,3.1025306126734e-05
1392,2025-06-04,BUY,0.001529546925745251,202.840282,1.0,3.102227074797863e-05
1393,2025-06-05,BUY,0.001529511489014368,200.650063,1.0,3.0686589004084984e-05
1394,2025-06-06,BUY,0.001525592550146726,203.94039199999997,1.0,3.1109883282572e-05
1395,2025-06-09,BUY,20.589609738038526,201.47014499999997,2.0740958297080163,0.41477768817248145
1396,2025-06-10,SELL,4.844770910375446,202.69026699999998,1.0,0.09818897204052984
1397,2025-06-11,BUY,1.1451463513575257,198.799878,1.0,0.022763219172291325
1398,2025-06-12,SELL,0.2669180576728447,199.21991999999997,1.0,0.00531700770883902
1399,2025-06-13,BUY,0.06090642056712969,196.46964499999999,1.0,0.0011965066320410818
1400,2025-06-16,SELL,0.015136036260171792,198.439842,1.0,0.0003003292314744988
1401,2025-06-17,SELL,12.748873612627824,195.659564,1.2472195262689325,0.24941896335748362
1402,2025-06-18,SELL,2.910402364304745,196.599658,1.0,0.057212689677481214
1403,2025-06-20,SELL,0.666766014804141,201.02009999999999,1.0,0.01340199689755332
1404,2025-06-23,SELL,0.15529516513063157,201.52015,1.0,0.0031291975773823817
1405,2025-06-24,SELL,0.03536468552807648,200.32003,1.0,0.0007083546511270654
1406,2025-06-25,SELL,0.007102393611418734,201.580156,1.0,0.0001431558456316555
1407,2025-06-26,SELL,0.0005039425270361164,201.02009999999999,1.0,1.0129244793418447e-05
1408,2025-06-27,BUY,0.0010490853810516398,201.100108,1.0,2.10950088421794e-05
1409,2025-06-30,BUY,0.0014136150089605337,205.19051699999997,1.0,2.9003139138820525e-05
1410,2025-07-01,BUY,0.001505939002612422,207.840782,1.0,3.129642435228679e-05
1411,2025-07-02,BUY,0.0015327121135193522,212.461244,1.0,3.2560936139598714e-05
1412,2025-07-03,BUY,0.0015474747405690437,213.571355,1.0,3.3046323084851605e-05
1413,2025-07-07,BUY,0.0015531414227769602,209.970995,1.0,3.2608204171201054e-05
1414,2025-07-08,BUY,0.0015480265743477162,210.03100099999997,1.0,3.251010608785171e-05
1415,2025-07-09,BUY,0.00154688132174563,211.161114,1.0,3.266085222735487e-05
1416,2025-07-10,BUY,0.0015486412175889086,212.431241,1.0,3.289468810281127e-05
1417,2025-07-11,BUY,0.0015513711500840799,211.181116,1.0,3.275875320518528e-05
1418,2025-07-14,BUY,20.270938058088632,208.640862,2.114672994994109,0.42289230976772224
1419,2025-07-15,SELL,4.939552967784642,209.130911,1.0,0.10329099210926519
1420,2025-07-16,BUY,1.2047102243309666,210.181016,1.0,0.025318190074543247
1421,2025-07-17,SELL,0.2967462355752408,210.04100200000002,1.0,0.0062322644395541625
1422,2025-07-18,BUY,0.07159164620544711,211.201118,1.0,0.0015118723845667253
1423,2025-07-21,SELL,0.01881779473434797,212.50124799999998,1.0,0.00039984050251515703
1424,2025-07-22,BUY,0.0035006246432933708,214.42144,1.0,7.505339235215435e-05
1425,2025-07-23,SELL,0.0020435557496716328,214.171415,1.0,4.376274637919843e-05
1426,2025-07-24,SELL,0.000656428827548794,213.781376,1.0,1.4031822617685392e-05
1427,2025-07-25,SELL,0.0010035244764194928,213.901388,1.0,2.1463381501661856e-05
1428,2025-07-28,SELL,0.0009167642474521287,214.071405,1.0,1.9623338716701115e-05
1429,2025-07-29,SELL,0.0009382459494515771,211.29112700000002,1.0,1.982232217407004e-05
1430,2025-07-30,SELL,0.0009359229038290451,209.070905,1.0,1.956546830454531e-05
1431,2025-07-31,SELL,0.0009389215614312718,207.590757,1.0,1.9489194850631956e-05
1432,2025-08-01,SELL,0.0009398120209453964,202.400238,1.0,1.9019915679898756e-05
1433,2025-08-04,SELL,0.0009452906518685467,203.37033499999998,1.0,1.9222485405736185e-05
1434,2025-08-05,SELL,0.0009429257381174949,202.940292,1.0,1.913384907789149e-05
1435,2025-08-06,SELL,0.0009439605288283914,213.271325,1.0,2.012995827725626e-05
1436,2025-08-07,SELL,0.0009323313856617332,220.05200299999998,1.0,2.0514087478699998e-05
1437,2025-08-08,SELL,0.0009278468437248222,229.37293499999998,1.0,2.1280167360819254e-05
1438,2025-08-11,SELL,0.000918903193137588,227.202718,1.0,2.0875642741697494e-05
1439,2025-08-12,SELL,0.0009236258427351984,229.672965,1.0,2.1211067478413127e-05
1440,2025-08-13,SELL,0.0009197099043145585,233.35333300000002,1.0,2.1459591197378988e-05
1441,2025-08-14,SELL,0.0009168084976121094,232.803278,1.0,2.1341468207419078e-05
1442,2025-08-15,SELL,0.0009181875323225341,231.613159,1.0,2.1264305061050777e-05
1443,2025-08-18,SELL,0.0009190883786116544,230.91308899999999,1.0,2.1220831573763388e-05
1444,2025-08-19,SELL,0.0009195959127339393,230.583056,1.0,2.1202203363990813e-05
1445,2025-08-20,SELL,0.0009198133890091498,226.032601,1.0,2.0788702405003845e-05
1446,2025-08-21,SELL,0.0009246408334844247,224.92249,1.0,2.0795172345069134e-05
1447,2025-08-22,SELL,0.000924565299738056,227.78277599999998,1.0,2.105789926682772e-05
1448,2025-08-25,SELL,0.0009214980767993097,227.182716,1.0,2.0932750312575538e-05
1449,2025-08-26,SELL,0.0009229591365969014,229.332931,1.0,2.1164375961303372e-05
1450,2025-08-27,SELL,0.0009202550075402272,230.513049,1.0,2.121095766878191e-05
1451,2025-08-28,SELL,0.0009197111862944141,232.583256,1.0,2.1388803348466108e-05
1452,2025-08-29,SELL,0.0009176349150674667,232.16321399999998,1.0,2.1301976918372364e-05
1453,2025-09-02,SELL,0.000918648576005765,229.742972,1.0,2.1103195088013606e-05
1454,2025-09-03,SELL,0.0009209692677183412,238.493847,1.0,2.1962354127269424e-05
1455,2025-09-04,SELL,0.000910938958313956,239.803978,1.0,2.1842494342451683e-05
1456,2025-09-05,SELL,0.0009123382693516646,239.713969,1.0,2.1867835978084496e-05
1457,2025-09-08,SELL,0.000912042416739034,237.903788,1.0,2.1695665009384624e-05
1458,2025-09-09,SELL,0.0009140524381754389,234.373435,1.0,2.142081888864718e-05
1459,2025-09-10,SELL,0.0009172611475118941,226.812679,1.0,2.0802565564432128e-05
1460,2025-09-11,SELL,0.0009244789871072356,230.053003,1.0,2.1265790140417166e-05
1461,2025-09-12,SELL,0.0009190710409532343,234.09340699999998,1.0,2.1512695855584766e-05
1462,2025-09-15,SELL,0.000916188523743422,236.72367,1.0,2.1686182357015822e-05
1463,2025-09-16,SELL,0.000914163144032365,238.173815,1.0,2.1770795275116896e-05
1464,2025-09-17,SELL,0.0009131753248867724,239.013899,1.0,2.182397708946908e-05
1465,2025-09-18,SELL,0.0009125544502550653,237.903788,1.0,2.1707845262663977e-05
1466,2025-09-19,SELL,0.0009139102389985609,245.52455,1.0,2.2436496367419203e-05
1467,2025-09-22,SELL,0.0009054035531637084,256.10560799999996,1.0,2.3185574189395404e-05
1468,2025-09-23,SELL,0.00089665839425912,254.455443,1.0,2.28136795251309e-05
1469,2025-09-24,SELL,0.0009010001032772053,252.335231,1.0,2.2733133605778968e-05
1470,2025-09-25,SELL,0.0009019404419756683,256.895687,1.0,2.316814413303341e-05
1471,2025-09-26,SELL,0.0008968618826132868,255.485546,1.0,2.291123365323132e-05
1472,2025-09-29,SELL,0.0008998612011144047,254.455443,1.0,2.2895168539949897e-05
1473,2025-09-30,SELL,0.0009000487543477931,254.655463,1.0,2.2917941431959666e-05
1474,2025-10-01,SELL,0.0008997828907046923,255.47554499999998,1.0,2.2984953943045906e-05
1475,2025-10-02,SELL,0.000899000548682416,257.155713,1.0,2.3116001108267456e-05
1476,2025-10-03,SELL,0.0008974706298277013,258.045802,1.0,2.3156537190813245e-05
1477,2025-10-06,SELL,0.000896997388632137,256.715669,1.0,2.3025025968792496e-05
1478,2025-10-07,SELL,0.0008985327251505026,256.505648,1.0,2.3045567334650816e-05
1479,2025-10-08,SELL,0.0008982929136056583,258.085806,1.0,2.3181346928497442e-05
1480,2025-10-09,SELL,0.0008967077456976114,254.065404,1.0,2.2779963571710066e-05
1481,2025-10-10,SELL,0.0009013937224207069,245.29452700000002,1.0,2.2108483829818253e-05
1482,2025-10-13,SELL,0.0009092329573725522,247.684766,1.0,2.2518063422288282e-05
1483,2025-10-14,SELL,0.0009044512931506432,247.794777,1.0,2.2409589690393732e-05
1484,2025-10-15,SELL,0.0009057176769564634,249.364934,1.0,2.2583164557234078e-05
1485,2025-10-16,SELL,0.000903691265616402,247.47474499999998,1.0,2.236184036767407e-05
1486,2025-10-17,SELL,0.0009062751296031735,252.315229,1.0,2.2864415244754793e-05
1487,2025-10-20,SELL,0.0009004077857408532,262.266224,1.0,2.3612293773280154e-05
1488,2025-10-21,SELL,0.0008916766280675503,262.796277,1.0,2.3430586755724978e-05
1489,2025-10-22,SELL,0.0008937979787413397,258.475845,1.0,2.3100208760573402e-05
1490,2025-10-23,SELL,0.0008976549986421389,259.605958,1.0,2.3301328454755167e-05
1491,2025-10-24,SELL,0.0008953070133816965,262.846282,1.0,2.3530458925680376e-05
1492,2025-10-27,SELL,0.0008926320144437838,268.836881,1.0,2.399484118026607e-05
1493,2025-10-28,SELL,0.0008872105528956453,269.0269,1.0,2.386596387290343e-05
1494,2025-10-29,SELL,0.0008887151396015369,269.72697,1.0,2.3968647315058528e-05
1495,2025-10-30,SELL,0.0008875163549184606,271.42713999999995,1.0,2.4087193872464305e-05
1496,2025-10-31,SELL,0.0008861323752409334,270.397037,1.0,2.395836102939539e-05
1497,2025-11-03,SELL,0.0008876364428465067,269.076905,1.0,2.388185849478463e-05
1498,2025-11-04,SELL,0.0008885295767795398,270.067004,1.0,2.3993852691334003e-05
1499,2025-11-05,SELL,0.0008872220930742358,270.167014,1.0,2.3967417622314778e-05
1500,2025-11-06,SELL,0.0008875307110489672,269.79697699999997,1.0,2.3942915991957373e-05
1501,2025-11-07,SELL,0.0008878167569630335,268.496847,1.0,2.383521647416454e-05
1502,2025-11-10,SELL,0.0008890741021545523,269.456943,1.0,2.3954323534365248e-05
1503,2025-11-11,SELL,0.0008876835788491633,275.27752499999997,1.0,2.4433490507795447e-05
1504,2025-11-12,SELL,0.0008820895121166572,273.49734700000005,1.0,2.4122501887872056e-05
1505,2025-11-13,SELL,0.0008857201694656425,272.97729499999997,1.0,2.417573202554786e-05
1506,2025-11-14,SELL,0.0008850987306781022,272.43724100000003,1.0,2.4110974522405387e-05
1507,2025-11-17,SELL,0.0008858547464605238,267.486746,1.0,2.369307104883567e-05
1508,2025-11-18,SELL,0.0008907335883856504,267.466744,1.0,2.3821779087792846e-05
1509,2025-11-19,SELL,0.0008892309778172347,268.586856,1.0,2.388118714026794e-05
1510,2025-11-20,SELL,0.0008885374145517488,266.276625,1.0,2.3657308662461727e-05
1511,2025-11-21,SELL,0.0008911510987479332,271.517149,1.0,2.4193861179915238e-05
1512,2025-11-24,SELL,0.0008848870806588138,275.947592,1.0,2.441580432951152e-05
1513,2025-11-25,SELL,0.0008822959905829819,276.997697,1.0,2.4436952051167324e-05
1514,2025-11-26,SELL,0.0008820491000971487,277.577755,1.0,2.448127277320809e-05
1515,2025-11-28,SELL,0.0008815316748789215,278.877885,1.0,2.458151075397166e-05
1516,2025-12-01,SELL,0.0008803614398980031,283.12831,1.0,2.49230323634916e-05
1517,2025-12-02,SELL,0.0008763743231297028,286.218619,1.0,2.5080956753641916e-05
1518,2025-12-03,SELL,0.0008745306243236328,284.178415,1.0,2.484978769015202e-05
1519,2025-12-04,SELL,0.0008772294229455468,280.72807,1.0,2.462382990209361e-05
1520,2025-12-05,SELL,0.0008798673821868164,278.80787799999996,1.0,2.4528942880592602e-05
1521,2025-12-08,SELL,0.0008809751470346683,277.91778899999997,1.0,2.4481418360932565e-05
1522,2025-12-09,SELL,0.0008815299752047423,277.207718,1.0,2.44342478527189e-05
1523,2025-12-10,SELL,0.0008820806704434858,278.80787799999996,1.0,2.4590644930612004e-05
1524,2025-12-11,SELL,0.000880254802344993,278.057803,1.0,2.447372426960294e-05
1525,2025-12-12,SELL,0.0008816198003867015,278.307828,1.0,2.4533715805160707e-05
