,timestamp,side,quantity,price,commission,slippage
0,2019-11-18,BUY,11.673399237752148,267.1082262560308,1.5590304823872392,0.06693240775343254
1,2019-11-19,SELL,3.6416569674707873,266.2944789619322,1.0,0.02220651938904734
2,2019-11-20,BUY,1.1308642221036163,263.2030815027161,1.0,0.005769939160123333
3,2019-11-21,SELL,0.34862250553601726,262.0065572061601,1.0,0.0016580174346429643
4,2019-11-22,BUY,0.10545910249134671,261.78027815504953,1.0,0.0006831252959589118
5,2019-11-25,SELL,0.03339422532383374,266.37060282370015,1.0,0.00019396954064211379
6,2019-11-26,BUY,0.009216428778470842,264.2939808583187,1.0,4.746525270229995e-05
7,2019-11-27,SELL,0.004010800967867212,267.8501313817859,1.0,2.661715226400154e-05
8,2019-11-29,BUY,8.672584589142218e-05,267.25943015705803,1.0,6.789293435671188e-07
9,2019-12-02,SELL,0.0011943968789083215,264.1649746343818,1.0,6.481864039634036e-06
10,2019-12-03,SELL,0.000799023374403518,259.46223181050647,1.0,3.8248984827370015e-06
11,2019-12-04,SELL,0.0009253312272186065,261.7520974392629,1.0,5.907285252005129e-06
12,2019-12-05,SELL,0.0008846015681207575,265.58161333961357,1.0,5.438313203520151e-06
13,2019-12-06,SELL,0.0008930921892869037,270.7173457658189,1.0,4.692369342393697e-06
14,2019-12-09,SELL,0.0008851056751595365,266.91967515285234,1.0,4.164445570493908e-06
15,2019-12-10,SELL,0.0008915533928526287,268.48357538110696,1.0,5.031422798639772e-06
16,2019-12-11,SELL,0.0008879167516262498,270.7797323735672,1.0,5.413620760575376e-06
17,2019-12-12,SELL,0.0008866765488910744,271.4659809928249,1.0,4.101666198903268e-06
18,2019-12-13,SELL,0.0008863582633988898,275.1624524993457,1.0,4.217980259068078e-06
19,2019-12-16,SELL,0.000882634455598108,279.8721725719014,1.0,4.36122280711116e-06
20,2019-12-17,SELL,0.0008789779861011482,280.4102613575262,1.0,4.610675876056845e-06
21,2019-12-18,SELL,0.0008796204618253256,279.75388014201013,1.0,4.56751103523412e-06
22,2019-12-19,SELL,0.0008800841404035253,280.0273529066207,1.0,4.9660444782641525e-06
23,2019-12-20,SELL,0.0008796517636202594,279.4517672878282,1.0,2.9585904186072224e-06
24,2019-12-23,SELL,0.0008803841436204607,284.0128973417769,1.0,5.033239351459723e-06
25,2019-12-24,SELL,0.000875457722292694,284.2759770416209,1.0,7.1485289861473805e-06
26,2019-12-26,SELL,0.0008768221699444467,289.9114626404185,1.0,5.2622718644401336e-06
27,2019-12-27,SELL,0.0008706011838892636,289.79583824265836,1.0,4.170667676195996e-06
28,2019-12-30,SELL,0.0008728240301252299,291.52284293479613,1.0,4.237224887496282e-06
29,2019-12-31,SELL,0.0008703124483364633,293.64399157364386,1.0,5.086012271027174e-06
30,2020-01-02,SELL,0.0008690121733749834,300.3552846097635,1.0,4.482061881717619e-06
31,2020-01-03,SELL,0.0008626497302142155,297.44472699838457,1.0,4.2392803915646634e-06
32,2020-01-06,SELL,0.0008678114565725537,299.7980225175729,1.0,4.778296010127583e-06
33,2020-01-07,SELL,0.000863635245348604,298.4024892581964,1.0,4.880861108230749e-06
34,2020-01-08,SELL,0.0008665036932136161,303.19755941047583,1.0,4.567031274922045e-06
35,2020-01-09,SELL,0.0008606542719498123,309.6479666147509,1.0,4.082025626239076e-06
36,2020-01-10,SELL,0.0008562440147148465,310.32832476370703,1.0,4.4774813884966406e-06
37,2020-01-13,SELL,0.0008571581289480434,316.9722466961487,1.0,4.917788023798069e-06
38,2020-01-14,SELL,0.0008501791087329735,312.6852466894862,1.0,4.169291591775495e-06
39,2020-01-15,SELL,0.0008570160710714703,311.3386294004577,1.0,4.832816893265793e-06
40,2020-01-16,SELL,0.000855867706727409,315.2423079562634,1.0,5.172499523186116e-06
41,2020-01-17,SELL,0.0008523849454604715,318.7385324094355,1.0,4.62852245553881e-06
42,2020-01-21,SELL,0.0008501877602888896,316.57723919981316,1.0,5.112833318307509e-06
43,2020-01-22,SELL,0.0008531502736150998,317.70554754969726,1.0,5.3719085401347674e-06
44,2020-01-23,SELL,0.0008509317664255889,319.23169818866086,1.0,5.315233518337872e-06
45,2020-01-24,SELL,0.0008502385789448397,318.31127288701435,1.0,4.4713764114342214e-06
46,2020-01-27,SELL,0.0008514104347430163,308.9603596251781,1.0,4.134165013419984e-06
47,2020-01-28,SELL,0.0008602687356393801,317.69597852777224,1.0,4.291391850538615e-06
48,2020-01-29,SELL,0.0008483013492419644,324.34211584499315,1.0,3.7389413964257257e-06
49,2020-01-30,SELL,0.0008461581870111701,323.8713514900875,1.0,4.868374545332514e-06
50,2020-01-31,SELL,0.0008474346252231868,309.52947470364643,1.0,3.7133375703531765e-06
51,2020-02-03,SELL,0.000861139664277033,308.67105272487186,1.0,4.030289556991176e-06
52,2020-02-04,SELL,0.0008570505982188337,318.8604065283023,1.0,4.676037546278901e-06
53,2020-02-05,SELL,0.0008483298505499448,321.44568297299884,1.0,5.0030752507611694e-06
54,2020-02-06,SELL,0.00084901570240703,325.2196981162466,1.0,5.378252440136814e-06
55,2020-02-07,SELL,0.0008450179574523986,320.0393155620342,1.0,4.985772547788353e-06
56,2020-02-10,SELL,0.0008516457186207305,321.5547353199281,1.0,5.237553155484101e-06
57,2020-02-11,SELL,0.0008476630525908746,319.6295787367002,1.0,5.5793318003321625e-06
58,2020-02-12,SELL,0.0008510629642373146,327.2062193781123,1.0,5.222362460890068e-06
59,2020-02-13,SELL,0.0008422671623087297,324.8761076968436,1.0,5.62217908865745e-06
60,2020-02-14,SELL,0.0008479178085440964,324.95828285476017,1.0,6.156700445525432e-06
61,2020-02-18,SELL,0.0008456935150036315,319.0104704433685,1.0,4.36548986460281e-06
62,2020-02-19,SELL,0.0008524090219648173,323.62589795616753,1.0,5.690959039193732e-06
63,2020-02-20,SELL,0.0008453156236161163,320.3154762591015,1.0,5.399986248120558e-06
64,2020-02-21,SELL,0.0008512620048488628,313.0539666023991,1.0,4.679779229008724e-06
65,2020-02-24,SELL,0.000856254401742973,298.1850957233841,1.0,3.4256695882710813e-06
66,2020-02-25,SELL,0.00086929200868191,288.07771120447137,1.0,3.2976215609977348e-06
67,2020-02-26,SELL,0.0008750103966708167,292.65407287221615,1.0,3.6331028218207766e-06
68,2020-02-27,SELL,0.0008684129367644289,273.52235750349365,1.0,2.653131387435686e-06
69,2020-02-28,SELL,0.000890061258735031,273.3591820103619,1.0,2.3551791626912267e-06
70,2020-03-02,SELL,0.0008833186287677819,298.8016054798659,1.0,2.856903260100848e-06
71,2020-03-03,SELL,0.0008592356978009974,289.3236575114964,1.0,2.7816512371249607e-06
72,2020-03-04,SELL,0.0008771424700562136,302.74594135786253,1.0,3.587350801818407e-06
73,2020-03-05,SELL,0.0008573512628569091,292.91421241766466,1.0,3.6672276426935573e-06
74,2020-03-06,SELL,17.66882726124944,289.02716351710507,2.5533855129963126,0.06791198158656336
75,2020-03-09,SELL,5.958357031369598,266.1645791760971,1.0,0.01873069317252734
76,2020-03-10,SELL,1.8501212380842311,285.3440566270173,1.0,0.006251014945883918
77,2020-03-11,SELL,0.6150960359236493,275.4392659571896,1.0,0.002116174045924392
78,2020-03-12,SELL,0.19660525843917398,248.2348311535846,1.0,0.0004771438427485559
79,2020-03-13,SELL,0.05580383655468424,277.97292440857075,1.0,0.00016112462715874257
80,2020-03-16,SELL,0.016940385191006158,242.21645276160712,1.0,4.5702374196948225e-05
81,2020-03-17,SELL,0.003622535956008477,252.87220261758742,1.0,1.0177216805457367e-05
82,2020-03-18,BUY,9.801144027932196e-05,246.67186955718776,1.0,2.79056225056321e-07
83,2020-03-19,BUY,0.001195562310300602,244.77936818122316,1.0,3.54978033265257e-06
84,2020-03-20,BUY,0.001508960769879053,229.24129162525153,1.0,3.451827768530932e-06
85,2020-03-23,BUY,0.0015711416161430236,224.37576335258663,1.0,3.842031398412606e-06
86,2020-03-24,BUY,0.0015788577138451387,246.87879179836082,1.0,4.5973677054274944e-06
87,2020-03-25,BUY,0.001622353249246089,245.53000319950488,1.0,4.57217305799168e-06
88,2020-03-26,BUY,0.0016323339048121,258.44008162786145,1.0,5.308973183830293e-06
89,2020-03-27,BUY,0.0016597945365646183,247.74839636650373,1.0,5.754976672591469e-06
90,2020-03-30,BUY,0.001647363448650907,254.81416043762027,1.0,6.477569663440073e-06
91,2020-03-31,BUY,0.0016573559943999783,254.28599399593094,1.0,6.00518966100086e-06
92,2020-04-01,BUY,0.0016593064820611403,240.92143420784737,1.0,6.022817322335371e-06
93,2020-04-02,BUY,0.0016339986470725876,244.93349074461412,1.0,6.2137741794968765e-06
94,2020-04-03,BUY,0.0016345338666567955,241.42229042674617,1.0,6.925041950982319e-06
95,2020-04-06,BUY,0.001627987327900371,262.47713187203647,1.0,6.015669497476746e-06
96,2020-04-07,BUY,0.0016661552982029093,259.4323169786008,1.0,6.06926350177799e-06
97,2020-04-08,BUY,0.0016719278932448844,266.0670461287315,1.0,6.8457838476498845e-06
98,2020-04-09,BUY,0.0016866251539902066,268.00140332444744,1.0,7.100112285225634e-06
99,2020-04-13,BUY,0.0016949984742211655,273.2566453358546,1.0,8.092613757724768e-06
100,2020-04-14,BUY,0.0017080162857325831,287.0585755433218,1.0,7.022227907777457e-06
101,2020-04-15,BUY,0.0017396875312059024,284.43580141804597,1.0,8.641442006121566e-06
102,2020-04-16,BUY,0.0017449740578818762,286.7017765578691,1.0,7.982144049318557e-06
103,2020-04-17,BUY,0.0017513451018444925,282.80166809859566,1.0,6.751593436459792e-06
104,2020-04-20,BUY,0.0017455039123781546,276.92659609360527,1.0,8.478346112209206e-06
105,2020-04-21,BUY,0.0017316045601525332,268.38234533570943,1.0,6.9087110938104885e-06
106,2020-04-22,BUY,0.0017098402498483267,276.0994122207304,1.0,8.72657075882027e-06
107,2020-04-23,BUY,0.0017184246282582194,275.03939601317103,1.0,8.460877259226772e-06
108,2020-04-24,BUY,0.00171906501212149,282.97838521914326,1.0,8.64983034311765e-06
109,2020-04-27,BUY,0.0017352020499963317,283.18132440274996,1.0,9.081994293661636e-06
110,2020-04-28,BUY,0.0017409436971007608,278.58804517497964,1.0,9.165386236541537e-06
111,2020-04-29,BUY,0.0017335069091402033,287.72939636793825,1.0,8.513878882526706e-06
112,2020-04-30,BUY,0.0017495867775529916,293.8039303883788,1.0,7.59828085150919e-06
113,2020-05-01,BUY,34.95932838701564,289.0682536255722,5.052816002378751,0.1302941734948915
114,2020-05-04,SELL,11.802606047981062,293.15895175002277,1.7300198084723035,0.0598759516121489
115,2020-05-05,BUY,4.037022861511989,297.5769562382484,1.0,0.019765958412528324
116,2020-05-06,SELL,1.403521945128258,300.6437019121575,1.0,0.007073593223017519
117,2020-05-07,BUY,0.4914034531828637,303.7385318236311,1.0,0.0027810281480778365
118,2020-05-08,SELL,0.1754023530132578,310.130910716278,1.0,0.0009396646555594776
119,2020-05-11,BUY,0.06233325710411286,315.01537332756266,1.0,0.000325070769009297
120,2020-05-12,SELL,0.024089149923034014,311.40974348285727,1.0,0.00011776498609146859
121,2020-05-13,BUY,0.0075895725770163125,307.65923942377543,1.0,3.297017602593921e-05
122,2020-05-14,SELL,0.0038930811282504862,309.5386897130594,1.0,1.9117443799480726e-05
123,2020-05-15,BUY,0.00023937382753480563,307.72007725217134,1.0,1.1422113584197408e-06
124,2020-05-18,SELL,0.001253326337467442,314.96625778488493,1.0,6.785557012720697e-06
125,2020-05-19,SELL,0.0007065260611476276,313.14857962327824,1.0,4.387089364604079e-06
126,2020-05-20,SELL,0.0009090687292996336,319.2354740145016,1.0,5.4964556969324825e-06
127,2020-05-21,SELL,0.000828569722029826,316.8550220149563,1.0,5.181427743431385e-06
128,2020-05-22,SELL,0.0008608706121258081,318.90072962661867,1.0,6.070565241108685e-06
129,2020-05-26,SELL,0.0008468674489332528,316.7331909931744,1.0,4.788193048386545e-06
130,2020-05-27,SELL,0.0008542231343042772,318.1221387469164,1.0,5.113913252280602e-06
131,2020-05-28,SELL,0.0008501184624538638,318.26384521541786,1.0,4.678073129603753e-06
132,2020-05-29,SELL,0.0008515021334627448,317.9478601483917,1.0,4.368895645828226e-06
133,2020-06-01,SELL,0.00085130215588336,321.8576467499224,1.0,6.088012225421024e-06
134,2020-06-02,SELL,0.0008474909926068364,323.35163353583783,1.0,5.854269411367227e-06
135,2020-06-03,SELL,0.0008474448963369241,325.12024574145477,1.0,5.390599794704291e-06
136,2020-06-04,SELL,0.0008457126851979524,322.3229957785763,1.0,5.826142162403963e-06
137,2020-06-05,SELL,0.0008491316448679953,331.5074201851613,1.0,4.805453348625223e-06
138,2020-06-08,SELL,0.0008387413918278241,333.4688327686623,1.0,5.719415640073336e-06
139,2020-06-09,SELL,0.0008408418193113221,343.99304008060494,1.0,4.759686923070864e-06
140,2020-06-10,SELL,0.0008296941657803814,352.84192830001035,1.0,4.5354099457518355e-06
141,2020-06-11,SELL,0.0008256001229121068,335.9086359268891,1.0,3.905730525982695e-06
142,2020-06-12,SELL,0.0008436059656400374,338.80510182427497,1.0,4.040544813375863e-06
143,2020-06-15,SELL,0.0008336931555010807,342.9970482689362,1.0,4.854120503114481e-06
144,2020-06-16,SELL,0.0008335340629344046,352.0849585755353,1.0,4.563400676243397e-06
145,2020-06-17,SELL,0.0008247550660858138,351.5957892963965,1.0,5.422070681923173e-06
146,2020-06-18,SELL,0.0008288342158948581,351.7381436243427,1.0,5.9254986775659785e-06
147,2020-06-19,SELL,0.000827022270824429,349.72244032112116,1.0,3.5569059874196667e-06
148,2020-06-22,SELL,0.0008297122442577631,358.8774954259212,1.0,5.116987381436428e-06
149,2020-06-23,SELL,0.0008197468905031258,366.53860710785136,1.0,4.125688280624818e-06
150,2020-06-24,SELL,0.0008165906002997048,360.0596546673416,1.0,4.236898491944983e-06
151,2020-06-25,SELL,0.0008241170873510839,364.83803387403236,1.0,5.127724896459178e-06
152,2020-06-26,SELL,0.0008163566952568146,353.63947219572935,1.0,4.0300998190744026e-06
153,2020-06-29,SELL,0.000830333614535661,361.78886004139315,1.0,5.256322709372595e-06
154,2020-06-30,SELL,0.0008166646465017635,364.79852136756165,1.0,5.031638353681288e-06
155,2020-07-01,SELL,0.0008195682835800966,364.11052051293746,1.0,5.6714390660822245e-06
156,2020-07-02,SELL,0.0008189900080903811,364.1104195257552,1.0,5.584729887767915e-06
157,2020-07-06,SELL,0.0008192358952854306,373.8550167941074,1.0,5.623283690091343e-06
158,2020-07-07,SELL,0.0008098123640305488,372.7004006248928,1.0,5.692927716735464e-06
159,2020-07-08,SELL,0.0008150164318134756,381.37196951179516,1.0,5.74478415054738e-06
160,2020-07-09,SELL,0.0008045021669413899,382.7406391786892,1.0,5.493961025440281e-06
161,2020-07-10,SELL,0.0008078976648295821,383.6846167732541,1.0,6.525448661034556e-06
162,2020-07-13,SELL,0.0008054903387044732,381.9120762126957,1.0,4.444204279993803e-06
163,2020-07-14,SELL,0.0008082352431610929,388.2346202020714,1.0,4.799222104419004e-06
164,2020-07-15,SELL,0.0008010462794203477,390.91195616428627,1.0,5.059796941462788e-06
165,2020-07-16,SELL,0.0008018007715975273,386.0974184604797,1.0,5.887777396174387e-06
166,2020-07-17,SELL,0.0008059627587062579,385.3209865583407,1.0,6.468803851638224e-06
167,2020-07-20,SELL,0.0008048174146413345,393.43717968850433,1.0,6.663565770745733e-06
168,2020-07-21,SELL,0.0007977074641374315,388.00658102934045,1.0,6.080345884905722e-06
169,2020-07-22,SELL,0.000806029836640576,389.09582569325755,1.0,6.648588377102902e-06
170,2020-07-23,SELL,0.0008012354560076318,371.3819644263579,1.0,4.240009000576311e-06
171,2020-07-24,SELL,0.0008199811225377829,370.46280831482215,1.0,4.461405583463373e-06
172,2020-07-27,SELL,0.0008127341457839776,379.24923025197967,1.0,5.599104664775198e-06
173,2020-07-28,SELL,0.0008075321408256286,373.0163122338309,1.0,5.918011213941722e-06
174,2020-07-29,SELL,0.0008157106854316254,380.17786532125723,1.0,6.52573773561834e-06
175,2020-07-30,SELL,0.0008053301315893435,384.7729214566284,1.0,4.9282686761296725e-06
176,2020-07-31,SELL,0.0008056172034027753,425.07925384094744,1.0,3.540110873588266e-06
177,2020-08-03,SELL,0.0007675830131095296,435.7358732073713,1.0,3.8105850047283046e-06
178,2020-08-04,SELL,0.0007769073803203241,438.65946909014605,1.0,5.185108754131944e-06
179,2020-08-05,SELL,0.000769513070434158,440.2388317841731,1.0,6.13424178382289e-06
180,2020-08-06,SELL,0.0007718807204124545,455.623399958087,1.0,4.94360600092084e-06
181,2020-08-07,SELL,0.0007568017434937957,444.4207611729109,1.0,4.779887500181866e-06
182,2020-08-10,SELL,0.0007747186735009848,450.95945816484686,1.0,4.794295547550137e-06
183,2020-08-11,SELL,0.0007595102113810981,437.5497306737149,1.0,4.848624611498471e-06
184,2020-08-12,SELL,0.0007794054481173873,452.10068599200116,1.0,5.470663536114147e-06
185,2020-08-13,SELL,0.000756004660958709,460.01716078897806,1.0,4.798748852585787e-06
186,2020-08-14,SELL,0.0007613681444151865,459.624151037266,1.0,5.439215299763251e-06
187,2020-08-17,SELL,0.0007588372705313873,458.448075722405,1.0,6.363049233909496e-06
188,2020-08-18,SELL,0.0007612369718472678,462.2103546465816,1.0,6.846682213958328e-06
189,2020-08-19,SELL,0.0007566094913276089,462.8120488411949,1.0,5.805117664669428e-06
190,2020-08-20,SELL,0.0007585748503586842,473.1173723390235,1.0,6.371570748541279e-06
191,2020-08-21,SELL,0.0007483875319600486,497.45243014735655,1.0,4.049579422962517e-06
192,2020-08-24,SELL,0.0007327542162300915,503.441569124421,1.0,3.966740000008985e-06
193,2020-08-25,SELL,0.0007367094721448808,499.2752390883034,1.0,5.05835663963325e-06
194,2020-08-26,SELL,0.0007379680216565987,506.106377531,1.0,5.850312720360128e-06
195,2020-08-27,SELL,0.0007313497595582419,500.0024710269535,1.0,5.863838089136041e-06
196,2020-08-28,SELL,0.0007404709278873156,499.234640613717,1.0,5.397409119046968e-06
197,2020-08-31,SELL,0.000735810847841023,129.04316497227333,1.0,6.320187112767827e-07
198,2020-09-01,SELL,0.0010564994096995406,134.17620577206037,1.0,1.1480183967625623e-06
199,2020-09-02,SELL,0.0010018612222513212,131.38761257761647,1.0,9.304965499522744e-07
200,2020-09-03,SELL,0.0010136804550118228,120.87670733774111,1.0,7.634284891453359e-07
201,2020-09-04,SELL,0.0010243053476983732,120.9566093308985,1.0,6.793457526204774e-07
202,2020-09-08,SELL,17.206600161030185,112.82930646539769,1.0,0.012763325136167862
203,2020-09-09,SELL,2.2651166172555506,117.32745238559272,1.0,0.0019978982791666227
204,2020-09-10,SELL,0.30906534086449255,113.49702999568379,1.0,0.000259817714718174
205,2020-09-11,SELL,0.03978060789441962,112.00281463027986,1.0,3.313030783697597e-05
206,2020-09-14,SELL,0.0040337898607614164,115.35953912375525,1.0,3.930668585464334e-06
207,2020-09-15,BUY,0.0006241344704420726,115.53067959667705,1.0,5.306485805593489e-07
208,2020-09-16,BUY,0.0012515129295618266,112.13415115019964,1.0,1.1271106040763684e-06
209,2020-09-17,BUY,0.0013311613035646985,110.34554091637867,1.0,1.1009277959418734e-06
210,2020-09-18,BUY,0.0013388078167437811,106.84621190916643,1.0,8.442178238768615e-07
211,2020-09-21,BUY,0.0013343238651870593,110.08193771069789,1.0,1.049937562273273e-06
212,2020-09-22,BUY,0.001338804597830645,111.81308385870723,1.0,1.1064081578511876e-06
213,2020-09-23,BUY,0.0013420858901476151,107.1120679118754,1.0,1.170931925098626e-06
214,2020-09-24,BUY,0.0013351492344177984,108.21243224283084,1.0,1.1155292562267628e-06
215,2020-09-25,BUY,0.0013359968995310112,112.28594690066997,1.0,1.224922317664719e-06
216,2020-09-28,BUY,0.0013424568779569768,114.95445725158149,1.0,1.3152218397485612e-06
217,2020-09-29,BUY,0.0013474854571757788,114.08496258299726,1.0,1.5367979030005272e-06
218,2020-09-30,BUY,0.0013467925547523407,115.80256619268934,1.0,1.3056928760382626e-06
219,2020-10-01,BUY,0.0013494006326215668,116.79437490781291,1.0,1.462528947497907e-06
220,2020-10-02,BUY,0.0013513155013331613,113.03461174072177,1.0,1.269732816750495e-06
221,2020-10-05,BUY,0.001345645754254221,116.4990666197471,1.0,1.5208875283159937e-06
222,2020-10-06,BUY,0.0013503396880185647,113.1771123452124,1.0,1.2025810799699756e-06
223,2020-10-07,BUY,0.0013457416203443984,115.07463468272093,1.0,1.5735818548757888e-06
224,2020-10-08,BUY,0.0013481150310887813,114.96499118917433,1.0,1.6963052030243915e-06
225,2020-10-09,BUY,0.0013482613073385608,116.9770034782439,1.0,1.5731580938900406e-06
226,2020-10-12,BUY,0.0013514476024809596,124.39229790871731,1.0,1.0846239738459227e-06
227,2020-10-13,BUY,0.001363581056377683,121.09821789430478,1.0,1.0195104412362062e-06
228,2020-10-14,BUY,0.0013600995387221815,121.18972904026279,1.0,1.3410807130266487e-06
229,2020-10-15,BUY,0.0013597526738013954,120.714031608292,1.0,1.5471166143957434e-06
230,2020-10-16,BUY,0.0013589485314753347,119.02596778861306,1.0,1.50573809273756e-06
231,2020-10-19,BUY,0.0013561573480451727,115.97494282275574,1.0,1.4319433070514408e-06
232,2020-10-20,BUY,0.0013509394632169602,117.51119496896479,1.0,1.42317934986888e-06
233,2020-10-21,BUY,0.0013526557327789845,116.87554083492684,1.0,1.6669226716008585e-06
234,2020-10-22,BUY,0.001351887459307477,115.74223609655216,1.0,1.5493647473005869e-06
235,2020-10-23,BUY,0.0013499941590442432,115.0337098029963,1.0,1.7089688328887661e-06
236,2020-10-26,BUY,0.0013486217861764516,115.04378704236235,1.0,1.4669995076394539e-06
237,2020-10-27,BUY,0.0013484533638230545,116.60067837155864,1.0,1.6367648677101845e-06
238,2020-10-28,BUY,0.0013508814535168057,111.19478539631407,1.0,1.252018010374493e-06
239,2020-10-29,BUY,0.001342687189918479,115.31849715753913,1.0,1.2808602971600077e-06
240,2020-10-30,BUY,0.0013480869490418712,108.8605247346943,1.0,1.0630506452945496e-06
241,2020-11-02,BUY,0.0013386510880160074,108.76841908857367,1.0,1.313556766407116e-06
242,2020-11-03,BUY,0.0013373080749854438,110.44628111993299,1.0,1.423714509153758e-06
243,2020-11-04,BUY,0.0013397568518502823,114.94419979611449,1.0,1.3097837237919814e-06
244,2020-11-05,BUY,0.0013471070960058285,119.02591850435567,1.0,1.4262264079319713e-06
245,2020-11-06,BUY,0.001354511976927597,118.68993534917117,1.0,1.5026912543489569e-06
246,2020-11-09,BUY,0.0013550095900587422,116.3176846357333,1.0,1.2679404587533132e-06
247,2020-11-10,BUY,0.0013513262114290825,115.96760635201578,1.0,1.3338802870403588e-06
248,2020-11-11,BUY,22.33136909509074,119.4977088057101,1.3342737206789936,0.025182028433726328
249,2020-11-12,SELL,3.1166595177687704,119.21826439730684,1.0,0.0036548640330814784
250,2020-11-13,BUY,0.4325726788278388,119.26755229507496,1.0,0.000570815685163983
251,2020-11-16,SELL,0.061392606552594486,120.30662000107644,1.0,7.734710634806642e-05
252,2020-11-17,BUY,0.007454559196103716,119.39661324597151,1.0,1.0327599248900696e-05
253,2020-11-18,SELL,0.0022063297971381957,118.02472586097828,1.0,2.980665725914682e-06
254,2020-11-19,SELL,0.0008633628922574133,118.64003927562261,1.0,1.189796000918815e-06
255,2020-11-20,SELL,0.001047769987094327,117.33983989503065,1.0,1.4330285158513239e-06
256,2020-11-23,SELL,0.0010238211271165198,113.84944382108044,1.0,1.0304221938027613e-06
257,2020-11-24,SELL,0.0010312730710619888,115.16096699912855,1.0,1.112915545079497e-06
258,2020-11-25,SELL,0.0010287038280214489,116.0283483137096,1.0,1.3646489946107435e-06
259,2020-11-27,SELL,0.0010280076241961922,116.59384953497363,1.0,1.7540723274071414e-06
260,2020-11-30,SELL,0.0010274233003055855,119.05522683888094,1.0,9.397769634321718e-07
261,2020-12-01,SELL,0.0010245507711310609,122.71640065976419,1.0,1.1105662797024925e-06
262,2020-12-02,SELL,0.001020571228963263,123.08108374030614,1.0,1.331449784600827e-06
263,2020-12-03,SELL,0.0010207068388758955,122.93988220033344,1.0,1.412096502089333e-06
264,2020-12-04,SELL,0.0010208555980959488,122.25293043155487,1.0,1.4107419981163364e-06
265,2020-12-07,SELL,0.0010216528797286628,123.75679760889778,1.0,1.3585121628019033e-06
266,2020-12-08,SELL,0.0010197455627380947,124.37212754197135,1.0,1.4004901369366507e-06
267,2020-12-09,SELL,0.0010192886232527343,121.77765501846027,1.0,1.1580978964548122e-06
268,2020-12-10,SELL,0.0010224420132924905,123.2408540799574,1.0,1.3973708425505727e-06
269,2020-12-11,SELL,0.001020247357459425,122.41461716743152,1.0,1.3394447835503304e-06
270,2020-12-14,SELL,0.001021547117254329,121.7778882703904,1.0,1.3989417946453576e-06
271,2020-12-15,SELL,0.0010221206768523672,127.87102159403385,1.0,1.041192338505947e-06
272,2020-12-16,SELL,0.0010147690449979763,127.8026999056397,1.0,1.3086638881349026e-06
273,2020-12-17,SELL,0.0010159473478896786,128.70058222181797,1.0,1.3460268104456759e-06
274,2020-12-18,SELL,0.0010147067090020556,126.67105637556763,1.0,9.26302048692214e-07
275,2020-12-21,SELL,0.0010172970881665577,128.22641589436708,1.0,1.1846163116543423e-06
276,2020-12-22,SELL,0.0010150670150821384,131.87805542649855,1.0,1.0286531780725725e-06
277,2020-12-23,SELL,0.0010110738900799277,130.94987602574892,1.0,1.409583304086471e-06
278,2020-12-24,SELL,0.0010127841172149488,131.96993823835695,1.0,1.8033539872524387e-06
279,2020-12-28,SELL,0.001011316704580878,136.7002279389524,1.0,1.2390586350782554e-06
280,2020-12-29,SELL,0.0010059584198085503,134.86460740248626,1.0,1.2330948339817926e-06
281,2020-12-30,SELL,0.0010089690322949707,133.72426248563286,1.0,1.3738133370419972e-06
282,2020-12-31,SELL,0.0010098381724752414,132.69534402071446,1.0,1.3459531384309972e-06
283,2021-01-04,SELL,0.0010109154124489095,129.4159542287666,1.0,1.0928814516667042e-06
284,2021-01-05,SELL,0.0010146184959651805,130.9999722071198,1.0,1.344932031759418e-06
285,2021-01-06,SELL,0.0010121829439082575,126.61075768423242,1.0,1.029051430605877e-06
286,2021-01-07,SELL,0.0010177415193393102,130.90980538222217,1.0,1.2727512332696783e-06
287,2021-01-08,SELL,0.0010118124892226632,132.04929946062455,1.0,1.3028974595095973e-06
288,2021-01-11,SELL,0.0010113726516927102,128.98310391083783,1.0,1.3004559443366852e-06
289,2021-01-12,SELL,0.0010150604495997584,128.8009300521305,1.0,1.3634141836529475e-06
290,2021-01-13,SELL,0.0010147210500210946,130.87923183392425,1.0,1.4106058671548464e-06
291,2021-01-14,SELL,0.0010123102811068208,128.91355884336102,1.0,1.3738902445240164e-06
292,2021-01-15,SELL,0.0010150014555474485,127.13511515540027,1.0,1.221515093274041e-06
293,2021-01-19,SELL,0.0010167036636890003,127.82117986961848,1.0,1.3641175567538474e-06
294,2021-01-20,SELL,0.0010156367909495145,132.0288290094597,1.0,1.3128654467689515e-06
295,2021-01-21,SELL,0.0010108074189059124,136.88350453798589,1.0,1.2602851678194128e-06
296,2021-01-22,SELL,0.0010058234310967862,139.06111812398166,1.0,1.3073677082036175e-06
297,2021-01-25,SELL,0.0010040630018863794,142.92569173072317,1.0,1.1430719431795954e-06
298,2021-01-26,SELL,0.0009998191748046281,143.16863030954607,1.0,1.4430728249507027e-06
299,2021-01-27,SELL,0.0010002436864571251,142.0565688180512,1.0,1.19727710034647e-06
300,2021-01-28,SELL,0.0010014712094488232,137.10454026923065,1.0,1.1497270150236562e-06
301,2021-01-29,SELL,0.0010070568566415972,131.95891033122356,1.0,9.973811284430913e-07
302,2021-02-01,SELL,0.001012211974869004,134.13882946629116,1.0,1.3172800126026402e-06
303,2021-02-02,SELL,0.0010088420932650166,134.98668927965952,1.0,1.4920139791158786e-06
304,2021-02-03,SELL,0.0010083712762458674,133.93521040059912,1.0,1.4245472365165248e-06
305,2021-02-04,SELL,0.0010096831738604095,137.39564061481056,1.0,1.511962377311473e-06
306,2021-02-05,SELL,0.0010053994478926853,136.76954474170117,1.0,1.5804938651316501e-06
307,2021-02-08,SELL,0.0010068213166185558,136.91884177255037,1.0,1.6325789585403483e-06
308,2021-02-09,SELL,0.0010064188367593374,136.01408723713237,1.0,1.5622481015208087e-06
309,2021-02-10,SELL,0.0010075461008316466,135.38850614531728,1.0,1.5960325768161076e-06
310,2021-02-11,SELL,0.0010081028962893868,135.12793542527132,1.0,1.699051541906096e-06
311,2021-02-12,SELL,0.0010083215371814447,135.36822266479044,1.0,1.75998894401446e-06
312,2021-02-16,SELL,0.0010080042176614512,133.19262729112472,1.0,1.4956638411025665e-06
313,2021-02-17,SELL,0.0010106143480488328,130.83517155031043,1.0,1.3350690631930818e-06
314,2021-02-18,SELL,0.0010129896845612052,129.7147898842742,1.0,1.335134955054272e-06
315,2021-02-19,SELL,0.0010139517565281864,129.87841790077425,1.0,1.4064588534120728e-06
316,2021-02-22,SELL,0.0010136124039501482,126.008053836872,1.0,1.2529215407029631e-06
317,2021-02-23,SELL,0.00101824338571177,125.86777089061259,1.0,1.0187303428768994e-06
318,2021-02-24,SELL,0.0010177289403863199,125.35377162347771,1.0,1.2106702450077369e-06
319,2021-02-25,SELL,0.0010184151775209926,120.98144132393662,1.0,1.0120841452040369e-06
320,2021-02-26,SELL,0.0010235127468316563,121.25535396346409,1.0,9.674491238509103e-07
321,2021-03-01,SELL,16.71285798081932,127.7826169226952,1.067806364523222,0.019802220004831818
322,2021-03-02,SELL,2.491739507338286,125.12279236858755,1.0,0.003083045059044094
323,2021-03-03,SELL,0.36277820291958385,122.06108485708326,1.0,0.00041661969528008764
324,2021-03-04,SELL,0.050523757154932625,120.13697465854654,1.0,4.547472694735124e-05
325,2021-03-05,SELL,0.0059181464813953255,121.41485781379717,1.0,5.794594326638952e-06
326,2021-03-08,BUY,0.0003285467551119581,116.35777767695448,1.0,3.076793558428388e-07
327,2021-03-09,BUY,0.001211966127037556,121.08373577589207,1.0,1.289419903278098e-06
328,2021-03-10,BUY,0.0013386463411855232,119.99511690013928,1.0,1.5181903263007746e-06
329,2021-03-11,BUY,0.0013548509313192625,121.96198040531735,1.0,1.6279355214482248e-06
330,2021-03-12,BUY,0.0013602315261795894,121.02262659408649,1.0,1.753777052723943e-06
331,2021-03-15,BUY,0.00135950601196555,123.98406453083503,1.0,1.7516976454446124e-06
332,2021-03-16,BUY,0.0013641033339979458,125.57762316894001,1.0,1.595793134209628e-06
333,2021-03-17,BUY,0.0013673062501418087,124.76086016447908,1.0,1.6123587855291272e-06
334,2021-03-18,BUY,0.0013664721267385715,120.52868735270994,1.0,1.4943529560381411e-06
335,2021-03-19,BUY,0.001359599748971263,119.9948636825597,1.0,1.1976795216617129e-06
336,2021-03-22,BUY,0.00135778557992694,123.39001907685599,1.0,1.583682941208478e-06
337,2021-03-23,BUY,0.001362912772757241,122.53346691190048,1.0,1.7091940729208245e-06
338,2021-03-24,BUY,0.0013622885243496086,120.09646123878001,1.0,1.73879455722656e-06
339,2021-03-25,BUY,0.00135832377548617,120.58911902736446,1.0,1.6475188867162545e-06
340,2021-03-26,BUY,0.0013585491146734796,121.20454621838097,1.0,1.6977015964084979e-06
341,2021-03-29,BUY,0.0013595568343109932,121.38456160234531,1.0,1.8356873356511186e-06
342,2021-03-30,BUY,0.0013599851095555948,119.91452108867733,1.0,1.7619029877441432e-06
343,2021-03-31,BUY,0.0013577120101491147,122.14999453971812,1.0,1.5246179210111985e-06
344,2021-04-01,BUY,0.0013609368468383565,122.99670842677425,1.0,1.9316921000633083e-06
345,2021-04-05,BUY,0.001362741832084069,125.90797513108772,1.0,1.8223004017138283e-06
346,2021-04-06,BUY,0.001367632183427503,126.22187626648544,1.0,1.9279233198106548e-06
347,2021-04-07,BUY,0.0013688520951244953,127.89323421236689,1.0,1.916208133895627e-06
348,2021-04-08,BUY,0.0013717025306956288,130.36295714651052,1.0,1.8971166567736001e-06
349,2021-04-09,BUY,0.0013760827130031572,133.00127165660774,1.0,1.7719072328256461e-06
350,2021-04-12,BUY,0.0013809873529844197,131.2379869249224,1.0,1.8955015934457075e-06
351,2021-04-13,BUY,0.0013789062770843685,134.42026471486173,1.0,1.940167148331878e-06
352,2021-04-14,BUY,0.0013837098185440766,132.03333334770704,1.0,1.956180800425114e-06
353,2021-04-15,BUY,0.0013806080480520677,134.4908152806215,1.0,1.9643469564888863e-06
354,2021-04-16,BUY,0.0013840905525093206,134.1596414600807,1.0,2.0149793042541917e-06
355,2021-04-19,BUY,0.0013841022145957282,134.8352772075989,1.0,1.9221788556406314e-06
356,2021-04-20,BUY,22.452792156684644,133.11175331938932,1.494365265446063,0.03069374283115699
357,2021-04-21,SELL,3.4906089023513323,133.5055589290647,1.0,0.005616326769682259
358,2021-04-22,BUY,0.5428313830502836,131.94237473818524,1.0,0.0007788349944526187
359,2021-04-23,SELL,0.08477509897770119,134.31201333668326,1.0,0.0001283022575088166
360,2021-04-26,BUY,0.012124359255146544,134.71491069737954,1.0,1.9968233353674416e-05
361,2021-04-27,SELL,0.0030739935461774337,134.38064408664073,1.0,5.0840564717494026e-06
362,2021-04-28,SELL,0.0006851290397769105,133.58394950936358,1.0,8.816444676800125e-07
363,2021-04-29,SELL,0.0010605023555410042,133.4845909919553,1.0,1.1516105639101469e-06
364,2021-04-30,SELL,0.0010020904399734576,131.46071772224875,1.0,1.2569545353925595e-06
365,2021-05-03,SELL,0.001013559782022,132.5476371290219,1.0,1.5498687256327996e-06
366,2021-05-04,SELL,0.0010105136951850113,127.84283440830082,1.0,1.1014413149167492e-06
367,2021-05-05,SELL,0.0010165348569177723,128.09563613178028,1.0,1.4207246083031494e-06
368,2021-05-06,SELL,0.0010153362974847369,129.7456070243226,1.0,1.4903675296723654e-06
369,2021-05-07,SELL,0.0010135599036722454,130.20933895379358,1.0,1.485068896820124e-06
370,2021-05-10,SELL,0.0010132802781370742,126.85174799101681,1.0,1.3696335608385088e-06
371,2021-05-11,SELL,0.0010172942821782271,125.91570986616553,1.0,1.1404897240540222e-06
372,2021-05-12,SELL,0.0010178114637326985,122.76849550298546,1.0,1.1797972935128852e-06
373,2021-05-13,SELL,0.0010214747510186584,124.96979072016534,1.0,1.240679959103763e-06
374,2021-05-14,SELL,0.001018324913319546,127.44370009721983,1.0,1.4338720578827592e-06
375,2021-05-17,SELL,0.0010158436050797803,126.27833528444769,1.0,1.4887375940105464e-06
376,2021-05-18,SELL,0.0010175946797481572,124.85074515771419,1.0,1.5962887198771726e-06
377,2021-05-19,SELL,0.0010190323584673422,124.69025209123437,1.0,1.3203295992057324e-06
378,2021-05-20,SELL,0.0010190137421588474,127.30495479264381,1.0,1.4797158812458675e-06
379,2021-05-21,SELL,0.0010159061703856054,125.43431670947686,1.0,1.4310044937749727e-06
380,2021-05-24,SELL,0.001018586385251652,127.10508292728281,1.0,1.6299148625069155e-06
381,2021-05-25,SELL,0.0010162073340627131,126.90291725039556,1.0,1.5196863792748214e-06
382,2021-05-26,SELL,0.0010168001463277676,126.85208276807174,1.0,1.7147926647008568e-06
383,2021-05-27,SELL,16.361296890240652,125.28418107647305,1.0249058411214225,0.02107197167795368
384,2021-05-28,SELL,2.391630599396459,124.60981174173814,1.0,0.0035290889600492403
385,2021-06-01,SELL,0.34672404979409066,124.27818155060835,1.0,0.0005239393641069938
386,2021-06-02,SELL,0.0491336110258338,125.06204632481422,1.0,7.980840755360357e-05
387,2021-06-03,SELL,0.006005672000719997,123.54433884943441,1.0,8.498042302954888e-06
388,2021-06-04,BUY,0.0003012124832473262,125.8956306302197,1.0,4.3737931220548544e-07
389,2021-06-07,BUY,0.0012116070127046186,125.90587727138943,1.0,1.8096622066979748e-06
390,2021-06-08,BUY,0.0013454158125814075,126.74063004295675,1.0,1.9768324995988444e-06
391,2021-06-09,BUY,0.0013663933825185381,127.13374274112608,1.0,2.303344554842612e-06
392,2021-06-10,BUY,0.0013701240340076026,126.11916500781744,1.0,2.048034383681233e-06
393,2021-06-11,BUY,0.0013690549775109417,127.34606373302942,1.0,2.3830480511841134e-06
394,2021-06-14,BUY,0.0013708583581095724,130.4724906701623,1.0,1.8168986304091572e-06
395,2021-06-15,BUY,0.0013761295304686172,129.64823002091575,1.0,2.2523000912894574e-06
396,2021-06-16,BUY,0.0013756082589875263,130.15004244087424,1.0,1.8684336246534598e-06
397,2021-06-17,BUY,0.0013763351795184064,131.7889630431455,1.0,1.8443228407714589e-06
398,2021-06-18,BUY,0.001379078793505073,130.452004859264,1.0,1.7235165807095926e-06
399,2021-06-21,BUY,0.0013773485708643562,132.30344229225838,1.0,2.0416483984816383e-06
400,2021-06-22,BUY,0.0013800618933998976,133.98326854534668,1.0,2.138163325772099e-06
401,2021-06-23,BUY,0.001383187149667009,133.7017814868732,1.0,2.383214242613989e-06
402,2021-06-24,BUY,0.0013832214493483264,133.4189867983727,1.0,2.226337419028334e-06
403,2021-06-25,BUY,0.0013827701770363632,133.11790907004243,1.0,2.187834976132434e-06
404,2021-06-28,BUY,0.0013822139050123639,134.77738601193977,1.0,2.3637495557765155e-06
405,2021-06-29,BUY,21.901621935019847,136.33671179394673,1.4929975587873914,0.037163371784565684
406,2021-06-30,SELL,3.487414148599383,136.96843261591226,1.0,0.006005500077797521
407,2021-07-01,BUY,0.5564308433227225,137.27271727901828,1.0,0.0010543106548215728
408,2021-07-02,SELL,0.09033200131679386,139.9655232900733,1.0,0.00014229640495227972
409,2021-07-06,BUY,0.013591765785316845,142.01959980371436,1.0,1.8558501517919252e-05
410,2021-07-07,SELL,0.003420652837077043,144.5719410034668,1.0,4.828108724750213e-06
411,2021-07-08,SELL,0.0005900548208055412,143.24424030731353,1.0,8.225907427271351e-07
412,2021-07-09,SELL,0.0010686740717984478,145.11693375910158,1.0,1.5516589691729752e-06
413,2021-07-12,SELL,0.0009863056913399504,144.50074811446208,1.0,1.6316056309080166e-06
414,2021-07-13,SELL,0.0010009684079061998,145.64861793476408,1.0,1.4518902257660897e-06
415,2021-07-14,SELL,0.0009971538271038582,149.14781896127917,1.0,1.3194305628527031e-06
416,2021-07-15,SELL,0.0009937292565149747,148.47439580510897,1.0,1.4275408780073812e-06
417,2021-07-16,SELL,0.0009951066797180275,146.39365561612917,1.0,1.5085498324478663e-06
418,2021-07-19,SELL,0.0009972849901602743,142.4512027327068,1.0,1.2891702980480311e-06
419,2021-07-20,SELL,0.0010015024238416714,146.15074721876368,1.0,1.491154639069491e-06
420,2021-07-21,SELL,0.0009964759967280301,145.40596515943926,1.0,1.6731402958539717e-06
421,2021-07-22,SELL,0.0009981998934209813,146.80609496244654,1.0,1.6663252042924997e-06
422,2021-07-23,SELL,0.0009962757970445324,148.55635753483867,1.0,1.7509446595575685e-06
423,2021-07-26,SELL,0.0009945699922067064,148.98802626738126,1.0,1.7410454757857571e-06
424,2021-07-27,SELL,0.0009943646377195137,146.77524394119277,1.0,1.4255258904952615e-06
425,2021-07-28,SELL,0.0009969688655262487,144.98720652665997,1.0,1.3254379843623516e-06
426,2021-07-29,SELL,0.0009986035867122212,145.64910169884357,1.0,1.931548631664204e-06
427,2021-07-30,SELL,0.000997555333496436,145.86219191498543,1.0,1.7336561080164556e-06
428,2021-08-02,SELL,0.000997485419007127,145.5285824994369,1.0,1.8305991128927406e-06
429,2021-08-03,SELL,0.000997885779723262,147.3593727300829,1.0,1.8268822081433068e-06
430,2021-08-04,SELL,0.0009956851298005276,146.95537739433664,1.0,1.9488766850760217e-06
431,2021-08-05,SELL,0.0009965332472461341,147.06783520944236,1.0,2.1515677008108257e-06
432,2021-08-06,SELL,0.0009962569339503347,146.14455567588766,1.0,1.9789821161053827e-06
433,2021-08-09,SELL,0.0009973781177627927,146.09370906935914,1.0,2.083493404643842e-06
434,2021-08-10,SELL,0.0009972460430356378,145.61445067691383,1.0,1.7478509746610957e-06
435,2021-08-11,SELL,0.000997826483926545,145.86240548774072,1.0,2.090020592252027e-06
436,2021-08-12,SELL,0.0009974390012468248,148.88536736834925,1.0,1.7288869435522647e-06
437,2021-08-13,SELL,0.000993985191536595,149.09547947291023,1.0,1.9232551782879833e-06
438,2021-08-16,SELL,0.0009943416661073456,151.1238251429884,1.0,1.476627123280167e-06
439,2021-08-17,SELL,0.000991925252199266,150.19255337437977,1.0,1.551269838477874e-06
440,2021-08-18,SELL,0.000993429871293472,146.36628290251537,1.0,1.5649584164498098e-06
441,2021-08-19,SELL,0.0009976032852190286,146.7045831937997,1.0,1.5694097853354244e-06
442,2021-08-20,SELL,0.0009964962540864875,148.18243994077054,1.0,1.8976280364149999e-06
443,2021-08-23,SELL,0.0009949667210680246,149.70788405367517,1.0,1.9208590169465272e-06
444,2021-08-24,SELL,0.0009934595495915133,149.61944796586548,1.0,2.1319899791456946e-06
445,2021-08-25,SELL,0.0009938255026362697,148.35365633405343,1.0,1.919591264247708e-06
446,2021-08-26,SELL,0.0009952300720774687,147.5305026630016,1.0,2.1061702814776676e-06
447,2021-08-27,SELL,0.0009959431466617374,148.59623200301957,1.0,1.9811170700000646e-06
448,2021-08-30,SELL,0.000994581320804322,153.13236161094355,1.0,1.5969279586533888e-06
449,2021-08-31,SELL,0.0009895510340953706,151.8372613361904,1.0,1.615926339938536e-06
450,2021-09-01,SELL,0.0009919462609460084,152.51902996359655,1.0,1.6881556441391694e-06
451,2021-09-02,SELL,0.0009907322711706357,153.65633469033529,1.0,1.8044677802367733e-06
452,2021-09-03,SELL,0.0009896330946146392,154.2985011083864,1.0,2.007327469581167e-06
453,2021-09-07,SELL,0.0009890883978158627,156.68975370388316,1.0,1.7085526565631615e-06
454,2021-09-08,SELL,0.000986425562023996,155.10224839953221,1.0,1.7735030527216127e-06
455,2021-09-09,SELL,0.0009887406246038566,154.06719876097844,1.0,2.012277195577016e-06
456,2021-09-10,SELL,0.0009895161167818856,148.96538869399896,1.0,1.2418224800425595e-06
457,2021-09-13,SELL,0.0009952697547701561,149.54745091621584,1.0,1.47080932095827e-06
458,2021-09-14,SELL,0.0009935929855506842,148.11062352189356,1.0,1.4076278659927104e-06
459,2021-09-15,SELL,0.000995552223410634,149.02486771703443,1.0,1.6257143753674136e-06
460,2021-09-16,SELL,0.0009941509931801207,148.78353951395957,1.0,1.7932403154652958e-06
461,2021-09-17,SELL,0.000994674819253305,146.0623322901498,1.0,1.2748617450781834e-06
462,2021-09-20,SELL,0.000997743498637682,142.94017244085234,1.0,1.2834323756667417e-06
463,2021-09-21,SELL,0.0010008566730714819,143.43372104923085,1.0,1.648489918999117e-06
464,2021-09-22,SELL,0.0009997605769447304,145.85178966549674,1.0,1.6681833495441742e-06
465,2021-09-23,SELL,0.0009971220705828898,146.83730136976652,1.0,1.8182933631287964e-06
466,2021-09-24,SELL,0.0009964241827171705,146.92817648119592,1.0,2.0019644668555695e-06
467,2021-09-27,SELL,0.0009964381041944748,145.38103913048292,1.0,1.6822686080087569e-06
468,2021-09-28,SELL,0.0009982353187378834,141.9049585462251,1.0,1.3569636236103958e-06
469,2021-09-29,SELL,0.0010019809220693787,142.8294705645829,1.0,1.6569022582272773e-06
470,2021-09-30,SELL,0.0010002791002809985,141.49444830282363,1.0,1.4997635112636813e-06
471,2021-10-01,SELL,0.0010021217056932485,142.64994222307416,1.0,1.4694377778034376e-06
472,2021-10-04,SELL,15.756161967930312,139.14457697403932,1.0961922458810551,0.02210990990048947
473,2021-10-05,SELL,2.5579783165267953,141.10220956045393,1.0,0.004013803646601182
474,2021-10-06,SELL,0.42016812094946054,141.99584520561658,1.0,0.0006539991788220792
475,2021-10-07,SELL,0.06847864340076981,143.29327802948114,1.0,0.00012488720900932578
476,2021-10-08,SELL,0.010287217267213933,142.90100973662803,1.0,1.917511804842232e-05
477,2021-10-11,SELL,0.0005487124910281693,142.8092160937491,1.0,9.760605003801106e-07
478,2021-10-12,BUY,0.0010758657657170545,141.50479455204578,1.0,1.7813780347331303e-06
479,2021-10-13,BUY,0.0013450559453822564,140.90352636372393,1.0,2.135487156114356e-06
480,2021-10-14,BUY,0.0013885778350708478,143.76292495741012,1.0,2.387543488593222e-06
481,2021-10-15,BUY,0.0014003713363575088,144.85021792258826,1.0,2.4608959751557185e-06
482,2021-10-18,BUY,0.0014041279321208577,146.5558225908783,1.0,2.224311672774744e-06
483,2021-10-19,BUY,0.0014075587801940515,148.75490627266063,1.0,2.3957758900445713e-06
484,2021-10-20,BUY,0.0014117590446964812,149.25853468784146,1.0,2.7568796198695442e-06
485,2021-10-21,BUY,0.0014133183912861114,149.4785895421424,1.0,2.6955975652366996e-06
486,2021-10-22,BUY,0.0014139531362911129,148.68585095147222,1.0,2.7396961730329976e-06
487,2021-10-25,BUY,0.0014127554286886834,148.63505118069213,1.0,2.9484252730123884e-06
488,2021-10-26,BUY,0.0014124637690091646,149.3196343720356,1.0,2.7027357007643785e-06
489,2021-10-27,BUY,0.0014135419219485357,148.84486202761627,1.0,2.8091500908946317e-06
490,2021-10-28,BUY,0.0014129464370942202,152.5799922838812,1.0,2.155012936720534e-06
491,2021-10-29,BUY,0.0014190036520442817,149.797983054492,1.0,1.9015684270760856e-06
492,2021-11-01,BUY,0.0014154742331147219,148.95566859530368,1.0,2.4412864623651704e-06
493,2021-11-02,BUY,0.0014134652711668139,150.02160473219726,1.0,2.550501722010168e-06
494,2021-11-03,BUY,0.0014148747377475956,151.49937784899632,1.0,2.9032120728954427e-06
495,2021-11-04,BUY,0.001417562321135435,150.96328329396738,1.0,2.753650357537456e-06
496,2021-11-05,BUY,21.818681021173433,151.28757015731082,1.6504476178653809,0.04079674303194132
497,2021-11-08,SELL,3.855193426264351,150.4432050183476,1.0,0.007818963354439098
498,2021-11-09,BUY,0.6758754050695179,150.81354746860686,1.0,0.0013526119476193978
499,2021-11-10,SELL,0.1201556612064012,147.91554336871866,1.0,0.00022012626819061141
500,2021-11-11,BUY,0.019579664036234234,147.86514568123053,1.0,4.521396658494315e-05
501,2021-11-12,SELL,0.00454696395830112,149.99332042671264,1.0,8.53815461559374e-06
502,2021-11-15,SELL,0.0003711974938926943,150.0025493045497,1.0,7.2352502201788e-07
503,2021-11-16,SELL,0.0011023417709932204,151.0058149998259,1.0,2.1624066250874113e-06
504,2021-11-17,SELL,0.0009730244995909132,153.49326519261587,1.0,1.584838062867354e-06
505,2021-11-18,SELL,0.0009929945455233735,157.87432835222396,1.0,1.3353234312670493e-06
506,2021-11-19,SELL,0.0009843379736169666,160.55150368754022,1.0,1.4591342124179885e-06
507,2021-11-22,SELL,0.000982857092179934,161.02159116258952,1.0,1.4601951528103376e-06
508,2021-11-23,SELL,0.0009825952916084901,161.40433176681952,1.0,1.6182852069705328e-06
509,2021-11-24,SELL,0.0009822054892927312,161.9357618077991,1.0,1.908363935908259e-06
510,2021-11-26,SELL,0.0009816696128881475,156.80945046346332,1.0,1.7546916256811912e-06
511,2021-11-29,SELL,0.0009876453679371622,160.250542915712,1.0,1.6800264317099759e-06
512,2021-11-30,SELL,0.0009825842094075554,165.30299084350796,1.0,1.231154656356375e-06
513,2021-12-01,SELL,0.000977735777256683,164.7719384242874,1.0,1.3048962560179948e-06
514,2021-12-02,SELL,0.0009792774705861262,163.75959353287303,1.0,1.3713942547838329e-06
515,2021-12-03,SELL,0.0009801381955423238,161.83559370575438,1.0,1.4600704927675117e-06
516,2021-12-06,SELL,0.0009821750096392634,165.32368236119865,1.0,1.5661077033980005e-06
517,2021-12-07,SELL,0.0009777910149111335,171.18036740101957,1.0,1.5253627731834284e-06
518,2021-12-08,SELL,0.0009719521722226787,175.08049655298186,1.0,1.573213849680545e-06
519,2021-12-09,SELL,0.0009686938419397606,174.5606089238904,1.0,1.6201952597453261e-06
520,2021-12-10,SELL,0.000969947660773407,179.4527381150085,1.0,1.6202659455709097e-06
521,2021-12-13,SELL,0.0009641530126556219,175.74370645106973,1.0,1.3688012345228704e-06
522,2021-12-14,SELL,0.0009695413831476429,174.32842338365217,1.0,1.4316275619479795e-06
523,2021-12-15,SELL,0.0009700377399362026,179.3010265864126,1.0,1.5192426225186832e-06
524,2021-12-16,SELL,0.0009643059353017236,172.26588362000618,1.0,1.3554892377516399e-06
525,2021-12-17,SELL,0.0009734249012858243,171.139330118445,1.0,1.1901617178441194e-06
526,2021-12-20,SELL,0.0009728712652261606,169.74577211374435,1.0,1.5927503611097838e-06
527,2021-12-21,SELL,0.0009745644934717745,172.99787079486745,1.0,1.7655618584017532e-06
528,2021-12-22,SELL,0.0009705292348778372,175.64236677361865,1.0,1.7759075265343238e-06
529,2021-12-23,SELL,0.0009683480958173618,176.2836929420621,1.0,2.064658688357618e-06
530,2021-12-27,SELL,0.0009680703546601777,180.33735702126086,1.0,2.0169258424190133e-06
531,2021-12-28,SELL,0.000963546596356224,179.29130075780023,1.0,1.9418564900926103e-06
532,2021-12-29,SELL,0.000965675505189445,179.38211451722202,1.0,2.1937662428179575e-06
533,2021-12-30,SELL,0.0009651275658022485,178.19981476584118,1.0,2.2245069890115365e-06
534,2021-12-31,SELL,0.0009665743209188449,177.56989702168227,1.0,2.14436169056421e-06
535,2022-01-03,SELL,0.0009669841165580451,182.0098193392158,1.0,1.7200221616688658e-06
536,2022-01-04,SELL,0.0009618873916990012,179.7052104599773,1.0,1.7345351138116713e-06
537,2022-01-05,SELL,0.0009655580082679194,174.92194724992422,1.0,1.737064380640183e-06
538,2022-01-06,SELL,0.0009701793776564216,172.0016756883945,1.0,1.6951555461412842e-06
539,2022-01-07,SELL,0.0009725430172382588,172.17475210073053,1.0,1.798213142890646e-06
540,2022-01-10,SELL,0.0009718719436042633,172.19491956561325,1.0,1.6196068313541377e-06
541,2022-01-11,SELL,0.0009719839402313468,175.0808844080884,1.0,1.9502542044657e-06
542,2022-01-12,SELL,0.0009686869091689587,175.53165911644643,1.0,1.9659300171852046e-06
543,2022-01-13,SELL,0.0009688510226357749,172.19512623569972,1.0,1.8148050463976907e-06
544,2022-01-14,SELL,0.000972590941828777,173.079388763784,1.0,1.8768631024419798e-06
545,2022-01-18,SELL,0.0009708352373891671,169.79678814599026,1.0,1.7264241577465987e-06
546,2022-01-19,SELL,0.0009749101182574549,166.23649090029758,1.0,1.6643627201240607e-06
547,2022-01-20,SELL,0.0009781542354296846,164.5118448421211,1.0,1.6829768378330952e-06
548,2022-01-21,SELL,0.0009794939671703418,162.4053682795685,1.0,1.4352008011393124e-06
549,2022-01-24,SELL,0.0009816452338045067,161.61152141661768,1.0,1.2437147258344564e-06
550,2022-01-25,SELL,0.0009821470717659153,159.78838257208065,1.0,1.458365810600407e-06
551,2022-01-26,SELL,0.0009841426249845853,159.6988925901494,1.0,1.5103968122257403e-06
552,2022-01-27,SELL,0.0009838732083995438,159.2276980310514,1.0,1.418582700906918e-06
553,2022-01-28,SELL,0.0009844646075913843,170.32639616912275,1.0,1.2500293429140104e-06
554,2022-01-31,SELL,0.000971600004921136,174.77932446355803,1.0,1.5798081688524223e-06
555,2022-02-01,SELL,15.145072122871081,174.60965678707078,1.3222379226949765,0.02848041127678484
556,2022-02-02,SELL,3.0854587306670123,175.84390981740333,1.0,0.005887786552988687
557,2022-02-03,SELL,0.6321835897759893,172.9063128104612,1.0,0.001155944065923837
558,2022-02-04,SELL,0.12643287527213687,172.39269415314814,1.0,0.0002400149017227894
559,2022-02-07,SELL,0.024276122455487936,171.66209853702472,1.0,4.7412861725792745e-05
560,2022-02-08,SELL,0.003697304213151398,174.8286566340697,1.0,7.472349644290964e-06
561,2022-02-09,BUY,0.0004127775503857123,176.2808782805744,1.0,8.61820739242633e-07
562,2022-02-10,BUY,0.0012522811671544787,172.12635616180162,1.0,2.2612272248283797e-06
563,2022-02-11,BUY,0.0014189607379684332,168.6376215071677,1.0,2.40894231239031e-06
564,2022-02-14,BUY,0.0014466728854198863,168.8795993565562,1.0,2.6316351466025095e-06
565,2022-02-15,BUY,0.0014525368697739793,172.79841613308477,1.0,3.1304172370963494e-06
566,2022-02-16,BUY,0.0014603376575479388,172.55457825409238,1.0,3.2216526914104857e-06
567,2022-02-17,BUY,0.0014614955164926613,168.87980468417953,1.0,2.9586843188434278e-06
568,2022-02-18,BUY,0.0014554593520603731,167.29739022423644,1.0,2.6763381234506406e-06
569,2022-02-22,BUY,0.001451580834586963,164.32284473924673,1.0,2.4981924724067027e-06
570,2022-02-23,BUY,0.0014457830551677375,160.07711271708024,1.0,2.439406814386349e-06
571,2022-02-24,BUY,0.0014375053134987326,162.74128086387915,1.0,1.9690959415995607e-06
572,2022-02-25,BUY,0.0014404291251537416,164.85431710776433,1.0,2.476022755663346e-06
573,2022-02-28,BUY,0.0014445375824525541,165.1235857000154,1.0,2.446483548401448e-06
574,2022-03-01,BUY,0.0014457822767663941,163.20000508138497,1.0,2.582507519537583e-06
575,2022-03-02,BUY,0.001442775733984547,166.56575032291144,1.0,2.691430005942015e-06
576,2022-03-03,BUY,0.0014478715787102914,166.23450089029743,1.0,2.7485877701894924e-06
577,2022-03-04,BUY,0.001448302544922342,163.17053117607455,1.0,2.5812110029902406e-06
578,2022-03-07,BUY,0.0014432060395801471,159.30473313851456,1.0,2.34137852741948e-06
579,2022-03-08,BUY,0.0014357225238477156,157.44178454532357,1.0,1.973810369382844e-06
580,2022-03-09,BUY,0.0014312086109526945,162.9499366906185,1.0,2.438647871301902e-06
581,2022-03-10,BUY,0.0014395815156404979,158.52217858021956,1.0,2.2234185058706527e-06
582,2022-03-11,BUY,0.001433733429269779,154.72871764729786,1.0,2.2527655763235483e-06
583,2022-03-14,BUY,0.0014263023030718358,150.62109625344425,1.0,2.060223394671764e-06
584,2022-03-15,BUY,0.0014181209796433336,155.0884909162131,1.0,2.2810260305058413e-06
585,2022-03-16,BUY,0.0014240779458489783,159.5953228906086,1.0,2.247043488920633e-06
586,2022-03-17,BUY,0.0014326484819306984,160.61789279997467,1.0,2.6462051900348873e-06
587,2022-03-18,BUY,0.0014359553232896616,163.98217104665082,1.0,2.118749524701495e-06
588,2022-03-21,BUY,0.0014422147063601898,165.3847459865061,1.0,2.436758275222059e-06
589,2022-03-22,BUY,0.0014457742076174895,168.81867766373165,1.0,2.7030376343334266e-06
590,2022-03-23,BUY,0.0014522568863739593,170.21174189432853,1.0,2.496184662392194e-06
591,2022-03-24,BUY,0.0014558960503485707,174.06733265216738,1.0,2.6693465902972775e-06
592,2022-03-25,BUY,0.0014631718090338808,174.71883238881605,1.0,2.8484447256160306e-06
593,2022-03-28,BUY,0.0014657629860934662,175.6007974377779,1.0,2.7075028438297854e-06
594,2022-03-29,BUY,0.001467800553596632,178.96233583952073,1.0,2.619076377219551e-06
595,2022-03-30,BUY,0.0014739779605239534,177.77242421677624,1.0,2.7224985018606614e-06
596,2022-03-31,BUY,0.0014732210802748114,174.60783947975244,1.0,2.5339899828704658e-06
597,2022-04-01,BUY,0.0014676217179268036,174.3083036040047,1.0,2.882692854923357e-06
598,2022-04-04,BUY,0.001465967249481892,178.4433110404947,1.0,2.9899117954129684e-06
599,2022-04-05,BUY,0.0014727067673359073,175.06037329527746,1.0,3.009163266225804e-06
600,2022-04-06,BUY,22.77626792755504,171.83370467760582,1.956865248360759,0.041471327599633415
601,2022-04-07,SELL,4.570938186649488,172.14479635677586,1.0,0.008932611170740259
602,2022-04-08,BUY,0.9173695151849843,170.09002234046764,1.0,0.001783089895225719
603,2022-04-11,SELL,0.18331369342123072,165.75388833312977,1.0,0.00035747403180827453
604,2022-04-12,BUY,0.0343022340123218,167.65818676595893,1.0,6.45953220099297e-05
605,2022-04-13,SELL,0.00788077060859127,170.4020808448662,1.0,1.5980040123191857e-05
606,2022-04-14,BUY,0.0004002805217595551,165.29350252167202,1.0,7.623125232736139e-07
607,2022-04-18,SELL,0.0012445755333416741,165.07306879199845,1.0,2.4728192965513168e-06
608,2022-04-19,SELL,0.0009275147194562905,167.39920587176022,1.0,1.8866796453308562e-06
609,2022-04-20,SELL,0.0009860926249736224,167.2264460927406,1.0,2.000724053006175e-06
610,2022-04-21,SELL,0.000974844677105402,166.42543070357328,1.0,1.7370930660802107e-06
611,2022-04-22,SELL,0.0009779519257868685,161.78846820918668,1.0,1.7173209655447953e-06
612,2022-04-25,SELL,0.0009826418320662,162.88079292068414,1.0,1.633127912013733e-06
613,2022-04-26,SELL,0.0009805031057403824,156.8007888198529,1.0,1.572211788897735e-06
614,2022-04-27,SELL,0.000987868810939041,156.5691593612183,1.0,1.6481762765781437e-06
615,2022-04-28,SELL,0.0009867877037370576,163.64271760996945,1.0,1.4150869003013944e-06
616,2022-04-29,SELL,0.0009788371473318236,157.65315358648738,1.0,1.3444294423146703e-06
617,2022-05-02,SELL,0.0009871998052721764,157.96314613341818,1.0,1.4057458862572604e-06
618,2022-05-03,SELL,0.0009853035503084584,159.48568586292893,1.0,1.6659955607551788e-06
619,2022-05-04,SELL,15.12969424588963,166.02486026882633,1.2559526865419457,0.024141936676002118
620,2022-05-05,SELL,2.930781303032928,156.7710876354452,1.0,0.0040215944679091046
621,2022-05-06,SELL,0.5351807305617822,157.28191560647633,1.0,0.0007811114894755986
622,2022-05-09,SELL,0.09709262323689849,152.06108528030623,1.0,0.00012870903261759582
623,2022-05-10,SELL,0.01606727798981389,154.51172914982806,1.0,2.3113164810895546e-05
624,2022-05-11,SELL,0.0017306782152388678,146.5034050735184,1.0,2.1225792179665227e-06
625,2022-05-12,BUY,0.0008713605923773571,142.56107508349035,1.0,9.192694967986287e-07
626,2022-05-13,BUY,0.0013123493438289557,147.11238407792717,1.0,1.808254791993545e-06
627,2022-05-16,BUY,0.0013927098855379683,145.54179462560828,1.0,2.1775845191807365e-06
628,2022-05-17,BUY,0.0014039568034611705,149.24054473242657,1.0,2.367305275611585e-06
629,2022-05-18,BUY,0.0014119294806569371,140.82011747230587,1.0,1.897952622869496e-06
630,2022-05-19,BUY,0.0013994398740724279,137.3506481468938,1.0,1.6476278681135096e-06
631,2022-05-20,BUY,0.0013917189692378429,137.5911313761403,1.0,1.6334416829370864e-06
632,2022-05-23,BUY,0.0013908717300168405,143.10928386282183,1.0,1.8344851663396297e-06
633,2022-05-24,BUY,0.0013996950334504987,140.3635280537491,1.0,1.9252617473373464e-06
634,2022-05-25,BUY,0.0013966826846072422,140.5208942114078,1.0,2.0408162269052175e-06
635,2022-05-26,BUY,0.0013964456757022958,143.78020047903254,1.0,2.109360256716616e-06
636,2022-05-27,BUY,0.0014017198802509512,149.64225360906482,1.0,2.199082521874284e-06
637,2022-05-31,BUY,0.0014121970859566346,148.8415379829457,1.0,2.063893385062468e-06
638,2022-06-01,BUY,0.0014127072886775949,148.71394812204065,1.0,2.437493731932646e-06
639,2022-06-02,BUY,0.0014125855260562759,151.21019347744732,1.0,2.511176777176577e-06
640,2022-06-03,BUY,0.0014166806155095912,145.38043650661518,1.0,2.1884129539609347e-06
641,2022-06-06,BUY,0.0014077625068757982,146.1406385992379,1.0,2.431328645529554e-06
642,2022-06-07,BUY,0.0014074982975529338,148.71402866595537,1.0,2.541871529870869e-06
643,2022-06-08,BUY,0.0014116813789435412,147.96334980510608,1.0,2.8437302513070403e-06
644,2022-06-09,BUY,0.0014111705084065562,142.64189372941692,1.0,2.414979381409515e-06
645,2022-06-10,BUY,0.0014023161510436921,137.13071121099858,1.0,2.009590153912596e-06
646,2022-06-13,BUY,0.001391820104521102,131.88136275259114,1.0,1.6604063541904204e-06
647,2022-06-14,BUY,0.0013816111576776535,132.7603527094655,1.0,1.9920109814159216e-06
648,2022-06-15,BUY,0.0013814571301065115,135.43003534785646,1.0,1.9555056936111533e-06
649,2022-06-16,BUY,0.0013857384699331732,130.0620417839728,1.0,1.734575435234718e-06
650,2022-06-17,BUY,0.001377731903474455,131.56166961243486,1.0,1.5627749856778776e-06
651,2022-06-21,BUY,0.0013789281172282841,135.87254418527718,1.0,2.0817313985455173e-06
652,2022-06-22,BUY,0.0013860509476568694,135.35003722461383,1.0,2.189561555550647e-06
653,2022-06-23,BUY,0.001386335283440232,138.27143978389927,1.0,2.25229421504169e-06
654,2022-06-24,BUY,0.0013911079857606978,141.66147061597258,1.0,2.087507803709935e-06
655,2022-06-27,BUY,0.0013973834036882238,141.6616606595898,1.0,2.3624885429019202e-06
656,2022-06-28,BUY,0.001398421461294319,137.44145537878663,1.0,2.3425752573812764e-06
657,2022-06-29,BUY,0.0013917039188715563,139.23144394428243,1.0,2.380733467852355e-06
658,2022-06-30,BUY,0.001393534150624376,136.7217233123526,1.0,1.9151867599513957e-06
659,2022-07-01,BUY,0.0013897489860177359,138.9310265380514,1.0,2.2905705639045073e-06
660,2022-07-05,BUY,0.0013927290445572282,141.5611654331689,1.0,2.300752976891989e-06
661,2022-07-06,BUY,0.0013974883984797515,142.9208890506591,1.0,2.320783072662722e-06
662,2022-07-07,BUY,0.0014004930586821729,146.35278445316504,1.0,2.518091568352454e-06
663,2022-07-08,BUY,0.0014066049871672703,147.04282122749987,1.0,2.5743634398152573e-06
664,2022-07-11,BUY,0.0014087822009383189,144.87234153040862,1.0,2.5651010779911346e-06
665,2022-07-12,BUY,0.0014055865034077186,145.8605067261893,1.0,2.3275068386983827e-06
666,2022-07-13,BUY,0.0014066674408912405,145.49121982605197,1.0,2.425644326176027e-06
667,2022-07-14,BUY,0.0014062450999112741,148.47037124947275,1.0,2.3618762160585104e-06
668,2022-07-15,BUY,0.0014110638443138868,150.1730991089871,1.0,2.426529811751153e-06
669,2022-07-18,BUY,0.0014147037251674988,147.07204758391543,1.0,2.3058070342791553e-06
670,2022-07-19,BUY,0.0014102206064343648,151.00104257079056,1.0,2.337595300738948e-06
671,2022-07-20,BUY,0.0014159188691600377,153.04288757587236,1.0,2.691411977208674e-06
672,2022-07-21,BUY,22.158652159546882,155.35239827770474,1.721199877793525,0.04266875875907144
673,2022-07-22,SELL,4.020459893624953,154.09107196428965,1.0,0.007586912126537052
674,2022-07-25,BUY,0.7220195582144937,152.95276600969112,1.0,0.0015080682232112546
675,2022-07-26,SELL,0.13008239429652058,151.60315116116007,1.0,0.00026557835606047845
676,2022-07-27,BUY,0.02185365501319758,156.7931328862157,1.0,3.8643620071765997e-05
677,2022-07-28,SELL,0.005167233714924002,157.35221551433494,1.0,9.013027524974902e-06
678,2022-07-29,SELL,0.00021820422948781726,162.5129104189084,1.0,3.514802041824968e-07
679,2022-08-01,SELL,0.001125944877601981,161.51173933320277,1.0,2.208040488110698e-06
680,2022-08-02,SELL,0.0009550552882338081,160.01210034848427,1.0,1.9744077772692386e-06
681,2022-08-03,SELL,0.000988946566630844,166.1326085051494,1.0,1.8087404384928003e-06
682,2022-08-04,SELL,0.0009755503252240061,165.81235656868628,1.0,2.171778042110816e-06
683,2022-08-05,SELL,0.00097851300407914,165.3523058947675,1.0,2.148775815186596e-06
684,2022-08-08,SELL,0.0009784650460229471,164.8719253877466,1.0,2.0763636261308417e-06
685,2022-08-09,SELL,0.0009790229942456818,164.92254415138663,1.0,2.0320324074039717e-06
686,2022-08-10,SELL,0.0009788577608613735,169.24220849077335,1.0,1.9776329115896827e-06
687,2022-08-11,SELL,0.0009739536651549585,168.49358449601465,1.0,2.170755949076591e-06
688,2022-08-12,SELL,0.0009757736707509679,172.10182149564685,1.0,2.035865668427037e-06
689,2022-08-15,SELL,0.0009713056982878499,173.19240617149097,1.0,2.287249745432281e-06
690,2022-08-16,SELL,0.0009709667670820821,173.03326693244819,1.0,2.23757198865459e-06
691,2022-08-17,SELL,0.0009712156663939098,174.55287722516303,1.0,1.9008133264484615e-06
692,2022-08-18,SELL,0.0009694425503763426,174.1528711291772,1.0,2.1391330058507156e-06
693,2022-08-19,SELL,0.0009702565195004453,171.52419621689222,1.0,1.984203313827142e-06
694,2022-08-22,SELL,0.000973068330760718,167.57126496830048,1.0,1.9625862945405304e-06
695,2022-08-23,SELL,0.000976995470687747,167.23206347737303,1.0,2.220335903065031e-06
696,2022-08-24,SELL,0.0009766141270173279,167.53201230874825,1.0,2.2297502432337437e-06
697,2022-08-25,SELL,0.00097634661779189,170.03294193392355,1.0,2.3196306300824304e-06
698,2022-08-26,SELL,0.0009735485532322841,163.6212261714374,1.0,1.792611206804494e-06
699,2022-08-29,SELL,0.0009813906024698227,161.38186538531585,1.0,1.8496869647694818e-06
700,2022-08-30,SELL,0.000982458207111847,158.91235653049853,1.0,1.7688085588230577e-06
701,2022-08-31,SELL,0.000985089271312134,157.222039323063,1.0,1.6510682837462943e-06
702,2022-09-01,SELL,0.000986544949722834,157.9619093760646,1.0,1.8087343565952652e-06
703,2022-09-02,SELL,0.0009854257277934764,155.8126320114381,1.0,1.750231030743673e-06
704,2022-09-06,SELL,0.0009881044783348614,154.53082480097132,1.0,1.7784246100499185e-06
705,2022-09-07,SELL,0.000989095755698166,155.96249281889394,1.0,1.649586200674998e-06
706,2022-09-08,SELL,0.000987263919584258,154.4617963270616,1.0,1.654759207848331e-06
707,2022-09-09,SELL,0.0009893269375167435,157.37122635815317,1.0,1.8868914600102055e-06
708,2022-09-12,SELL,0.0009855949109729423,163.43149205150303,1.0,1.5722673771991797e-06
709,2022-09-13,SELL,0.0009793080227060713,153.84035326526094,1.0,1.3603171524596468e-06
710,2022-09-14,SELL,0.000991471885287254,155.3109258072063,1.0,1.6418059334146382e-06
711,2022-09-15,SELL,0.0009875854321732547,152.3712736788103,1.0,1.5819554488567243e-06
712,2022-09-16,SELL,0.0009916790204202997,150.70092805382055,1.0,1.173147703689791e-06
713,2022-09-19,SELL,0.0009928845340603232,154.48209776835145,1.0,1.6992681565108298e-06
714,2022-09-20,SELL,15.26324841182211,156.89964417337814,1.197399122372384,0.023076900105520933
715,2022-09-21,SELL,2.794145828677136,153.72193183731687,1.0,0.00425918960071139
716,2022-09-22,SELL,0.5002302488650869,152.74218232742015,1.0,0.0008207929593969303
717,2022-09-23,SELL,0.0880247376579728,150.43174099347567,1.0,0.0001351252568520232
718,2022-09-26,SELL,0.014290242113780494,150.77122367659973,1.0,2.2300830102205883e-05
719,2022-09-27,SELL,0.0013477608190548551,151.76131366509233,1.0,2.225809636651056e-06
720,2022-09-28,BUY,0.000928574606003707,149.84068620233828,1.0,1.1487900465118942e-06
721,2022-09-29,BUY,0.0013297615651080008,142.48208622942357,1.0,1.673750940316153e-06
722,2022-09-30,BUY,0.0013885125528982911,138.20085003860592,1.0,1.716846570994432e-06
723,2022-10-03,BUY,0.0013913450017994933,142.4517607424669,1.0,1.8537592044803992e-06
724,2022-10-04,BUY,0.0013987061658848887,146.10191223737647,1.0,2.18050032806666e-06
725,2022-10-05,BUY,0.0014058900927302886,146.40092052819494,1.0,2.308798633609867e-06
726,2022-10-06,BUY,0.001407606033673403,145.43333036711002,1.0,2.4751691471090763e-06
727,2022-10-07,BUY,0.0014063093870202437,140.09296546089217,1.0,2.1253542967877494e-06
728,2022-10-10,BUY,0.0013973222926662032,140.42037421198134,1.0,2.2671678858431014e-06
729,2022-10-11,BUY,0.001396386631018487,138.98042864664865,1.0,2.211129005701907e-06
730,2022-10-12,BUY,0.0013938860643509798,138.3421113661054,1.0,2.2976618634440904e-06
731,2022-10-13,BUY,0.0013924417480613016,142.99085049648943,1.0,1.8711646544731857e-06
732,2022-10-14,BUY,0.00139976480838655,138.38145202770482,1.0,2.057862994009895e-06
733,2022-10-17,BUY,0.0013934554024732648,142.41143856586208,1.0,2.149233789154156e-06
734,2022-10-18,BUY,0.0013989915141188192,143.75092924769865,1.0,2.019781307787356e-06
735,2022-10-19,BUY,0.0014020993718979469,143.86277967275134,1.0,2.56669291276081e-06
736,2022-10-20,BUY,0.0014028039582640872,143.39256062752406,1.0,2.5041729728061732e-06
737,2022-10-21,BUY,0.0014021522774605444,147.27027705375775,1.0,2.2196043739421734e-06
738,2022-10-24,BUY,0.0014083901950101563,149.4520544136192,1.0,2.414708860461553e-06
739,2022-10-25,BUY,0.001413049578252057,152.34103489502152,1.0,2.490090509239482e-06
740,2022-10-26,BUY,0.001418627860386934,149.35262415507393,1.0,2.2530029354541804e-06
741,2022-10-27,BUY,0.0014146709965814352,144.8036952965596,1.0,1.9604650151310618e-06
742,2022-10-28,BUY,0.0014064690261399448,155.7421511597283,1.0,1.7064907657777208e-06
743,2022-10-31,BUY,0.0014230416620115705,153.34095421163383,1.0,2.204876708867864e-06
744,2022-11-01,BUY,0.0014220658296490996,150.65380008626045,1.0,2.389586292412378e-06
745,2022-11-02,BUY,0.0014174303868674798,145.03078884378195,1.0,2.1247547578292673e-06
746,2022-11-03,BUY,0.0014073112142707345,138.88094476271237,1.0,1.975131485710312e-06
747,2022-11-04,BUY,0.001395495007191272,138.3816154207694,1.0,1.627342170073828e-06
748,2022-11-07,BUY,0.0013927659326693487,138.92116785225838,1.0,2.1189702159371933e-06
749,2022-11-08,BUY,0.0013932023036016261,139.4997682404188,1.0,2.04966445946129e-06
750,2022-11-09,BUY,0.0013942140704443773,134.87065035660507,1.0,2.172448087225181e-06
751,2022-11-10,BUY,0.0013868448402245548,146.87136975305145,1.0,1.8683321440394731e-06
752,2022-11-11,BUY,0.0014051128262408952,149.70209896296618,1.0,2.169789791929329e-06
753,2022-11-14,BUY,0.0014128879382191428,148.28297322475547,1.0,2.4458087786784406e-06
754,2022-11-15,BUY,0.0014119060710342524,150.04103249072492,1.0,2.2346418603034872e-06
755,2022-11-16,BUY,0.0014146337012732602,148.7909355787499,1.0,2.626550576923652e-06
756,2022-11-17,BUY,0.001413047084643182,150.72094408876436,1.0,2.3753412130555754e-06
757,2022-11-18,BUY,0.0014159550669852194,151.29156960976675,1.0,2.4764099863359703e-06
758,2022-11-21,BUY,0.0014174098923156464,148.01104594327225,1.0,2.737636906996568e-06
759,2022-11-22,BUY,21.94848443733938,150.18215247893787,1.6481353182250489,0.045796746894634144
760,2022-11-23,SELL,18.097279950811078,151.07429942752748,1.3670169450563112,0.03580624145263483
761,2022-11-25,BUY,17.437438842584676,148.11277374613792,1.2913537170019307,0.043533351416634704
762,2022-11-28,SELL,3.016404947893321,144.22129184159272,1.0,0.005223979588759574
763,2022-11-29,SELL,15.101240421237982,141.17104721351035,1.0659289622445791,0.023292994370242712
764,2022-11-30,SELL,2.4873585656392265,148.03074967380547,1.0,0.0034888387589497682
765,2022-12-01,SELL,0.42865370245796797,148.3123363624301,1.0,0.0007531561203389529
766,2022-12-02,SELL,0.07304586626814746,147.81165107698885,1.0,0.00013346045279903285
767,2022-12-05,BUY,21.597453489349306,146.63203443142706,1.583439271840706,0.03817231651822914
768,2022-12-06,SELL,3.6986721696653184,142.9122910419657,1.0,0.006570019525592199
769,2022-12-07,BUY,0.6158718666754028,140.9405417227145,1.0,0.0010395347332513803
770,2022-12-08,SELL,0.10249397980031993,142.65132475126617,1.0,0.00018549140472929847
771,2022-12-09,BUY,0.015900222699563926,142.16151717920354,1.0,2.5911734218834974e-05
772,2022-12-12,SELL,0.0038059948335300575,144.4934089595186,1.0,6.5513614351025635e-06
773,2022-12-13,SELL,0.0005253716426656396,145.47042056443334,1.0,7.887439688820723e-07
774,2022-12-14,SELL,0.0010781247632918323,143.21052334896922,1.0,1.702011607021927e-06
775,2022-12-15,SELL,0.0009871040268274456,136.50019550730676,1.0,1.3546392078603355e-06
776,2022-12-16,SELL,0.0010100526677616628,134.5120391127343,1.0,1.0735664201461453e-06
777,2022-12-19,SELL,0.0010087401675962226,132.37084571375019,1.0,1.4966850060454933e-06
778,2022-12-20,SELL,15.252259589727156,132.30106321154594,1.0089450800497002,0.02293137277454963
779,2022-12-21,SELL,2.35438596380435,135.45325051245706,1.0,0.0034402901657626887
780,2022-12-22,SELL,0.37110813836805967,132.2302444689817,1.0,0.0005561490138776704
781,2022-12-23,SELL,0.05611603779809293,131.8621642904972,1.0,9.262766996006414e-05
782,2022-12-27,SELL,0.0074704877922453505,130.03204580295238,1.0,1.1693511454360146e-05
783,2022-12-28,BUY,3.33826406926363e-05,126.04097580555337,1.0,4.551989129370509e-08
784,2022-12-29,BUY,0.0011722516006020811,129.61113333232024,1.0,1.7462224649870944e-06
785,2022-12-30,BUY,0.0013447018846015624,129.93180980626002,1.0,1.990649228894674e-06
786,2023-01-03,BUY,0.0013712970293884297,125.0716548018326,1.0,1.619756321707196e-06
787,2023-01-04,BUY,0.001367550847836796,126.36062489077142,1.0,1.8305372679828575e-06
788,2023-01-05,BUY,0.0013690616086723395,125.02229333714256,1.0,1.9022303888854572e-06
789,2023-01-06,BUY,0.0013671455863413229,129.62114365163418,1.0,1.8916934051117236e-06
790,2023-01-09,BUY,0.0013742053691689904,130.15139936281082,1.0,2.1257239865229524e-06
791,2023-01-10,BUY,0.0013761242161205445,130.73216181095856,1.0,2.2505946773461436e-06
792,2023-01-11,BUY,0.001377348687856994,133.49184636315417,1.0,2.2061209821179998e-06
793,2023-01-12,BUY,0.0013819726680726063,133.41291683118914,1.0,2.182252475221107e-06
794,2023-01-13,BUY,0.0013825658929444984,134.7616088517144,1.0,2.4504502274134885e-06
795,2023-01-17,BUY,0.0013848349676433003,135.9421090647265,1.0,2.3597113771097133e-06
796,2023-01-18,BUY,0.001387100286642351,135.21264194551975,1.0,2.246923708396714e-06
797,2023-01-19,BUY,0.0013862786056328957,135.2724799771728,1.0,2.4563654333685074e-06
798,2023-01-20,BUY,0.0013862457456230715,137.87212859283576,1.0,2.1338344158356817e-06
799,2023-01-23,BUY,0.0013904473601247247,141.11036770988437,1.0,2.1698884128034265e-06
800,2023-01-24,BUY,0.0013963796492006963,142.53088002403362,1.0,2.4417894721844723e-06
801,2023-01-25,BUY,0.0013996723438882697,141.8611831610001,1.0,2.447788033514653e-06
802,2023-01-26,BUY,0.0013991259756824803,143.96152900009426,1.0,2.7382834032531067e-06
803,2023-01-27,BUY,0.0014024658986109273,145.93297009760587,1.0,2.436542946357361e-06
804,2023-01-30,BUY,0.001406254733009149,143.00334845451255,1.0,2.513407891037484e-06
805,2023-01-31,BUY,0.0014020909733982734,144.29215165460943,1.0,2.4926139588522215e-06
806,2023-02-01,BUY,0.0014035053081684623,145.43010439511886,1.0,2.3160855526246663e-06
807,2023-02-02,BUY,0.0014056079209794348,150.82080056480987,1.0,1.9487563132309644e-06
808,2023-02-03,BUY,0.0014148100480984027,154.5009565137043,1.0,1.7593902247111373e-06
809,2023-02-06,BUY,20.759022013769297,151.73270539277806,1.5749112857287255,0.03768529080642857
810,2023-02-07,SELL,3.6787520972908254,154.65213959605262,1.0,0.006232616712271817
811,2023-02-08,BUY,0.6629637241821147,151.92196148332653,1.0,0.0012577892477218583
812,2023-02-09,SELL,0.11874035713613029,150.87201145314452,1.0,0.00023937540244204752
813,2023-02-10,BUY,0.01974508381443929,151.01268892255732,1.0,3.933860924869965e-05
814,2023-02-13,SELL,0.004648065313468841,153.85199552864074,1.0,9.067302517135528e-06
815,2023-02-14,SELL,0.00033255865697956466,153.2025105352499,1.0,6.48573771162019e-07
816,2023-02-15,SELL,0.001107865330778779,155.33274576513023,1.0,2.1235554132352967e-06
817,2023-02-16,SELL,0.0009664550067354227,153.7115046884269,1.0,1.7992547821782428e-06
818,2023-02-17,SELL,0.0009939254457131952,152.55204933028065,1.0,1.9715619548333336e-06
819,2023-02-21,SELL,0.0009903415833578677,148.4813594943307,1.0,1.9165250169007733e-06
820,2023-02-22,SELL,0.0009956857810546893,148.91180529303108,1.0,2.0759273005955288e-06
821,2023-02-23,SELL,0.0009942591720148997,149.40175905843608,1.0,2.135267056657094e-06
822,2023-02-24,SELL,0.000993938501290259,146.71071558449577,1.0,1.957888611497072e-06
823,2023-02-27,SELL,0.0009971167482278886,147.9230525367225,1.0,2.1987534014693836e-06
824,2023-02-28,SELL,0.0009951613086833788,147.4118179328442,1.0,2.063345687482922e-06
825,2023-03-01,SELL,0.0009960928640184719,145.31172929208793,1.0,1.9432576843323888e-06
826,2023-03-02,SELL,0.0009983745011563627,145.91178672186993,1.0,2.014703110339894e-06
827,2023-03-03,SELL,0.0009972881388158328,151.03269408850795,1.0,1.7909257492964634e-06
828,2023-03-06,SELL,0.000991511548907198,153.83249712566666,1.0,1.6300211570674974e-06
829,2023-03-07,SELL,0.0009892894203451519,151.60361873929205,1.0,2.000914049743642e-06
830,2023-03-08,SELL,0.000992262449981851,152.87147747686387,1.0,2.2077691504943957e-06
831,2023-03-09,SELL,0.0009902677337603194,150.59154369658117,1.0,2.0324536908406005e-06
832,2023-03-10,SELL,0.0009932592525210282,148.50141926335314,1.0,1.7812025436136066e-06
833,2023-03-13,SELL,0.0009951568079307194,150.47092849143593,1.0,1.6293757806038469e-06
834,2023-03-14,SELL,0.0009925399117651779,152.59224659203628,1.0,1.7642240867518628e-06
835,2023-03-15,SELL,0.0009905417455664534,152.9911941532927,1.0,1.7251069728261535e-06
836,2023-03-16,SELL,0.0009904363703236996,155.85179725184523,1.0,1.7676688772387925e-06
837,2023-03-17,SELL,0.0009871478291652025,155.0010794157878,1.0,1.5382128363002343e-06
838,2023-03-20,SELL,0.000988726433818421,157.40131666331496,1.0,1.8135034417665737e-06
839,2023-03-21,SELL,0.0009856704973101316,159.28211260752428,1.0,1.8258244919790724e-06
840,2023-03-22,SELL,0.000984067930287047,157.83159256870061,1.0,1.7850931938212747e-06
841,2023-03-23,SELL,0.0009860321787575899,158.93068342785082,1.0,1.9056773063827897e-06
842,2023-03-24,SELL,0.0009844051877418991,160.25303343212715,1.0,2.0493073210341263e-06
843,2023-03-27,SELL,0.0009831874777894711,158.28145302528128,1.0,2.1499832027711502e-06
844,2023-03-28,SELL,0.0009856780849295532,157.6523081143389,1.0,2.291327491387416e-06
845,2023-03-29,SELL,0.0009859418073689952,160.7713696251422,1.0,2.212947769129835e-06
846,2023-03-30,SELL,0.0009823034544416132,162.36231621048697,1.0,2.266807976304018e-06
847,2023-03-31,SELL,0.0009811619718638198,164.90337052104206,1.0,1.951323658104157e-06
848,2023-04-03,SELL,0.0009784679239661642,166.17123948461392,1.0,2.1540213756881124e-06
849,2023-04-04,SELL,0.000977538357720853,165.63309764084474,1.0,2.380048881519898e-06
850,2023-04-05,SELL,0.0009783327576000644,163.7612575744553,1.0,2.2322281742145597e-06
851,2023-04-06,SELL,0.0009803168894029213,164.6624155179786,1.0,2.395928454106559e-06
852,2023-04-10,SELL,0.0009789063408929266,162.03205648544622,1.0,2.296147446471152e-06
853,2023-04-11,SELL,0.0009821832268581687,160.80175725500746,1.0,2.2880837593245223e-06
854,2023-04-12,SELL,0.0009829740047466728,160.10170009251112,1.0,2.222643080750654e-06
855,2023-04-13,SELL,0.0009836288585356456,165.56195813566725,1.0,1.968401310802085e-06
856,2023-04-14,SELL,0.0009772368429503686,165.21180845576708,1.0,2.29736870619735e-06
857,2023-04-17,SELL,0.0009788716485648052,165.2312135284204,1.0,2.5101647061343896e-06
858,2023-04-18,SELL,0.0009785341889578802,166.47340946564802,1.0,2.3054959448838373e-06
859,2023-04-19,SELL,0.0009771803404108326,167.6310370835534,1.0,2.3712202571986093e-06
860,2023-04-20,SELL,0.0009761229275264682,166.65213933342315,1.0,2.246002654152573e-06
861,2023-04-21,SELL,0.000977445266560295,165.02172218433952,1.0,2.111808637842201e-06
862,2023-04-24,SELL,0.0009790483428382402,165.3322102804441,1.0,2.499142927690352e-06
863,2023-04-25,SELL,0.000978384680599298,163.77142317059898,1.0,2.295695970780688e-06
864,2023-04-26,SELL,0.0009802953533366576,163.76140366560307,1.0,2.3799186346668706e-06
865,2023-04-27,SELL,0.0009799415425053581,168.41149641420398,1.0,2.0485019072506152e-06
866,2023-04-28,SELL,0.0009746898220175382,169.68136471660813,1.0,2.2244724034917187e-06
867,2023-05-01,SELL,0.000974277426966097,169.59253619520837,1.0,2.280949647188699e-06
868,2023-05-02,SELL,0.0009744601382859486,168.5421288560737,1.0,2.360088999659733e-06
869,2023-05-03,SELL,0.0009756188324283599,167.45089018550144,1.0,2.024191769356311e-06
870,2023-05-04,SELL,0.0009766336526455532,165.7931058289397,1.0,1.796472620011548e-06
871,2023-05-05,SELL,0.0009783252629542716,173.57155838427647,1.0,1.5942243425455292e-06
872,2023-05-08,SELL,0.0009691145844490379,173.50154216075248,1.0,2.2476204463676963e-06
873,2023-05-09,SELL,0.0009710600329677632,171.77452940580451,1.0,2.4775390728317214e-06
874,2023-05-10,SELL,0.0009726236786615772,173.55714539837103,1.0,2.3030067965776294e-06
875,2023-05-11,SELL,0.0009702861866598411,173.75219312603826,1.0,2.395835550368394e-06
876,2023-05-12,SELL,0.0009705388414209537,172.57319180059434,1.0,2.482081436271932e-06
877,2023-05-15,SELL,0.0009718233440567658,172.07213435636962,1.0,2.739242822747781e-06
878,2023-05-16,SELL,0.0009721330026843944,172.0719673009256,1.0,2.5777155357524986e-06
879,2023-05-17,SELL,0.0009720709921623438,172.69192820833993,1.0,2.2051167511377654e-06
880,2023-05-18,SELL,0.0009713799552457658,175.0531648468936,1.0,2.101087658469359e-06
881,2023-05-19,SELL,0.0009688417830178153,175.1632936883758,1.0,2.2716226107344577e-06
882,2023-05-22,SELL,0.000969235897589904,174.20331567908343,1.0,2.5578843591263534e-06
883,2023-05-23,SELL,0.0009702414567387407,171.5643531972096,1.0,2.3366543691401085e-06
884,2023-05-24,SELL,0.0009730258648730228,171.84189204236984,1.0,2.488567428402052e-06
885,2023-05-25,SELL,0.0009721529775088555,172.99255968424913,1.0,2.246138007983043e-06
886,2023-05-26,SELL,0.0009710222612904218,175.4306207580291,1.0,2.300381672740272e-06
887,2023-05-30,SELL,0.0009684870253421352,177.302749468143,1.0,2.295342745846024e-06
888,2023-05-31,SELL,0.0009668896673327154,177.25172079344384,1.0,1.7170313915769786e-06
889,2023-06-01,SELL,0.0009672778721379061,180.09157547145873,1.0,2.0985731246629964e-06
890,2023-06-02,SELL,0.0009639909481018449,180.95211617100307,1.0,2.2153690013798092e-06
891,2023-06-05,SELL,0.000963713580994785,179.58164390586106,1.0,1.5671888195327454e-06
892,2023-06-06,SELL,0.0009653139257013166,179.2120540832536,1.0,2.148230377633544e-06
893,2023-06-07,SELL,0.0009653949130248307,177.82211385487352,1.0,2.1811396874995184e-06
894,2023-06-08,SELL,0.000966944355199395,180.57108157296312,1.0,2.4639241544606195e-06
895,2023-06-09,SELL,0.0009635198188986394,180.96249272796555,1.0,2.493381330531319e-06
896,2023-06-12,SELL,0.0009638014277699725,183.79277144613707,1.0,2.3938572720352654e-06
897,2023-06-13,SELL,0.0009605576383995285,183.31262482584944,1.0,2.3757929674790435e-06
898,2023-06-14,SELL,0.000961791976096471,183.9510785578955,1.0,2.3339097576910475e-06
899,2023-06-15,SELL,0.0009608110260863612,186.01271279484916,1.0,2.209409771426071e-06
900,2023-06-16,SELL,0.0009587093541814085,184.92185761325038,1.0,1.7618139009868747e-06
901,2023-06-20,SELL,0.0009603865307026282,185.01241499139263,1.0,2.5178512380213406e-06
902,2023-06-21,SELL,0.00095992296054348,183.96135308774376,1.0,2.5094893543339012e-06
903,2023-06-22,SELL,0.0009612008530304195,187.00254991580766,1.0,2.5108945615209075e-06
904,2023-06-23,SELL,0.000957514062242204,186.68274452079882,1.0,2.4525994503719435e-06
905,2023-06-26,SELL,0.0009586763329236803,185.2737155565901,1.0,2.561286815645972e-06
906,2023-06-27,SELL,0.0009599998942606547,188.06271067670207,1.0,2.534730145188637e-06
907,2023-06-28,SELL,0.0009565881610562599,189.2519596584667,1.0,2.529607239872413e-06
908,2023-06-29,SELL,0.0009560091584663866,189.5920284617692,1.0,2.662339857564388e-06
909,2023-06-30,SELL,0.0009557575599243862,193.97107467715472,1.0,2.008290489885257e-06
910,2023-07-03,SELL,0.00095092756789672,192.46239663994217,1.0,3.263011945654636e-06
911,2023-07-05,SELL,0.0009536959405345158,191.3330348995546,1.0,2.663871964777669e-06
912,2023-07-06,SELL,0.0009543312770485812,191.8122235847198,1.0,2.724025694582581e-06
913,2023-07-07,SELL,0.0009536555441078676,190.68343250617446,1.0,2.6576981330058533e-06
914,2023-07-10,SELL,0.0009550634631105837,188.61224263295244,1.0,2.327034173074964e-06
915,2023-07-11,SELL,0.0009570592069145789,188.0829981778923,1.0,2.635794069555161e-06
916,2023-07-12,SELL,0.0009572110738265138,189.77324247970384,1.0,2.33057505476208e-06
917,2023-07-13,SELL,0.0009552890671482572,190.54340120805944,1.0,2.8308994942073756e-06
918,2023-07-14,SELL,0.0009548560088141755,190.6936885051566,1.0,2.8225136055276894e-06
919,2023-07-17,SELL,0.0009547848170479156,193.99187647309807,1.0,2.6058570486427946e-06
920,2023-07-18,SELL,0.0009511246414231067,193.73270001304576,1.0,2.649835605746331e-06
921,2023-07-19,SELL,0.0009522412644606959,195.10289744947943,1.0,2.070561737007375e-06
922,2023-07-20,SELL,0.0009504656412886447,193.1322458000176,1.0,2.378104752189656e-06
923,2023-07-21,SELL,0.0009530565124533652,191.94175293648775,1.0,2.1565647994183196e-06
924,2023-07-24,SELL,0.0009537968700294996,192.75333386947713,1.0,2.7253440357978573e-06
925,2023-07-25,SELL,0.0009527273661671387,193.62414654144519,1.0,3.021095472450911e-06
926,2023-07-26,SELL,0.0009519995336599862,194.5033757351094,1.0,2.687443969931429e-06
927,2023-07-27,SELL,0.0009511869485319124,193.2213131188377,1.0,2.667779422137177e-06
928,2023-07-28,SELL,0.0009527949963734628,195.83383227354787,1.0,2.6850096550969447e-06
929,2023-07-31,SELL,0.0009495265563090882,196.45249372645435,1.0,2.993690651236654e-06
930,2023-08-01,SELL,0.0009495880000205403,195.6073522002253,1.0,3.1270874122640326e-06
931,2023-08-02,SELL,0.0009505107419354175,192.58272093168358,1.0,2.5786889001677023e-06
932,2023-08-03,SELL,0.0009536560803020677,191.17228317051894,1.0,2.310813869821653e-06
933,2023-08-04,SELL,0.0009545191352451354,181.9924756690015,1.0,1.6131912321314915e-06
934,2023-08-07,SELL,0.0009645551181343137,178.8525457854687,1.0,1.7464096446089324e-06
935,2023-08-08,SELL,0.0009659584499113194,179.80209525653007,1.0,2.108916653406832e-06
936,2023-08-09,SELL,0.0009645947461400795,178.19334548195144,1.0,2.2120230939251247e-06
937,2023-08-10,SELL,0.0009666924424145407,177.97255587650028,1.0,2.3264516507660505e-06
938,2023-08-11,SELL,0.000966505247931515,177.79305346438048,1.0,2.382090345921688e-06
939,2023-08-14,SELL,0.0009667466602527597,179.4634562013408,1.0,2.625201011059991e-06
940,2023-08-15,SELL,0.0009648114701574784,177.4527982468439,1.0,2.5921671236605504e-06
941,2023-08-16,SELL,0.0009674814120845809,176.572282280206,1.0,2.492713261515236e-06
942,2023-08-17,SELL,14.27199158039215,174.00315700651143,1.2416857958792924,0.030553263803045946
943,2023-08-18,SELL,2.8974893352266857,174.4918018671014,1.0,0.0064641950098232445
944,2023-08-21,SELL,0.5890258750422568,175.8429832940793,1.0,0.0015219726134593388
945,2023-08-22,SELL,0.1197411383553213,177.2332457517824,1.0,0.00032713130907470776
946,2023-08-23,SELL,0.023606077047226393,181.12129902031222,1.0,5.8882783351571994e-05
947,2023-08-24,SELL,0.0038236958591308934,176.38270737047517,1.0,9.098425584566898e-06
948,2023-08-25,BUY,0.00038004639064581625,178.61304491886295,1.0,9.46352116098599e-07
949,2023-08-28,BUY,0.00124658040885528,180.19276908946912,1.0,3.39321561915938e-06
950,2023-08-29,BUY,0.0014295533923949222,184.12317476117738,1.0,3.615336808778216e-06
951,2023-08-30,BUY,0.0014746000283576421,187.65172636744705,1.0,3.548296069117794e-06
952,2023-08-31,BUY,0.001490356002777915,187.8733420267352,1.0,3.591018027586645e-06
953,2023-09-01,BUY,0.001494192958089613,189.46329862304864,1.0,4.184576371225139e-06
954,2023-09-05,BUY,0.0014978077003693357,189.70406889314694,1.0,4.222531647813931e-06
955,2023-09-06,BUY,0.0014990281409037465,182.91085159272254,1.0,3.0323905058282074e-06
956,2023-09-07,BUY,0.001487411122591098,177.56158455973713,1.0,2.4901258403825538e-06
957,2023-09-08,BUY,0.0014756426575299741,178.18262512854753,1.0,3.2462535290884786e-06
958,2023-09-11,BUY,0.0014742731420955835,179.362343774905,1.0,3.443899118773386e-06
959,2023-09-12,BUY,0.0014760185530207082,176.30260343874255,1.0,2.737369178096535e-06
960,2023-09-13,BUY,0.001471112021947718,174.21243847216195,1.0,2.79183030816395e-06
961,2023-09-14,BUY,0.001466512818199206,175.74292587246836,1.0,3.3026658505754244e-06
962,2023-09-15,BUY,0.0014681975709116557,175.01203442350524,1.0,2.4582086036300057e-06
963,2023-09-18,BUY,0.0014672905364907507,177.972063507104,1.0,3.1841393352401912e-06
964,2023-09-19,BUY,0.0014721752478994432,179.0723843510832,1.0,3.6618816793361698e-06
965,2023-09-20,BUY,0.001475080998936562,175.49214451654194,1.0,3.386311914900554e-06
966,2023-09-21,BUY,0.001469523522374061,173.9326919044722,1.0,3.2163896639258635e-06
967,2023-09-22,BUY,0.0014657098861423634,174.79308310301408,1.0,3.401557143771925e-06
968,2023-09-25,BUY,0.0014664076844415064,176.0817277275348,1.0,3.799879319782442e-06
969,2023-09-26,BUY,0.0014687559622785784,171.96230686166885,1.0,3.142667315041584e-06
970,2023-09-27,BUY,0.0014621757428407989,170.4331247587115,1.0,3.0462422887059776e-06
971,2023-09-28,BUY,0.0014582447458515446,170.69119263564605,1.0,3.317439988859182e-06
972,2023-09-29,BUY,0.0014579019611851152,171.2130916708271,1.0,3.466079099665396e-06
973,2023-10-02,BUY,0.0014587218625781162,173.7515895764513,1.0,3.5091957667661878e-06
974,2023-10-03,BUY,0.0014632083470864643,172.40181076990976,1.0,3.5819917129910245e-06
975,2023-10-04,BUY,0.0014618128227912308,173.66191655011832,1.0,3.4863369675036084e-06
976,2023-10-05,BUY,0.0014636822568263597,174.91314537289654,1.0,3.6750833840351714e-06
977,2023-10-06,BUY,0.0014661991011486464,177.49174280311053,1.0,3.4388590892171254e-06
978,2023-10-09,BUY,0.0014711264037359228,178.99205972234714,1.0,4.044281933582585e-06
979,2023-10-10,BUY,0.0014747238084371617,178.39264832522488,1.0,3.979698775682794e-06
980,2023-10-11,BUY,0.0014744435775355669,179.80181072438248,1.0,3.84446266905542e-06
981,2023-10-12,BUY,0.0014768106385947277,180.712227930095,1.0,3.5428273491419057e-06
982,2023-10-13,BUY,0.00147887696529736,178.85178511983435,1.0,3.6872358361197874e-06
983,2023-10-16,BUY,0.0014761010828880927,178.72382722917274,1.0,3.6403461026668837e-06
984,2023-10-17,BUY,0.0014753010461152627,177.15326994968564,1.0,3.445116328092185e-06
985,2023-10-18,BUY,0.001472429354379301,175.84277554004134,1.0,3.498678704770965e-06
986,2023-10-19,BUY,0.0014695829827271467,175.46190741008508,1.0,3.3483703992439903e-06
987,2023-10-20,BUY,0.0014683453325012863,172.88201566794814,1.0,3.1670595376738856e-06
988,2023-10-23,BUY,0.0014636697480057137,173.00204317420244,1.0,3.384321843130637e-06
989,2023-10-24,BUY,0.0014629312375920023,173.44255400557583,1.0,3.833129222281564e-06
990,2023-10-25,BUY,0.0014635343708970794,171.10217117099492,1.0,3.3122120588904156e-06
991,2023-10-26,BUY,0.0014596580765697809,166.89327233065745,1.0,2.8987100396020778e-06
992,2023-10-27,BUY,0.0014517122323596254,168.22215310777432,1.0,3.192885510384279e-06
993,2023-10-30,BUY,0.0014524161903217703,170.29239678414135,1.0,3.4589024492597582e-06
994,2023-10-31,BUY,0.0014560644506573794,170.77205406877178,1.0,3.7130344467181273e-06
995,2023-11-01,BUY,0.0014576049692109905,173.97310196082398,1.0,3.360677898381051e-06
996,2023-11-02,BUY,0.0014633587186256847,177.57200293127997,1.0,2.9548334604405887e-06
997,2023-11-03,BUY,0.0014706749991226786,176.65226924352132,1.0,2.907703088683195e-06
998,2023-11-06,BUY,0.0014706125899106581,179.23230546347028,1.0,3.2988171316736233e-06
999,2023-11-07,BUY,0.0014750288808382805,181.8230781050066,1.0,3.1934308843689765e-06
1000,2023-11-08,BUY,0.001480413827463778,182.89128577409522,1.0,3.854509788492045e-06
1001,2023-11-09,BUY,0.0014834027978061215,182.4136957989052,1.0,3.6903426162950576e-06
1002,2023-11-10,BUY,0.0014832139202507477,186.4017320968984,1.0,3.3985356939336886e-06
1003,2023-11-13,BUY,0.0014900786460607662,184.80269242775282,1.0,4.1689880835618695e-06
1004,2023-11-14,BUY,0.0014887909556282608,187.4420664288211,1.0,3.5993798474386653e-06
1005,2023-11-15,BUY,21.37186453769501,188.01261644565662,2.009090085027091,0.05478613971198634
1006,2023-11-16,SELL,4.69292742449284,189.71176532847605,1.0,0.012069276081675668
1007,2023-11-17,BUY,1.0381195339029574,189.69173115528048,1.0,0.002759016026554539
1008,2023-11-20,SELL,0.23104305964654337,191.45238662623535,1.0,0.0006483964435879325
1009,2023-11-21,BUY,0.050468476806157625,190.64283424272546,1.0,0.00015580260423282715
1010,2023-11-22,SELL,0.012398846670323316,191.31278465926988,1.0,3.7679600687670275e-05
1011,2023-11-24,BUY,0.0016016579446294088,189.97362237369077,1.0,6.20456924017262e-06
1012,2023-11-27,SELL,0.001522529666043937,189.792654159641,1.0,4.537628615202025e-06
1013,2023-11-28,SELL,0.0008300196053232511,190.40238412749386,1.0,2.5497696161685986e-06
1014,2023-11-29,SELL,0.0009828561934153157,189.3740636297765,1.0,2.8379047191158667e-06
1015,2023-11-30,SELL,0.0009500658956023145,189.95234773247063,1.0,2.583493298561282e-06
1016,2023-12-01,SELL,0.000956673300986921,191.24215418815194,1.0,2.706199704506068e-06
1017,2023-12-04,SELL,0.0009537677737458949,189.434412264538,1.0,2.7428528584494347e-06
1018,2023-12-05,SELL,0.0009564291048134166,193.42271142362628,1.0,2.266340955827277e-06
1019,2023-12-06,SELL,0.0009513877453075636,192.32277384259385,1.0,2.854399887782246e-06
1020,2023-12-07,SELL,0.000953747617005618,194.27222853182704,1.0,2.6890151893483105e-06
1021,2023-12-08,SELL,0.0009510473906892969,195.7126847036189,1.0,2.5469399763373985e-06
1022,2023-12-11,SELL,0.000950060564593791,193.18238146806823,1.0,2.350979493889987e-06
1023,2023-12-12,SELL,0.0009530922347487092,194.71272103956736,1.0,2.5564113909156793e-06
1024,2023-12-13,SELL,0.0009507059351028246,197.9627966228127,1.0,2.2429798849279723e-06
1025,2023-12-14,SELL,0.0009476414071958317,198.11275527332737,1.0,2.2964675786984103e-06
1026,2023-12-15,SELL,0.0009481837013636252,197.57185046779153,1.0,1.652331857350194e-06
1027,2023-12-18,SELL,0.0009486569896806074,195.89270487136173,1.0,2.488811328318793e-06
1028,2023-12-19,SELL,0.0009504073280641734,196.94343588446242,1.0,2.9334069965571144e-06
1029,2023-12-20,SELL,0.0009488413404179497,194.83244878896997,1.0,2.5576175079211817e-06
1030,2023-12-21,SELL,0.0009515395332018173,194.68372017293066,1.0,2.7170969685862487e-06
1031,2023-12-22,SELL,0.0009510910711449938,193.60258686931883,1.0,3.020989686545814e-06
1032,2023-12-26,SELL,0.0009523933141153407,193.0537222588161,1.0,3.4189478682616586e-06
1033,2023-12-27,SELL,0.0009527092165857454,193.15351814595812,1.0,2.653626604397205e-06
1034,2023-12-28,SELL,0.0009525270384695972,193.5826078746617,1.0,3.1599361073284093e-06
1035,2023-12-29,SELL,0.0009520910005607064,192.53398173664297,1.0,2.806124619667452e-06
1036,2024-01-02,SELL,0.0009533549925686557,185.64195180440709,1.0,1.9486275046038008e-06
1037,2024-01-03,SELL,0.0009607409737473205,184.2530272098945,1.0,2.316088129561054e-06
1038,2024-01-04,SELL,0.0009606980726104553,181.91178952230723,1.0,2.0598042885544763e-06
1039,2024-01-05,SELL,0.0009633329073013286,181.1825866185901,1.0,2.2098655461523355e-06
1040,2024-01-08,SELL,0.000963593408147112,185.56284636832586,1.0,2.324995558614842e-06
1041,2024-01-09,SELL,0.0009586112157826676,185.1437584923842,1.0,2.7115089768898773e-06
1042,2024-01-10,SELL,0.0009601594028492144,186.1929138241857,1.0,2.6134255075099584e-06
1043,2024-01-11,SELL,0.0009586488725412678,185.59225545500834,1.0,2.5383229359614563e-06
1044,2024-01-12,SELL,0.0009596493651624627,185.92249916039884,1.0,2.8043315176275225e-06
1045,2024-01-16,SELL,0.0009590626579631945,183.63217924155174,1.0,2.1743448528442426e-06
1046,2024-01-17,SELL,0.000961754126360681,182.6818941170125,1.0,2.5541280313857858e-06
1047,2024-01-18,SELL,13.609293727197535,188.6318870975417,1.283573378913004,0.029065812027188397
1048,2024-01-19,SELL,2.995234534150101,191.56254840228897,1.0,0.006912214243926662
1049,2024-01-22,SELL,0.6686228451741112,193.89264597291427,1.0,0.0016717735022082113
1050,2024-01-23,SELL,0.15016783654665922,195.18284164405304,1.0,0.0004503565918911573
1051,2024-01-24,SELL,0.03304760927083805,194.50243988894806,1.0,8.777077790865312e-05
1052,2024-01-25,SELL,0.006336135073913951,194.17243715695528,1.0,1.661606598334388e-05
1053,2024-01-26,SELL,0.00026884164068974314,192.42325544303853,1.0,7.746567750116005e-07
1054,2024-01-29,BUY,0.001106951814268342,191.7330476713834,1.0,3.09099772147036e-06
1055,2024-01-30,BUY,0.0014150952678253503,188.04174302882248,1.0,3.560296135999075e-06
1056,2024-01-31,BUY,0.0014779655529579827,184.40198098812138,1.0,3.659346924201478e-06
1057,2024-02-01,BUY,0.0014854864848796723,186.86251030258455,1.0,3.4459738135139443e-06
1058,2024-02-02,BUY,0.001491372163501481,185.85300389502413,1.0,2.737032417547419e-06
1059,2024-02-05,BUY,0.0014908985304167288,187.68333825034784,1.0,3.352350166679652e-06
1060,2024-02-06,BUY,0.0014939812611451941,189.30362642795686,1.0,4.288436722397543e-06
1061,2024-02-07,BUY,0.0014974824140132625,189.41400743732078,1.0,3.880064134252075e-06
1062,2024-02-08,BUY,0.0014984490585021604,188.3228445951498,1.0,4.409073955696036e-06
1063,2024-02-09,BUY,0.0014967541323791522,188.85232956256928,1.0,4.206417658003344e-06
1064,2024-02-12,BUY,0.0014973066524657241,187.15342995846356,1.0,4.3351842681004375e-06
1065,2024-02-13,BUY,0.0014944590096330757,185.04207521985842,1.0,3.677994191245836e-06
1066,2024-02-14,BUY,0.0014901535340303695,184.1519220697608,1.0,3.712647732416765e-06
1067,2024-02-15,BUY,0.0014876750857641952,183.86234365729612,1.0,3.381365631932037e-06
1068,2024-02-16,BUY,0.0014866394105759184,182.31236965412683,1.0,3.842450843294617e-06
1069,2024-02-20,BUY,0.0014837272778915889,181.56173620843128,1.0,3.67726286228503e-06
1070,2024-02-21,BUY,0.0014818074086360156,182.32266135797335,1.0,4.192242706371293e-06
1071,2024-02-22,BUY,0.0014827167310986766,184.37201428200555,1.0,3.780321137609966e-06
1072,2024-02-23,BUY,0.0014864573551047755,182.52248908830168,1.0,4.03905141196889e-06
1073,2024-02-26,BUY,0.0014840531322111161,181.16321709333815,1.0,4.205562283947572e-06
1074,2024-02-27,BUY,0.0014811860792782738,182.63276923160373,1.0,3.6703472052287187e-06
1075,2024-02-28,BUY,0.0014831206832912613,181.42219441026185,1.0,3.845624556585044e-06
1076,2024-02-29,BUY,0.0014814372548386245,180.75099808000283,1.0,2.290359420673896e-06
1077,2024-03-01,BUY,0.001479920008820912,179.66242831069587,1.0,3.0999913814031618e-06
1078,2024-03-04,BUY,0.001477719293001556,175.10184081007225,1.0,2.865973237041284e-06
1079,2024-03-05,BUY,0.0014693907264469175,170.12324902304974,1.0,2.562904281003416e-06
1080,2024-03-06,BUY,0.0014591486681307941,169.1228439991564,1.0,2.9797061134135754e-06
1081,2024-03-07,BUY,0.0014554106683828394,169.00223024199093,1.0,2.903463262067575e-06
1082,2024-03-08,BUY,0.0014544677802632577,170.7323212194112,1.0,2.8434554664394013e-06
1083,2024-03-11,BUY,0.0014572192137585205,172.75308939809747,1.0,3.2461254881383385e-06
1084,2024-03-12,BUY,0.0014612050502194052,173.23134899880833,1.0,3.2725729401614876e-06
1085,2024-03-13,BUY,0.0014628246186880745,171.13160285677574,1.0,3.455282891704912e-06
1086,2024-03-14,BUY,0.0014595665725884999,173.00205880119324,1.0,2.9571006070546207e-06
1087,2024-03-15,BUY,0.0014621026189463038,172.6218123641688,1.0,2.2873377232019956e-06
1088,2024-03-18,BUY,0.0014619657856140833,173.72241623919393,1.0,2.9208897378555403e-06
1089,2024-03-19,BUY,0.0014638165152689453,176.08187473243623,1.0,3.4686937306354685e-06
1090,2024-03-20,BUY,0.0014682236058281006,178.67212239166676,1.0,3.5890417229553526e-06
1091,2024-03-21,BUY,0.00147356893883277,171.37103237003146,1.0,2.4506410325532574e-06
1092,2024-03-22,BUY,0.0014621248080963767,172.28168953828512,1.0,2.9860703075463312e-06
1093,2024-03-25,BUY,0.001461389736409302,170.85325165997418,1.0,3.3886770154538636e-06
1094,2024-03-26,BUY,0.0014588050778971962,169.71180912696892,1.0,3.2680700433459663e-06
1095,2024-03-27,BUY,0.0014563457968019833,173.31171944128053,1.0,3.2510562680223636e-06
1096,2024-03-28,BUY,0.001461978614914372,171.48200472808537,1.0,3.093583277255242e-06
1097,2024-04-01,BUY,0.0014599955724161617,170.03358030927015,1.0,3.6506365123122444e-06
1098,2024-04-02,BUY,0.0014571300455070713,168.8418837334544,1.0,3.5028298793870502e-06
1099,2024-04-03,BUY,0.0014545342402563222,169.65174215931958,1.0,3.5731769015412387e-06
1100,2024-04-04,BUY,0.0014553977054436729,168.82168902843944,1.0,3.352734200294208e-06
1101,2024-04-05,BUY,0.0014541584935106044,169.58156845596886,1.0,3.800298968595573e-06
1102,2024-04-08,BUY,0.0014552041724211762,168.4534059961054,1.0,4.006939199508392e-06
1103,2024-04-09,BUY,0.0014534947445241642,169.67198412198425,1.0,3.785052501834147e-06
1104,2024-04-10,BUY,0.0014552261874012373,167.7818779965807,1.0,3.4629834378723225e-06
1105,2024-04-11,BUY,0.0014523583196925927,175.04145225053307,1.0,2.663923883851274e-06
1106,2024-04-12,BUY,0.0014641044755343557,176.55146584183456,1.0,2.563544060708866e-06
1107,2024-04-15,BUY,0.0014690853770513712,172.692592342162,1.0,2.958544885115352e-06
1108,2024-04-16,BUY,0.0014634942517037786,169.38199299431056,1.0,2.8872630942973632e-06
1109,2024-04-17,BUY,0.001456711319129056,168.00188712938834,1.0,3.4301847852700425e-06
1110,2024-04-18,BUY,0.0014530233158769335,167.0425667673282,1.0,3.6960610291582296e-06
1111,2024-04-19,BUY,0.0014506728695131699,164.9331155095375,1.0,2.9064330420255855e-06
1112,2024-04-22,BUY,0.0014466423385748328,165.84277603441208,1.0,3.458634849640654e-06
1113,2024-04-23,BUY,0.0014474024932962237,166.90173331123813,1.0,3.4322254572669444e-06
1114,2024-04-24,BUY,0.0014493388809277974,169.02276295734654,1.0,3.5265656514145966e-06
1115,2024-04-25,BUY,0.00145330465822191,169.89280812372607,1.0,3.472395608799734e-06
1116,2024-04-26,BUY,0.0014555631660186918,169.3031754464245,1.0,3.680144302617414e-06
1117,2024-04-29,BUY,0.001455009212593339,173.50248563045804,1.0,3.0575346623242172e-06
1118,2024-04-30,BUY,0.001462032220160836,170.33157988844545,1.0,3.066828605013628e-06
1119,2024-05-01,BUY,0.00145804288606044,169.30303226775152,1.0,3.4776532081117506e-06
1120,2024-05-02,BUY,0.001455499046771891,173.03195707569225,1.0,2.59462107215599e-06
1121,2024-05-03,BUY,0.0014613319721465956,183.3812490720203,1.0,2.0975303871062286e-06
1122,2024-05-06,BUY,0.001480164706563869,181.7120160710935,1.0,3.0343196992462963e-06
1123,2024-05-07,BUY,0.0014813120039463001,182.4012797557978,1.0,3.073006842347185e-06
1124,2024-05-08,BUY,0.0014827472393807994,182.742528327417,1.0,4.036628025571076e-06
1125,2024-05-09,BUY,21.106432738741393,184.57304622973533,1.9478392928162573,0.0556614288428591
1126,2024-05-10,SELL,4.549854933776598,183.05171949650298,1.0,0.011689787599838576
1127,2024-05-13,BUY,0.9710619520982924,186.28317036798074,1.0,0.0021311503875453023
1128,2024-05-14,SELL,0.21233037598867277,187.4324133478158,1.0,0.0005498087248341854
1129,2024-05-15,BUY,0.04528998135486617,189.72275803654702,1.0,0.00010240710877774375
1130,2024-05-16,SELL,0.0111977551156075,189.8435116837286,1.0,2.9242726166894078e-05
1131,2024-05-17,BUY,0.0013142159802370657,189.87295276160984,1.0,3.883630101760219e-06
1132,2024-05-20,SELL,0.0014586310045503481,191.04278476889388,1.0,4.183767584077416e-06
1133,2024-05-21,SELL,0.0008420478960875499,192.35326298572215,1.0,2.490068202565296e-06
1134,2024-05-22,SELL,0.0009782651054077718,190.90268907190142,1.0,3.172624839789498e-06
1135,2024-05-23,SELL,0.0009493351782383641,186.88259886046527,1.0,2.4841170117553146e-06
1136,2024-05-24,SELL,0.0009602372155388395,189.98251604829986,1.0,3.026706775291569e-06
1137,2024-05-28,SELL,0.0009543841067234382,189.99202522945222,1.0,2.5077518779741347e-06
1138,2024-05-29,SELL,0.000955671581016837,190.29201467794337,1.0,2.496357905837958e-06
1139,2024-05-30,SELL,0.0009550513718696862,191.29246000579874,1.0,2.5849946365870987e-06
1140,2024-05-31,SELL,0.0009540737762394613,192.2521873104236,1.0,2.1157280015755595e-06
1141,2024-06-03,SELL,0.0009532232010309727,194.03267377508797,1.0,2.6135381434507266e-06
1142,2024-06-04,SELL,0.0009514328797326499,194.35282488798845,1.0,2.683777356758301e-06
1143,2024-06-05,SELL,0.0009514828168217804,195.87275747955536,1.0,2.5324603334689804e-06
1144,2024-06-06,SELL,0.0009497832922793492,194.4834715959475,1.0,2.8783794594065034e-06
1145,2024-06-07,SELL,0.0009517122177014059,196.89221240471704,1.0,2.5713723367244297e-06
1146,2024-06-10,SELL,0.0009485982542098981,193.12184183488853,1.0,1.8575373025192738e-06
1147,2024-06-11,SELL,0.0009534890373936733,207.15246035078232,1.0,1.5044144619150925e-06
1148,2024-06-12,SELL,0.0009367697436308831,213.07222561057696,1.0,1.4180018194586795e-06
1149,2024-06-13,SELL,0.0009343393253962162,214.24179301593287,1.0,2.0234653518028203e-06
1150,2024-06-14,SELL,0.0009336682004308372,212.49230344633577,1.0,2.3691967328927237e-06
1151,2024-06-17,SELL,0.0009357428270533319,216.67300885174967,1.0,2.0942159712030027e-06
1152,2024-06-18,SELL,0.0009306615045954203,214.29219207981257,1.0,2.2305005347398935e-06
1153,2024-06-20,SELL,0.0009345332442034504,209.68261417300099,1.0,2.1109030023635724e-06
1154,2024-06-21,SELL,0.0009385933928047763,207.49134031408633,1.0,1.2406107331398904e-06
1155,2024-06-24,SELL,0.0009400004723554289,208.1425129804998,1.0,2.1775824682561403e-06
1156,2024-06-25,SELL,0.0009389451276833327,209.07208477085683,1.0,2.606668869675405e-06
1157,2024-06-26,SELL,0.000938182673994703,213.2519308259006,1.0,2.458684488909882e-06
1158,2024-06-27,SELL,0.0009337910812394767,214.1021915496686,1.0,2.83379904431252e-06
1159,2024-06-28,SELL,0.0009339574852580412,210.62181944735613,1.0,2.1651416036876214e-06
1160,2024-07-01,SELL,0.0009377103571717171,216.7518218466424,1.0,2.6151516859260204e-06
1161,2024-07-02,SELL,0.0009300775843170683,220.272717529954,1.0,2.688978781567188e-06
1162,2024-07-03,SELL,0.0009281861565950678,221.55373910732035,1.0,3.3639278787472823e-06
1163,2024-07-05,SELL,0.000927284507242554,226.34307192497502,1.0,2.700297101391187e-06
1164,2024-07-08,SELL,0.0009223334563568386,227.8230810225872,1.0,2.7336206667395675e-06
1165,2024-07-09,SELL,0.0009220481283174209,228.68329239745918,1.0,3.038045331103984e-06
1166,2024-07-10,SELL,0.0009211981274450665,232.98334634133556,1.0,2.711997306544137e-06
1167,2024-07-11,SELL,0.0009168009673219402,227.5731093138177,1.0,2.593599047423508e-06
1168,2024-07-12,SELL,0.0009237870013718563,230.5423905788534,1.0,2.924072929282798e-06
1169,2024-07-15,SELL,0.0009187291311896217,234.40311987922695,1.0,2.7211334645118005e-06
1170,2024-07-16,SELL,0.0009159497987338838,234.82413751819712,1.0,3.2710990798006385e-06
1171,2024-07-17,SELL,0.0009162601397605386,228.8826887585708,1.0,2.769331081235498e-06
1172,2024-07-18,SELL,0.0009225299658082164,224.18268258783147,1.0,2.545021601537547e-06
1173,2024-07-19,SELL,0.0009259162343573379,224.31356025714294,1.0,2.962462448316789e-06
1174,2024-07-22,SELL,0.0009248885963915043,223.96341361995877,1.0,2.983516648531881e-06
1175,2024-07-23,SELL,0.0009255357226747307,225.01326280006373,1.0,3.2944299977280164e-06
1176,2024-07-24,SELL,0.000924232264458702,218.54281264741462,1.0,2.5697844598709244e-06
1177,2024-07-25,SELL,0.0009315555646800533,217.49355054965997,1.0,2.82621188558155e-06
1178,2024-07-26,SELL,0.0009308283017723795,217.96346886382284,1.0,3.1455230528512922e-06
1179,2024-07-29,SELL,0.0009305023357866204,218.24364896827976,1.0,3.3699861842719977e-06
1180,2024-07-30,SELL,0.0009302809386051436,218.80329323133796,1.0,3.154175560660589e-06
1181,2024-07-31,SELL,0.0009297295947821027,222.08302901603577,1.0,2.91892851962749e-06
1182,2024-08-01,SELL,0.0009263108862187508,218.3631926354295,1.0,2.5585107394899135e-06
1183,2024-08-02,SELL,0.0009312195063415629,219.86259497922947,1.0,1.9926539780029203e-06
1184,2024-08-05,SELL,0.0009283383542015855,209.27189475278726,1.0,1.7768100490993972e-06
1185,2024-08-06,SELL,0.00094055481258426,207.23263096550332,1.0,2.3353059833331708e-06
1186,2024-08-07,SELL,0.0009398094403341162,209.82245527409566,1.0,2.4742485552075676e-06
1187,2024-08-08,SELL,0.0009371485171314475,213.31261791041734,1.0,2.910894437535548e-06
1188,2024-08-09,SELL,0.0009339821317535524,216.2436576776401,1.0,3.1089273248785528e-06
1189,2024-08-12,SELL,0.0009315749498046699,217.5332366889871,1.0,3.2861252948134348e-06
1190,2024-08-13,SELL,0.0009307802228315509,221.27325284113616,1.0,3.0994023704867795e-06
1191,2024-08-14,SELL,0.0009269183664004643,221.72333396643373,1.0,3.172674207263711e-06
1192,2024-08-15,SELL,0.0009274288874250303,224.7227969308844,1.0,3.059122148929553e-06
1193,2024-08-16,SELL,0.0009240494581641556,226.05381596321774,1.0,3.136906103127781e-06
1194,2024-08-19,SELL,0.0009235002333438658,225.8936103996399,1.0,3.2704083132413426e-06
1195,2024-08-20,SELL,0.0009238178714898737,226.51454647458038,1.0,3.8015454156575776e-06
1196,2024-08-21,SELL,13.472035394811648,226.4040290856632,1.5250615466850104,0.05172921494386291
1197,2024-08-22,SELL,3.5587501940899253,224.533479162538,1.0,0.012088003503082945
1198,2024-08-23,SELL,0.9316056215745352,226.84380300559818,1.0,0.0033980068247656714
1199,2024-08-26,SELL,0.24552539458478861,227.18400834152982,1.0,0.0010083004146319437
1200,2024-08-27,SELL,0.0639462311562422,228.03357195251607,1.0,0.0002432485950793796
1201,2024-08-28,SELL,0.015854679523011228,226.49405905879792,1.0,5.821267422237902e-05
1202,2024-08-29,SELL,0.003024566909871851,229.79282225717316,1.0,9.646807352105743e-06
1203,2024-08-30,BUY,23.108169695066362,229.00304429557372,2.6459206041344583,0.0726943610790298
1204,2024-09-03,SELL,6.180466201447524,222.77336214733742,1.0,0.01943422762346445
1205,2024-09-04,BUY,1.606076737461959,220.8533362696927,1.0,0.0053570716764156714
1206,2024-09-05,SELL,0.41523145594205335,222.38403659944953,1.0,0.0015260009461200376
1207,2024-09-06,BUY,0.10662581771944613,220.8231080502064,1.0,0.00033835668154527654
1208,2024-09-09,SELL,0.02865287727337318,220.91282805133613,1.0,7.72260799764871e-05
1209,2024-09-10,BUY,0.0062216744930720935,220.11344096179087,1.0,1.9066048482428243e-05
1210,2024-09-11,SELL,0.0027659818100858047,222.66331014224988,1.0,9.223314187152392e-06
1211,2024-09-12,SELL,0.00044839549982711446,222.77385559607586,1.0,1.6312218252362506e-06
1212,2024-09-13,SELL,0.0010507334115379408,222.503292907562,1.0,3.8556266956351e-06
1213,2024-09-16,SELL,0.0008944256038470044,216.32286046674523,1.0,2.511328189603886e-06
1214,2024-09-17,SELL,0.0009414775028737665,216.7932981596691,1.0,3.0251811854782696e-06
1215,2024-09-18,SELL,0.000929078826128027,220.69250021347227,1.0,2.649351027858974e-06
1216,2024-09-19,SELL,0.0009279876947738686,228.87241301114722,1.0,2.5989796015305497e-06
1217,2024-09-20,SELL,0.0009194076833995979,228.20142046699496,1.0,1.1752945221454159e-06
1218,2024-09-23,SELL,0.0009224201717099589,226.47342111351423,1.0,2.8389441704185774e-06
1219,2024-09-24,SELL,0.0009234783505842614,227.37376496720734,1.0,3.1815310042855998e-06
1220,2024-09-25,SELL,0.0009222280157716867,226.37360351109308,1.0,3.209537851093604e-06
1221,2024-09-26,SELL,0.0009236366101275095,227.52340663990074,1.0,3.471857035649542e-06
1222,2024-09-27,SELL,0.0009220246667958065,227.79414706240004,1.0,3.6005796432874125e-06
1223,2024-09-30,SELL,0.0009221613920580296,233.00282993269738,1.0,2.9026734314047785e-06
1224,2024-10-01,SELL,0.0009165180138976936,226.21261471718037,1.0,2.60616442299531e-06
1225,2024-10-02,SELL,0.0009253177463488527,226.7839783727378,1.0,3.659534054503176e-06
1226,2024-10-03,SELL,0.0009223768628912055,225.67345257455634,1.0,3.567468411109427e-06
1227,2024-10-04,SELL,0.0009243511481935585,226.80377879892774,1.0,3.4305469469253097e-06
1228,2024-10-07,SELL,0.0009226113889857501,221.69337222046158,1.0,3.2541430005976055e-06
1229,2024-10-08,SELL,0.0009285759161485885,225.77380508725446,1.0,3.714409192095142e-06
1230,2024-10-09,SELL,0.0009226093058041229,229.54404521763794,1.0,3.653964445728595e-06
1231,2024-10-10,SELL,0.0009201212908287459,229.04430083347486,1.0,3.969708236505093e-06
1232,2024-10-11,SELL,0.0009213247417942938,227.5537515377355,1.0,3.720097628862941e-06
1233,2024-10-14,SELL,0.0009226060565383776,231.30361210149533,1.0,3.3791145467321063e-06
1234,2024-10-15,SELL,0.0009182271169576595,233.85245471901194,1.0,2.6684691096582365e-06
1235,2024-10-16,SELL,0.0009166774126629917,231.7839739512596,1.0,3.639388630013319e-06
1236,2024-10-17,SELL,0.0009193138869463269,232.15385747552847,1.0,3.715488625026371e-06
1237,2024-10-18,SELL,0.0009182035931178945,235.003523989704,1.0,3.1666551229047957e-06
1238,2024-10-21,SELL,0.0009154500541530552,236.48425344703708,1.0,3.5954138906857576e-06
1239,2024-10-22,SELL,0.0009146230609369255,235.8637478419958,1.0,3.4611465829876027e-06
1240,2024-10-23,SELL,0.0009155138575760446,230.76295451029506,1.0,2.9216503015827167e-06
1241,2024-10-24,SELL,0.0009207198905309966,230.57448114345743,1.0,3.8061372798357277e-06
1242,2024-10-25,SELL,0.0009195200654428248,231.4139065809663,1.0,3.4159770222057878e-06
1243,2024-10-28,SELL,0.000918941975965204,233.40344569950886,1.0,3.57035934017657e-06
1244,2024-10-29,SELL,0.000916963926560932,233.674081060097,1.0,3.60037801535078e-06
1245,2024-10-30,SELL,0.0009172131777797077,230.10366888063865,1.0,3.0761762636486187e-06
1246,2024-10-31,SELL,0.0009209680265120923,225.91292884625955,1.0,2.593212966541982e-06
1247,2024-11-01,SELL,0.0009244648319040039,222.9122825976124,1.0,2.550584920797013e-06
1248,2024-11-04,SELL,0.0009267808557709145,222.01285877322522,1.0,3.0690967825645055e-06
1249,2024-11-05,SELL,0.0009271512511128677,223.453924327875,1.0,3.907415785635305e-06
1250,2024-11-06,SELL,0.0009254955915816154,222.7231228541943,1.0,2.790564991930569e-06
1251,2024-11-07,SELL,0.0009267169993778523,227.48306405096255,1.0,3.2475372810076193e-06
1252,2024-11-08,SELL,0.000921250166531884,226.96393039162288,1.0,3.377261316038313e-06
1253,2024-11-11,SELL,0.0009232601669548757,224.23372586971536,1.0,3.1942192785157093e-06
1254,2024-11-12,SELL,0.0009256701302895465,224.23379402327828,1.0,3.26564478810402e-06
1255,2024-11-13,SELL,0.0009250392319195555,225.12347392480856,1.0,2.9881855883649554e-06
1256,2024-11-14,SELL,0.0009242436663248199,228.2230525604919,1.0,3.14702787343782e-06
1257,2024-11-15,SELL,0.000921108581843022,225.00336183445216,1.0,2.9937698531212996e-06
1258,2024-11-18,SELL,0.0009254057740877286,228.0238398360888,1.0,3.156604180061736e-06
1259,2024-11-19,SELL,0.0009210141823601248,228.2835070733096,1.0,3.4938860522706486e-06
1260,2024-11-20,SELL,13.200859595819402,229.00336553533123,1.5115206377010078,0.0509745324352316
1261,2024-11-21,SELL,3.5271523136111176,228.5234990296503,1.0,0.012421224032893507
1262,2024-11-22,SELL,0.9397520500461081,229.8741813914685,1.0,0.0034965948529426956
1263,2024-11-25,SELL,0.2510069556813388,232.87220725455586,1.0,0.0006156149470661655
1264,2024-11-26,SELL,0.06706664810690555,235.06362663117838,1.0,0.00023247268092510448
1265,2024-11-27,SELL,0.017235691712105705,234.93407647234073,1.0,6.99608293595522e-05
1266,2024-11-29,SELL,0.0035595127973255813,237.3340999061307,1.0,1.5829313376668562e-05
1267,2024-12-02,BUY,0.00018117843353238072,239.59358874677565,1.0,6.256557818358162e-07
1268,2024-12-03,BUY,0.0012180132055963355,242.65438906225592,1.0,4.741067141352624e-06
1269,2024-12-04,BUY,22.80717329795217,243.01353894866475,2.771225948275423,0.08319218164557599
1270,2024-12-05,SELL,6.473160337134684,243.04376547315294,1.0,0.02486452445854089
1271,2024-12-06,BUY,1.835363342728499,242.8437036631822,1.0,0.007340092581522378
1272,2024-12-09,SELL,0.5214582519490527,246.75369172961882,1.0,0.0019256161169094886
1273,2024-12-10,BUY,0.14903632945559409,247.77419736181866,1.0,0.0006077721305244756
1274,2024-12-11,SELL,0.04427411792269442,246.4933791899694,1.0,0.00016231235327736376
1275,2024-12-12,BUY,0.01157216394449101,247.96465930872478,1.0,5.011972242637519e-05
1276,2024-12-13,SELL,0.004517007465048017,248.13382331542758,1.0,1.9464928907358387e-05
1277,2024-12-16,BUY,0.0001410407321147389,251.04320181094656,1.0,4.924518213043589e-07
1278,2024-12-17,SELL,0.0012086722984747666,253.48392788745898,1.0,4.2751939396158695e-06
1279,2024-12-18,SELL,0.0008096914832309565,248.05371924127203,1.0,2.665535173195921e-06
1280,2024-12-19,SELL,0.0009328832209529736,249.79353942970783,1.0,2.986465649711011e-06
1281,2024-12-20,SELL,0.0008953168006389234,254.49259563972913,1.0,1.8761141869290816e-06
1282,2024-12-23,SELL,0.0009013597752023372,255.27435019727693,1.0,3.599613690934979e-06
1283,2024-12-24,SELL,0.0008987419752726211,258.2049303135236,1.0,4.814176031343601e-06
1284,2024-12-26,SELL,0.0008964474773831554,259.02543606681513,1.0,4.447052536225278e-06
1285,2024-12-27,SELL,0.0008962804431273952,255.59363465211862,1.0,3.519924082169143e-06
1286,2024-12-30,SELL,0.0008999215194807064,252.20421395618627,1.0,3.806131877798869e-06
1287,2024-12-31,SELL,0.0009023957859657372,250.4240151172087,1.0,3.5964464799518543e-06
1288,2025-01-02,SELL,0.0009035426081362985,243.8530799307567,1.0,2.951105523954173e-06
1289,2025-01-03,SELL,0.000910137994776683,243.36411231058594,1.0,3.4914494011466524e-06
1290,2025-01-06,SELL,0.0009087800546998537,245.00372748226187,1.0,3.317408577727327e-06
1291,2025-01-07,SELL,0.000907426435709624,242.21380217813143,1.0,3.438553706696517e-06
1292,2025-01-08,SELL,0.0009107688727265639,242.70350694822125,1.0,3.603430588234096e-06
1293,2025-01-10,SELL,0.0009093031697782195,236.853141248125,1.0,2.741583915025258e-06
1294,2025-01-13,SELL,0.0009159283927147044,234.40376301194084,1.0,3.0475064052688566e-06
1295,2025-01-14,SELL,0.0009167154718996429,233.28392025979375,1.0,3.405413950907217e-06
1296,2025-01-15,SELL,0.0009176984688350487,237.87401556444422,1.0,3.458790400064493e-06
1297,2025-01-16,SELL,0.000912513564188977,228.26238614208864,1.0,2.4588396670435003e-06
1298,2025-01-17,SELL,0.0009241917452120774,229.98235942392986,1.0,2.568284720408626e-06
1299,2025-01-21,SELL,0.0009192243933142663,222.64176726807264,1.0,2.066592074813651e-06
1300,2025-01-22,SELL,0.0009284347691442818,223.8326214717554,1.0,2.5950790301928494e-06
1301,2025-01-23,SELL,0.0009247503585800843,223.66252124942264,1.0,2.6649467787169064e-06
1302,2025-01-24,SELL,0.0009258966764820187,222.78268524875406,1.0,2.7890271009982126e-06
1303,2025-01-27,SELL,0.0009265483426830201,229.8628096490234,1.0,2.1866685182413672e-06
1304,2025-01-28,SELL,12.662341402971013,238.26241257820075,1.5084800057803565,0.03467327883675436
1305,2025-01-29,SELL,3.5200569609931875,239.36343165780133,1.0,0.012492855134835114
1306,2025-01-30,SELL,0.9824016610632249,237.59312338688483,1.0,0.0031286158975652864
1307,2025-01-31,SELL,0.271303665200918,236.00254016721814,1.0,0.0006368627810870223
1308,2025-02-03,SELL,0.07357551412224339,228.0130852963651,1.0,0.0001962629638832446
1309,2025-02-04,SELL,0.018416164732141027,232.8031454901824,1.0,6.386321735567666e-05
1310,2025-02-05,SELL,0.0038374444828424004,232.47400714866166,1.0,1.4164653242587812e-05
1311,2025-02-06,BUY,0.00012594886151262585,233.22440279705123,1.0,5.36958457788254e-07
1312,2025-02-07,BUY,0.001201629772939583,227.63361238066105,1.0,4.340756434159433e-06
1313,2025-02-10,BUY,0.001486643960969758,227.65395595229236,1.0,5.8810925853188385e-06
1314,2025-02-11,BUY,0.0015624148897757095,232.6231738446871,1.0,4.958862196956617e-06
1315,2025-02-12,BUY,0.0015916141839795728,236.87352154272034,1.0,5.604937343175907e-06
1316,2025-02-13,BUY,0.0016074402154302447,241.53329861597305,1.0,5.302327970343156e-06
1317,2025-02-14,BUY,0.001620560043228636,244.6038248537282,1.0,6.198405123145166e-06
1318,2025-02-18,BUY,0.0016300678487919384,244.47349877170367,1.0,5.703235264424639e-06
1319,2025-02-19,BUY,0.0016325346776504546,244.87431498432642,1.0,7.044361546387731e-06
1320,2025-02-20,BUY,0.0016340025149741422,245.83432434153366,1.0,7.065984941585108e-06
1321,2025-02-21,BUY,0.0016362532553326758,245.55336662394888,1.0,5.508649395809487e-06
1322,2025-02-24,BUY,0.0016363625081421418,247.17545007778335,1.0,5.64557793485743e-06
1323,2025-02-25,BUY,0.0016394923145099938,247.04356522240457,1.0,5.8451547318192195e-06
1324,2025-02-26,BUY,0.00164014297471482,240.36360584140004,1.0,5.914095440196433e-06
1325,2025-02-27,BUY,0.0016275411351287516,237.30369907908437,1.0,6.020403371883904e-06
1326,2025-02-28,BUY,0.001618191737232877,241.84320794170745,1.0,5.191064764510941e-06
1327,2025-03-03,BUY,0.0016241768629861042,238.0334652485306,1.0,5.6281764879013274e-06
1328,2025-03-04,BUY,0.0016186433986806747,235.93321662069786,1.0,5.206561858644057e-06
1329,2025-03-05,BUY,0.0016131374026535639,235.74343032401197,1.0,5.533583966910756e-06
1330,2025-03-06,BUY,0.0016112635900942252,235.33350146859334,1.0,5.641788856287322e-06
1331,2025-03-07,BUY,22.338279401936248,239.07351445997563,2.6702454818048906,0.0785069888826254
1332,2025-03-10,SELL,6.237285398539657,227.4826795530028,1.0,0.01671313681910831
1333,2025-03-11,BUY,1.6551413888785875,220.84253092158022,1.0,0.004189033059422704
1334,2025-03-12,SELL,0.42785998155316296,216.98274356239514,1.0,0.0011738605557802323
1335,2025-03-13,BUY,0.10720643551059528,209.68267660851595,1.0,0.000286949658251325
1336,2025-03-14,SELL,0.02740836203284669,213.49275367643742,1.0,7.547376071778832e-05
1337,2025-03-17,BUY,0.005663334096076333,214.00308646414732,1.0,1.7479677641810947e-05
1338,2025-03-18,SELL,12.485002135726148,212.69326511242815,1.3277379345916167,0.040764935638874455
1339,2025-03-19,SELL,3.0982930772199175,215.2429186489085,1.0,0.00904282970801219
1340,2025-03-20,SELL,0.7773148978094326,214.10306285783463,1.0,0.0023808050247342994
1341,2025-03-21,SELL,0.19310779105779297,218.27224975470185,1.0,0.00043444516089344943
1342,2025-03-24,SELL,0.04803612191106055,220.73331636279556,1.0,0.00015930520754945085
1343,2025-03-25,SELL,0.011210166647886766,223.75380972729627,1.0,4.270767787420775e-05
1344,2025-03-26,SELL,0.0017607192298108032,221.5337697934568,1.0,6.637547831797926e-06
1345,2025-03-27,BUY,0.0007120087506553574,223.85367536718925,1.0,2.616893600624534e-06
1346,2025-03-28,BUY,0.001353397303063275,217.90345313966694,1.0,4.673469912325012e-06
1347,2025-03-31,BUY,0.0015116000774337834,222.13274886165965,1.0,4.1551794975881484e-06
1348,2025-04-01,BUY,0.001559304514383797,223.19369869101357,1.0,5.767385594767555e-06
1349,2025-04-02,BUY,0.0015736056676640686,223.8937363862366,1.0,5.87959855853491e-06
1350,2025-04-03,BUY,0.0015786176539780428,203.19199803067124,1.0,3.1541264908177258e-06
1351,2025-04-04,BUY,0.0015417787671694327,188.38167881602473,1.0,2.5883629009215297e-06
1352,2025-04-07,BUY,0.0015063854844452607,181.4614324814477,1.0,2.157869259542757e-06
1353,2025-04-08,BUY,0.0014864333050468304,172.42156836542756,1.0,2.3312706060290044e-06
1354,2025-04-09,BUY,0.0014665211636497588,198.85146436716673,1.0,2.147525441367673e-06
1355,2025-04-10,BUY,0.0015077594533359218,190.4217248302964,1.0,2.600629184813242e-06
1356,2025-04-11,BUY,0.0015024950710849083,198.15211908875585,1.0,3.183920410852383e-06
1357,2025-04-14,BUY,0.0015148833802527406,202.52201163788163,1.0,3.0473967939569354e-06
1358,2025-04-15,BUY,0.0015254765783492275,202.1428210316121,1.0,4.303417651063686e-06
1359,2025-04-16,BUY,0.001527305694251524,194.27251362608285,1.0,3.8390754295478126e-06
1360,2025-04-17,BUY,0.0015137054572740283,196.9827273060767,1.0,4.128338091968364e-06
1361,2025-04-21,BUY,0.0015154101389533992,193.16282527714637,1.0,4.281453632964339e-06
1362,2025-04-22,BUY,0.0015090447214145541,199.74274425170768,1.0,4.14119855368912e-06
1363,2025-04-23,BUY,0.0015192003802582121,204.60281227708415,1.0,4.272412415648151e-06
1364,2025-04-24,BUY,0.0015301873093278573,208.373029382961,1.0,4.6355233619992145e-06
1365,2025-04-25,BUY,0.0015395459843414727,209.2833850848321,1.0,5.211493759920568e-06
1366,2025-04-28,BUY,0.001543458475767423,210.1433760719209,1.0,5.210826821130908e-06
1367,2025-04-29,BUY,0.0015459637971648732,211.2134803872841,1.0,5.380552741330968e-06
1368,2025-04-30,BUY,0.0015485095545155758,212.50293876148643,1.0,4.550700240184438e-06
1369,2025-05-01,BUY,0.001551468103873077,213.3228164725376,1.0,4.369667307525484e-06
1370,2025-05-02,BUY,0.0015536868838523787,205.352043201443,1.0,3.174495283059541e-06
1371,2025-05-05,BUY,0.0015397829671002228,198.89239403414678,1.0,3.686293001882296e-06
1372,2025-05-06,BUY,0.001524839083575813,198.5127738151597,1.0,4.229621766146112e-06
1373,2025-05-07,BUY,0.001520693760845404,196.25236915776907,1.0,3.6027634378785844e-06
1374,2025-05-08,BUY,0.0015157205626774584,197.492779651113,1.0,4.213174349046485e-06
1375,2025-05-09,BUY,0.001516775970776152,198.53328816806138,1.0,4.98741430336585e-06
1376,2025-05-12,BUY,0.001518861603081234,210.79263950201963,1.0,4.009038268876321e-06
1377,2025-05-13,BUY,0.0015410811311085126,212.93295538547144,1.0,4.554488785185217e-06
1378,2025-05-14,BUY,0.0015503989707408294,212.3330232508306,1.0,4.687244976022717e-06
1379,2025-05-15,BUY,0.001551629278106148,211.45315107875294,1.0,4.889306050695186e-06
1380,2025-05-16,BUY,0.00155034053419989,211.26285544242552,1.0,4.426908135369487e-06
1381,2025-05-19,BUY,0.0015496780314414593,208.78307360191405,1.0,4.763093363604928e-06
1382,2025-05-20,BUY,0.0015450287200309276,206.86317321317628,1.0,4.902705492114721e-06
1383,2025-05-21,BUY,0.0015404329041928122,202.09262627855523,1.0,4.045605902046453e-06
1384,2025-05-22,BUY,0.001530744668615469,201.36294521949318,1.0,4.508379037073442e-06
1385,2025-05-23,BUY,0.0015271552426785462,195.27220488701542,1.0,3.367204765096379e-06
1386,2025-05-27,BUY,0.001515453496448771,200.21266855417713,1.0,4.044069758179607e-06
1387,2025-05-28,BUY,0.0015215260187542157,200.42297647227832,1.0,4.528780015585951e-06
1388,2025-05-29,BUY,0.0015233188017393928,199.95278683231135,1.0,4.245234057186509e-06
1389,2025-05-30,BUY,0.0015229021386460317,200.8523866792245,1.0,3.634678895275047e-06
1390,2025-06-02,BUY,0.0015244041427653343,201.7033889208548,1.0,5.166084990565906e-06
1391,2025-06-03,BUY,0.0015262706638043966,203.2729846992646,1.0,4.555458927839721e-06
1392,2025-06-04,BUY,0.0015295066603577823,202.82307147997062,1.0,4.697849072232341e-06
1393,2025-06-05,BUY,0.0015294712262363674,200.63269986976601,1.0,4.129373121711562e-06
1394,2025-06-06,BUY,0.0015255521191672727,203.92298697108947,1.0,4.556780075454172e-06
1395,2025-06-09,BUY,20.58937642300343,201.45236001665404,2.073889235842648,0.04859127125483025
1396,2025-06-10,SELL,4.844288338676077,202.67274097182846,1.0,0.013278057865311367
1397,2025-06-11,BUY,1.144933062336981,198.78254532872506,1.0,0.002914231011840372
1398,2025-06-12,SELL,0.26684539475528357,199.20300631267975,1.0,0.0008022206937879963
1399,2025-06-13,BUY,0.06088425366893002,196.4527388644095,1.0,0.00016675371547330902
1400,2025-06-16,SELL,0.015129750788314134,198.42302514889036,1.0,4.576974880888815e-05
1401,2025-06-17,SELL,12.749290713532673,195.6431385406609,1.2471556246814173,0.040014167302407
1402,2025-06-18,SELL,2.9102532491510233,196.58291767428807,1.0,0.008491171076781002
1403,2025-06-20,SELL,0.6666749219287045,201.00204281012964,1.0,0.0013618902836912293
1404,2025-06-23,SELL,0.1552597366270927,201.50269713334455,1.0,0.00041875621272367494
1405,2025-06-24,SELL,0.03535318806467558,200.30272412310364,1.0,9.630643639405781e-05
1406,2025-06-25,SELL,0.007098990827056895,201.5632060065098,1.0,2.275941080455069e-05
1407,2025-06-26,SELL,0.0005030013456224225,201.00282012240328,1.0,1.4185253636689987e-06
1408,2025-06-27,BUY,0.001049316383829435,201.0823504295728,1.0,2.466344259776569e-06
1409,2025-06-30,BUY,0.001413647485961178,205.17214005937288,1.0,3.025289552295443e-06
1410,2025-07-01,BUY,0.0015059164559758642,207.82234128839696,1.0,3.525784725171454e-06
1411,2025-07-02,BUY,0.0015326742260057813,212.4425773163765,1.0,3.950186382506031e-06
1412,2025-07-03,BUY,0.001547431946383071,213.55361193336165,1.0,5.589221072008202e-06
1413,2025-07-07,BUY,0.0015530987030381027,209.95296236577917,1.0,4.600846449573691e-06
1414,2025-07-08,BUY,0.001547983410361553,210.01320826323365,1.0,4.966338261778028e-06
1415,2025-07-09,BUY,0.0015468385870214263,211.14302402952308,1.0,4.677685554607097e-06
1416,2025-07-10,BUY,0.0015485980188003623,212.4131861790143,1.0,4.9341105090988706e-06
1417,2025-07-11,BUY,0.0015513277992429408,211.16334854951967,1.0,5.194697957007919e-06
1418,2025-07-14,BUY,20.270770602744427,208.6233474624179,2.114478009393659,0.06785564277468882
1419,2025-07-15,SELL,4.9390975112182325,209.11321531415845,1.0,0.01588075015772976
1420,2025-07-16,BUY,1.204497008801396,210.16304962572494,1.0,0.0036732650636552857
1421,2025-07-17,SELL,0.29666866081692156,210.02302922819848,1.0,0.0008986770729493663
1422,2025-07-18,BUY,0.07156640150123827,211.18301763964436,1.0,0.00021596161037396993
1423,2025-07-21,SELL,0.018810058670636565,212.48296436619947,1.0,5.575990213343807e-05
1424,2025-07-22,BUY,0.003498304158978449,214.40314736227555,1.0,1.1010430538338196e-05
1425,2025-07-23,SELL,0.0020429002243353978,214.1531240543904,1.0,6.382131414950303e-06
1426,2025-07-24,SELL,0.0006566363354876259,213.7631509446286,1.0,2.0690247342489016e-06
1427,2025-07-25,SELL,0.0010034866614940796,213.88337043482832,1.0,3.3821863936607828e-06
1428,2025-07-28,SELL,0.0009167947956303379,214.05347885478892,1.0,3.1893959652257262e-06
1429,2025-07-29,SELL,0.0009382575004019955,211.27294650208563,1.0,2.7645776817837918e-06
1430,2025-07-30,SELL,0.0009359399672748125,209.05309873729482,1.0,2.9002320822941016e-06
1431,2025-07-31,SELL,0.0009389368513925689,207.57231063868383,1.0,2.1695438105085815e-06
1432,2025-08-01,SELL,0.000939828534035847,202.38198036686768,1.0,1.8612052901089208e-06
1433,2025-08-04,SELL,0.0009453067807605464,203.35234637447365,1.0,2.218043700154504e-06
1434,2025-08-05,SELL,0.0009429417594271072,202.92305375731704,1.0,2.8795152974003718e-06
1435,2025-08-06,SELL,0.0009439757080880185,213.25204742494526,1.0,1.9327194124593013e-06
1436,2025-08-07,SELL,0.000932348849372211,220.03231642825097,1.0,2.159719214439577e-06
1437,2025-08-08,SELL,0.0009278637839607029,229.35214943670482,1.0,1.9943844743241156e-06
1438,2025-08-11,SELL,0.0009189211708022782,227.1828897103448,1.0,2.6554160133128796e-06
1439,2025-08-12,SELL,0.0009236423443237385,229.65307784584303,1.0,2.8428287499172034e-06
1440,2025-08-13,SELL,0.0009197269225538207,233.33279124945406,1.0,2.5671872704522787e-06
1441,2025-08-14,SELL,0.0009168259161178582,232.78323067969217,1.0,2.961970868453407e-06
1442,2025-08-15,SELL,0.0009182042542539293,231.59309368394443,1.0,2.8406337590908605e-06
1443,2025-08-18,SELL,0.0009191053646206981,230.89377161556436,1.0,3.466512098503982e-06
1444,2025-08-19,SELL,0.0009196120598691238,230.56367300671153,1.0,3.3777412678967184e-06
1445,2025-08-20,SELL,0.0009198298503454438,226.0134765065348,1.0,3.197794485638952e-06
1446,2025-08-21,SELL,0.0009246570250516228,224.9040642274515,1.0,3.75801646443131e-06
1447,2025-08-22,SELL,0.0009245809370419522,227.76349459128906,1.0,3.2310324886261972e-06
1448,2025-08-25,SELL,0.0009215147292698234,227.16408102442801,1.0,3.760724120928593e-06
1449,2025-08-26,SELL,0.0009229747664045718,229.31310402847333,1.0,2.8649399550856347e-06
1450,2025-08-27,SELL,0.0009202721853718288,230.49412250303487,1.0,3.793824877096443e-06
1451,2025-08-28,SELL,0.0009197268961393945,232.56376891873816,1.0,3.466375932849693e-06
1452,2025-08-29,SELL,0.0009176515717763678,232.14369743272027,1.0,3.3929549473087343e-06
1453,2025-09-02,SELL,0.0009186649681822701,229.72346018647195,1.0,3.1787520951630635e-06
1454,2025-09-03,SELL,0.000920985795888285,238.4729258947696,1.0,2.6947075230556425e-06
1455,2025-09-04,SELL,0.0009109568491680875,239.78347728512568,1.0,3.16765670175146e-06
1456,2025-09-05,SELL,0.0009123550614997811,239.69323579399116,1.0,2.9521930258111034e-06
1457,2025-09-08,SELL,0.0009120597992868795,237.88339830322602,1.0,3.099455758240642e-06
1458,2025-09-09,SELL,0.0009140693193696592,234.35287781329015,1.0,2.6305208354049566e-06
1459,2025-09-10,SELL,0.0009172784640538723,226.79248275945997,1.0,2.2773817840655735e-06
1460,2025-09-11,SELL,0.0009244960278937953,230.03324635132975,1.0,3.0012389095016533e-06
1461,2025-09-12,SELL,0.0009190877860474345,234.07313281275896,1.0,2.879329942736601e-06
1462,2025-09-15,SELL,0.0009162056997977785,236.70362231939387,1.0,3.3187896751643716e-06
1463,2025-09-16,SELL,0.0009141798391185674,238.15299043043524,1.0,2.7337912141764235e-06
1464,2025-09-17,SELL,0.0009131929062737854,238.9935044173191,1.0,3.200209036405352e-06
1465,2025-09-18,SELL,0.0009125712856228319,237.8835760482756,1.0,3.2633989723048764e-06
1466,2025-09-19,SELL,0.0009139270949765077,245.50191854663763,1.0,1.7534117551021985e-06
1467,2025-09-22,SELL,0.0009054228667357833,256.0824929501111,1.0,2.257174036225634e-06
1468,2025-09-23,SELL,0.0008966770513634259,254.43327717048405,1.0,2.9385635664442123e-06
1469,2025-09-24,SELL,0.0009010177630166538,252.31387922737127,1.0,3.49525276829607e-06
1470,2025-09-25,SELL,0.0009019576977715715,256.87345728899936,1.0,3.1183284263909598e-06
1471,2025-09-26,SELL,0.0008968801133333315,255.46376343402602,1.0,3.3753491357727386e-06
1472,2025-09-29,SELL,0.000899878569573076,254.4340164859702,1.0,3.6143496495715976e-06
1473,2025-09-30,SELL,0.000900066103076469,254.6341468121757,1.0,3.7324050751639677e-06
1474,2025-10-01,SELL,0.0008998001300151159,255.45365998477314,1.0,3.293254774734508e-06
1475,2025-10-02,SELL,0.0008990183948789365,257.13393816461894,1.0,3.54048243449208e-06
1476,2025-10-03,SELL,0.0008974881244299127,258.02368016091225,1.0,3.302900714751359e-06
1477,2025-10-06,SELL,0.0008970152952523236,256.6938408696533,1.0,3.4453188260701273e-06
1478,2025-10-07,SELL,0.0008985502157035086,256.4845371049044,1.0,4.076816590505958e-06
1479,2025-10-08,SELL,0.0008983098199264461,258.0642716212063,1.0,3.837239276599693e-06
1480,2025-10-09,SELL,0.0008967252339235898,254.04410372219158,1.0,3.679911242208429e-06
1481,2025-10-10,SELL,0.000901410832523375,245.2731149547738,1.0,2.8078539759169884e-06
1482,2025-10-13,SELL,0.0009092505889150004,247.66401004064736,1.0,3.6461318201837485e-06
1483,2025-10-14,SELL,0.0009044682257721703,247.77415976926576,1.0,3.7623791274187354e-06
1484,2025-10-15,SELL,0.0009057345471363831,249.34428285168238,1.0,3.879126728989192e-06
1485,2025-10-16,SELL,0.0009037081892762089,247.45392348130355,1.0,3.5456821844984797e-06
1486,2025-10-17,SELL,0.0009062922059168699,252.29359875020438,1.0,3.2615192612799367e-06
1487,2025-10-20,SELL,0.0009004256398688071,262.242756864182,1.0,2.482351195112291e-06
1488,2025-10-21,SELL,0.0008916958283302634,262.77384535272466,1.0,3.4288849830569597e-06
1489,2025-10-22,SELL,0.0008938154380011554,258.45385209229374,1.0,3.4430595607635447e-06
1490,2025-10-23,SELL,0.0008976726777749633,259.58453557985143,1.0,4.071466110512624e-06
1491,2025-10-24,SELL,0.0008953241040705606,262.8242493410685,1.0,3.8045374850333228e-06
1492,2025-10-27,SELL,0.0008926497978709591,268.81401217213823,1.0,3.5814646482163043e-06
1493,2025-10-28,SELL,0.0008872288019370345,269.00417394221756,1.0,3.703241753042296e-06
1494,2025-10-29,SELL,0.0008887329458877602,269.7037733478505,1.0,3.3534985510193e-06
1495,2025-10-30,SELL,0.0008875348138239758,271.40324648269427,1.0,2.881366413663138e-06
1496,2025-10-31,SELL,0.0008861512815725447,270.3729126460038,1.0,2.581044989015662e-06
1497,2025-11-03,SELL,0.0008876554303425266,269.05379755935996,1.0,3.3709241879100407e-06
1498,2025-11-04,SELL,0.0008885475565554302,270.0438469404318,1.0,3.4181895208895945e-06
1499,2025-11-05,SELL,0.0008872404441309101,270.14408726041654,1.0,3.6263827472623014e-06
1500,2025-11-06,SELL,0.0008875486690334,269.77377000144486,1.0,3.3460597646549138e-06
1501,2025-11-07,SELL,0.0008878351452876743,268.47386588557896,1.0,3.4322690846367886e-06
1502,2025-11-10,SELL,0.0008890921565063437,269.4341918494369,1.0,3.7269404555969932e-06
1503,2025-11-11,SELL,0.0008877015126929066,275.25404918153276,1.0,3.594464571802895e-06
1504,2025-11-12,SELL,0.0008821080760146316,273.47393093682103,1.0,3.46751111611354e-06
1505,2025-11-13,SELL,0.0008857383546621023,272.9538755204127,1.0,3.4326970737967235e-06
1506,2025-11-14,SELL,0.0008851171505854794,272.41395539982784,1.0,3.5009922250232926e-06
1507,2025-11-17,SELL,0.0008858729478760097,267.46398624959136,1.0,3.5313106764836166e-06
1508,2025-11-18,SELL,0.0008907514412275219,267.44395709298726,1.0,3.5247862814766185e-06
1509,2025-11-19,SELL,0.0008892490977672196,268.5642239526654,1.0,3.7561460966919233e-06
1510,2025-11-20,SELL,0.0008885552266972851,266.2539331921657,1.0,3.4948584564156347e-06
1511,2025-11-21,SELL,0.0008911690990895949,271.49353357558346,1.0,3.149013369265177e-06
1512,2025-11-24,SELL,0.0008849059424624883,275.92340704825335,1.0,3.0149172456339964e-06
1513,2025-11-25,SELL,0.0008823148974475004,276.9740437144593,1.0,3.5678295084391445e-06
1514,2025-11-26,SELL,0.0008820673485265829,277.55480024938174,1.0,4.234143244409599e-06
1515,2025-11-28,SELL,0.0008815493977571975,278.8562142417659,1.0,5.478161086212041e-06
1516,2025-12-01,SELL,0.0008803779709776194,283.10414766939164,1.0,3.6515167632749495e-06
1517,2025-12-02,SELL,0.0008763936911284631,286.19390652448357,1.0,3.423653411638152e-06
1518,2025-12-03,SELL,0.0008745494352764283,284.1543063566645,1.0,3.7661217890624763e-06
1519,2025-12-04,SELL,0.0008772477951639601,280.70423223809036,1.0,3.712721533383372e-06
1520,2025-12-05,SELL,0.0008798857724903186,278.78405497238117,1.0,3.5679125060571205e-06
1521,2025-12-08,SELL,0.0008809936309077671,277.89449545845974,1.0,3.960470271056911e-06
1522,2025-12-09,SELL,0.0008815479341039989,277.18488516727183,1.0,4.306509116227915e-06
1523,2025-12-10,SELL,0.0008820983555155593,278.78485012184643,1.0,4.278284504811914e-06
1524,2025-12-11,SELL,0.0008802727585024428,278.03482179773033,1.0,4.244497189043017e-06
1525,2025-12-12,SELL,0.000881637587000661,278.28442591153635,1.0,3.902049967206236e-06
